SKU;model;brand;product;description;long_description;width;width_unit;depth;depth_unit;height;height_unit;weight;weight_unit;price;sale_price;currency;stock;stock_status;category;tags;EAN;tax_class;shipping_class;product_type;parent_SKU;attribute_1_name;attribute_1_value;attribute_2_name;attribute_2_value;attribute_3_name;attribute_3_value;attribute_4_name;attribute_4_value;attribute_5_name;attribute_5_value;attribute_6_name;attribute_6_value;status;video_url;image;image_2;image_3;datasheet_url;manual_url;technicalmanual_url;drawing_url;catalogue_url;photo_url;card_url;brandcatalogue_url;price_url
CKNITV6BUCKETSKIT;6BUCKETSKIT;ITV;6 ice tickets kits;6 ice tickets kits;6 ice tickets kits;176;mm;420;mm;385;mm;8;Kg;784;;EUR;;;cold>ice maker;ITV, icemaker, bar;;;;simple;;;;;;;;;;;;;;active;https://raw.githubusercontent.com/cooknation/itv/refs/heads/main/itv_video_6BUCKETSKIT.mp4;https://raw.githubusercontent.com/cooknation/itv/refs/heads/main/itv_image_6BUCKETSKIT.jpg;https://raw.githubusercontent.com/cooknation/itv/refs/heads/main/itv_image_2_6BUCKETSKIT.jpg;https://raw.githubusercontent.com/cooknation/itv/refs/heads/main/itv_image_3_6BUCKETSKIT.jpg;https://raw.githubusercontent.com/cooknation/itv/refs/heads/main/itv_datasheet_6BUCKETSKIT.pdf;https://raw.githubusercontent.com/cooknation/itv/refs/heads/main/itv_manual_6BUCKETSKIT.pdf;https://raw.githubusercontent.com/cooknation/itv/refs/heads/main/itv_technicalmanual_6BUCKETSKIT.pdf;https://raw.githubusercontent.com/cooknation/itv/refs/heads/main/itv_drawing_6BUCKETSKIT.pdf;https://raw.githubusercontent.com/cooknation/itv/refs/heads/main/itv_catalogue_6BUCKETSKIT.pdf;https://raw.githubusercontent.com/cooknation/itv/refs/heads/main/itv_photo_6BUCKETSKIT.jpg;https://raw.githubusercontent.com/cooknation/itv/refs/heads/main/itv_card_6BUCKETSKIT.pdf;https://raw.githubusercontent.com/cooknation/itv/refs/heads/main/itv_brandcatalogue.pdf;https://raw.githubusercontent.com/cooknation/itv/refs/heads/main/itv_price.pdf
CKNITVBIN_S_130;BIN_S_130;ITV;IceBin;Ice Bin;Ice storage BINS are an indispensable element to cover large demands for ice. A suitable storage depot avoids space problems, saves work and money and guarantees an abundant stock. The ice storage BINS make the ice removal process easier, avoiding spills, and the ice transfer is three times faster, which saves work and time. We have a wide range of tanks to adapt to any ITV ice machine and respond to all needs.;762;mm;819;mm;740;mm;52;Kg;2105;;EUR;;;cold>ice maker;ITV, icemaker, bar, bin;;;;simple;;;;;;Storage ( Kg);160;;;;;;;active;https://raw.githubusercontent.com/cooknation/itv/refs/heads/main/itv_video_BIN_S_130.mp4;https://raw.githubusercontent.com/cooknation/itv/refs/heads/main/itv_image_BIN_S_130.jpg;https://raw.githubusercontent.com/cooknation/itv/refs/heads/main/itv_image_2_BIN_S_130.jpg;https://raw.githubusercontent.com/cooknation/itv/refs/heads/main/itv_image_3_BIN_S_130.jpg;https://raw.githubusercontent.com/cooknation/itv/refs/heads/main/itv_datasheet_BIN_S_130.pdf;https://raw.githubusercontent.com/cooknation/itv/refs/heads/main/itv_manual_BIN_S_130.pdf;https://raw.githubusercontent.com/cooknation/itv/refs/heads/main/itv_technicalmanual_BIN_S_130.pdf;https://raw.githubusercontent.com/cooknation/itv/refs/heads/main/itv_drawing_BIN_S_130.pdf;https://raw.githubusercontent.com/cooknation/itv/refs/heads/main/itv_catalogue_BIN_S_130.pdf;https://raw.githubusercontent.com/cooknation/itv/refs/heads/main/itv_photo_BIN_S_130.jpg;https://raw.githubusercontent.com/cooknation/itv/refs/heads/main/itv_card_BIN_S_130.pdf;https://raw.githubusercontent.com/cooknation/itv/refs/heads/main/itv_brandcatalogue.pdf;https://raw.githubusercontent.com/cooknation/itv/refs/heads/main/itv_price.pdf
CKNITVBIN_S_160;BIN_S_160;ITV;IceBin;Ice Bin;Ice storage BINS are an indispensable element to cover large demands for ice. A suitable storage depot avoids space problems, saves work and money and guarantees an abundant stock. The ice storage BINS make the ice removal process easier, avoiding spills, and the ice transfer is three times faster, which saves work and time. We have a wide range of tanks to adapt to any ITV ice machine and respond to all needs.;559;mm;872;mm;1122;mm;54;Kg;2201;;EUR;;;cold>ice maker;ITV, icemaker, bar, bin;;;;simple;;;;;;Storage ( Kg);181;;;;;;;active;https://raw.githubusercontent.com/cooknation/itv/refs/heads/main/itv_video_BIN_S_160.mp4;https://raw.githubusercontent.com/cooknation/itv/refs/heads/main/itv_image_BIN_S_160.jpg;https://raw.githubusercontent.com/cooknation/itv/refs/heads/main/itv_image_2_BIN_S_160.jpg;https://raw.githubusercontent.com/cooknation/itv/refs/heads/main/itv_image_3_BIN_S_160.jpg;https://raw.githubusercontent.com/cooknation/itv/refs/heads/main/itv_datasheet_BIN_S_160.pdf;https://raw.githubusercontent.com/cooknation/itv/refs/heads/main/itv_manual_BIN_S_160.pdf;https://raw.githubusercontent.com/cooknation/itv/refs/heads/main/itv_technicalmanual_BIN_S_160.pdf;https://raw.githubusercontent.com/cooknation/itv/refs/heads/main/itv_drawing_BIN_S_160.pdf;https://raw.githubusercontent.com/cooknation/itv/refs/heads/main/itv_catalogue_BIN_S_160.pdf;https://raw.githubusercontent.com/cooknation/itv/refs/heads/main/itv_photo_BIN_S_160.jpg;https://raw.githubusercontent.com/cooknation/itv/refs/heads/main/itv_card_BIN_S_160.pdf;https://raw.githubusercontent.com/cooknation/itv/refs/heads/main/itv_brandcatalogue.pdf;https://raw.githubusercontent.com/cooknation/itv/refs/heads/main/itv_price.pdf
CKNITVBIN_S_220;BIN_S_220;ITV;IceBin;Ice Bin;Ice storage BINS are an indispensable element to cover large demands for ice. A suitable storage depot avoids space problems, saves work and money and guarantees an abundant stock. The ice storage BINS make the ice removal process easier, avoiding spills, and the ice transfer is three times faster, which saves work and time. We have a wide range of tanks to adapt to any ITV ice machine and respond to all needs.;762;mm;819;mm;1071;mm;56;Kg;2390;;EUR;;;cold>ice maker;ITV, icemaker, bar, bin;;;;simple;;;;;;Storage ( Kg);230;;;;;;;active;https://raw.githubusercontent.com/cooknation/itv/refs/heads/main/itv_video_BIN_S_220.mp4;https://raw.githubusercontent.com/cooknation/itv/refs/heads/main/itv_image_BIN_S_220.jpg;https://raw.githubusercontent.com/cooknation/itv/refs/heads/main/itv_image_2_BIN_S_220.jpg;https://raw.githubusercontent.com/cooknation/itv/refs/heads/main/itv_image_3_BIN_S_220.jpg;https://raw.githubusercontent.com/cooknation/itv/refs/heads/main/itv_datasheet_BIN_S_220.pdf;https://raw.githubusercontent.com/cooknation/itv/refs/heads/main/itv_manual_BIN_S_220.pdf;https://raw.githubusercontent.com/cooknation/itv/refs/heads/main/itv_technicalmanual_BIN_S_220.pdf;https://raw.githubusercontent.com/cooknation/itv/refs/heads/main/itv_drawing_BIN_S_220.pdf;https://raw.githubusercontent.com/cooknation/itv/refs/heads/main/itv_catalogue_BIN_S_220.pdf;https://raw.githubusercontent.com/cooknation/itv/refs/heads/main/itv_photo_BIN_S_220.jpg;https://raw.githubusercontent.com/cooknation/itv/refs/heads/main/itv_card_BIN_S_220.pdf;https://raw.githubusercontent.com/cooknation/itv/refs/heads/main/itv_brandcatalogue.pdf;https://raw.githubusercontent.com/cooknation/itv/refs/heads/main/itv_price.pdf
CKNITVBIN_S_350;BIN_S_350;ITV;IceBin;Ice Bin;Ice storage BINS are an indispensable element to cover large demands for ice. A suitable storage depot avoids space problems, saves work and money and guarantees an abundant stock. The ice storage BINS make the ice removal process easier, avoiding spills, and the ice transfer is three times faster, which saves work and time. We have a wide range of tanks to adapt to any ITV ice machine and respond to all needs.;1067;mm;819;mm;1071;mm;69;Kg;3258;;EUR;;;cold>ice maker;ITV, icemaker, bar, bin;;;;simple;;;;;;Storage ( Kg);340;;;;;;;active;https://raw.githubusercontent.com/cooknation/itv/refs/heads/main/itv_video_BIN_S_350.mp4;https://raw.githubusercontent.com/cooknation/itv/refs/heads/main/itv_image_BIN_S_350.jpg;https://raw.githubusercontent.com/cooknation/itv/refs/heads/main/itv_image_2_BIN_S_350.jpg;https://raw.githubusercontent.com/cooknation/itv/refs/heads/main/itv_image_3_BIN_S_350.jpg;https://raw.githubusercontent.com/cooknation/itv/refs/heads/main/itv_datasheet_BIN_S_350.pdf;https://raw.githubusercontent.com/cooknation/itv/refs/heads/main/itv_manual_BIN_S_350.pdf;https://raw.githubusercontent.com/cooknation/itv/refs/heads/main/itv_technicalmanual_BIN_S_350.pdf;https://raw.githubusercontent.com/cooknation/itv/refs/heads/main/itv_drawing_BIN_S_350.pdf;https://raw.githubusercontent.com/cooknation/itv/refs/heads/main/itv_catalogue_BIN_S_350.pdf;https://raw.githubusercontent.com/cooknation/itv/refs/heads/main/itv_photo_BIN_S_350.jpg;https://raw.githubusercontent.com/cooknation/itv/refs/heads/main/itv_card_BIN_S_350.pdf;https://raw.githubusercontent.com/cooknation/itv/refs/heads/main/itv_brandcatalogue.pdf;https://raw.githubusercontent.com/cooknation/itv/refs/heads/main/itv_price.pdf
CKNITVBIN_S_400;BIN_S_400;ITV;IceBin;Ice Bin;Ice storage BINS are an indispensable element to cover large demands for ice. A suitable storage depot avoids space problems, saves work and money and guarantees an abundant stock. The ice storage BINS make the ice removal process easier, avoiding spills, and the ice transfer is three times faster, which saves work and time. We have a wide range of tanks to adapt to any ITV ice machine and respond to all needs.;1219;mm;819;mm;1071;mm;75;Kg;3422;;EUR;;;cold>ice maker;ITV, icemaker, bar, bin;;;;simple;;;;;;Storage ( Kg);390;;;;;;;active;https://raw.githubusercontent.com/cooknation/itv/refs/heads/main/itv_video_BIN_S_400.mp4;https://raw.githubusercontent.com/cooknation/itv/refs/heads/main/itv_image_BIN_S_400.jpg;https://raw.githubusercontent.com/cooknation/itv/refs/heads/main/itv_image_2_BIN_S_400.jpg;https://raw.githubusercontent.com/cooknation/itv/refs/heads/main/itv_image_3_BIN_S_400.jpg;https://raw.githubusercontent.com/cooknation/itv/refs/heads/main/itv_datasheet_BIN_S_400.pdf;https://raw.githubusercontent.com/cooknation/itv/refs/heads/main/itv_manual_BIN_S_400.pdf;https://raw.githubusercontent.com/cooknation/itv/refs/heads/main/itv_technicalmanual_BIN_S_400.pdf;https://raw.githubusercontent.com/cooknation/itv/refs/heads/main/itv_drawing_BIN_S_400.pdf;https://raw.githubusercontent.com/cooknation/itv/refs/heads/main/itv_catalogue_BIN_S_400.pdf;https://raw.githubusercontent.com/cooknation/itv/refs/heads/main/itv_photo_BIN_S_400.jpg;https://raw.githubusercontent.com/cooknation/itv/refs/heads/main/itv_card_BIN_S_400.pdf;https://raw.githubusercontent.com/cooknation/itv/refs/heads/main/itv_brandcatalogue.pdf;https://raw.githubusercontent.com/cooknation/itv/refs/heads/main/itv_price.pdf
CKNITVBIN_S_500;BIN_S_500;ITV;IceBin;Ice Bin;Ice storage BINS are an indispensable element to cover large demands for ice. A suitable storage depot avoids space problems, saves work and money and guarantees an abundant stock. The ice storage BINS make the ice removal process easier, avoiding spills, and the ice transfer is three times faster, which saves work and time. We have a wide range of tanks to adapt to any ITV ice machine and respond to all needs.;1321;mm;872;mm;1122;mm;94;Kg;3992;;EUR;;;cold>ice maker;ITV, icemaker, bar, bin;;;;simple;;;;;;Storage ( Kg);500;;;;;;;active;https://raw.githubusercontent.com/cooknation/itv/refs/heads/main/itv_video_BIN_S_500.mp4;https://raw.githubusercontent.com/cooknation/itv/refs/heads/main/itv_image_BIN_S_500.jpg;https://raw.githubusercontent.com/cooknation/itv/refs/heads/main/itv_image_2_BIN_S_500.jpg;https://raw.githubusercontent.com/cooknation/itv/refs/heads/main/itv_image_3_BIN_S_500.jpg;https://raw.githubusercontent.com/cooknation/itv/refs/heads/main/itv_datasheet_BIN_S_500.pdf;https://raw.githubusercontent.com/cooknation/itv/refs/heads/main/itv_manual_BIN_S_500.pdf;https://raw.githubusercontent.com/cooknation/itv/refs/heads/main/itv_technicalmanual_BIN_S_500.pdf;https://raw.githubusercontent.com/cooknation/itv/refs/heads/main/itv_drawing_BIN_S_500.pdf;https://raw.githubusercontent.com/cooknation/itv/refs/heads/main/itv_catalogue_BIN_S_500.pdf;https://raw.githubusercontent.com/cooknation/itv/refs/heads/main/itv_photo_BIN_S_500.jpg;https://raw.githubusercontent.com/cooknation/itv/refs/heads/main/itv_card_BIN_S_500.pdf;https://raw.githubusercontent.com/cooknation/itv/refs/heads/main/itv_brandcatalogue.pdf;https://raw.githubusercontent.com/cooknation/itv/refs/heads/main/itv_price.pdf
CKNITVBIN_S_80;BIN_S_80;ITV;IceBin;Ice Bin;Ice storage BINS are an indispensable element to cover large demands for ice. A suitable storage depot avoids space problems, saves work and money and guarantees an abundant stock. The ice storage BINS make the ice removal process easier, avoiding spills, and the ice transfer is three times faster, which saves work and time. We have a wide range of tanks to adapt to any ITV ice machine and respond to all needs.;685;mm;555;mm;870;mm;50;Kg;1225;;EUR;;;cold>ice maker;ITV, icemaker, bar, bin;;;;simple;;;;;;Storage ( Kg);80;;;;;;;active;https://raw.githubusercontent.com/cooknation/itv/refs/heads/main/itv_video_BIN_S_80.mp4;https://raw.githubusercontent.com/cooknation/itv/refs/heads/main/itv_image_BIN_S_80.jpg;https://raw.githubusercontent.com/cooknation/itv/refs/heads/main/itv_image_2_BIN_S_80.jpg;https://raw.githubusercontent.com/cooknation/itv/refs/heads/main/itv_image_3_BIN_S_80.jpg;https://raw.githubusercontent.com/cooknation/itv/refs/heads/main/itv_datasheet_BIN_S_80.pdf;https://raw.githubusercontent.com/cooknation/itv/refs/heads/main/itv_manual_BIN_S_80.pdf;https://raw.githubusercontent.com/cooknation/itv/refs/heads/main/itv_technicalmanual_BIN_S_80.pdf;https://raw.githubusercontent.com/cooknation/itv/refs/heads/main/itv_drawing_BIN_S_80.pdf;https://raw.githubusercontent.com/cooknation/itv/refs/heads/main/itv_catalogue_BIN_S_80.pdf;https://raw.githubusercontent.com/cooknation/itv/refs/heads/main/itv_photo_BIN_S_80.jpg;https://raw.githubusercontent.com/cooknation/itv/refs/heads/main/itv_card_BIN_S_80.pdf;https://raw.githubusercontent.com/cooknation/itv/refs/heads/main/itv_brandcatalogue.pdf;https://raw.githubusercontent.com/cooknation/itv/refs/heads/main/itv_price.pdf
CKNITVBIN_SCD_400;BIN_SCD_400;ITV;IceBin;Ice Bin;BINS WITH CARTS allow large quantities of ice to be stored and transported safely, conveniently and hygienically. They have carts that eliminate the need to handle the ice for transport, as it falls directly onto the carts. This makes it easier to move the ice and avoids the need to lift heavy ice buckets. In addition, thanks to the baskets, the ice can be removed and deposited much more quickly and effortlessly.;1524;mm;1016;mm;1520;mm;140;Kg;14785;;EUR;;;cold>ice maker;ITV, icemaker, bar, bin;;;;simple;;;;;;Storage ( Kg);413;;;;;;;active;https://raw.githubusercontent.com/cooknation/itv/refs/heads/main/itv_video_BIN_SCD_400.mp4;https://raw.githubusercontent.com/cooknation/itv/refs/heads/main/itv_image_BIN_SCD_400.jpg;https://raw.githubusercontent.com/cooknation/itv/refs/heads/main/itv_image_2_BIN_SCD_400.jpg;https://raw.githubusercontent.com/cooknation/itv/refs/heads/main/itv_image_3_BIN_SCD_400.jpg;https://raw.githubusercontent.com/cooknation/itv/refs/heads/main/itv_datasheet_BIN_SCD_400.pdf;https://raw.githubusercontent.com/cooknation/itv/refs/heads/main/itv_manual_BIN_SCD_400.pdf;https://raw.githubusercontent.com/cooknation/itv/refs/heads/main/itv_technicalmanual_BIN_SCD_400.pdf;https://raw.githubusercontent.com/cooknation/itv/refs/heads/main/itv_drawing_BIN_SCD_400.pdf;https://raw.githubusercontent.com/cooknation/itv/refs/heads/main/itv_catalogue_BIN_SCD_400.pdf;https://raw.githubusercontent.com/cooknation/itv/refs/heads/main/itv_photo_BIN_SCD_400.jpg;https://raw.githubusercontent.com/cooknation/itv/refs/heads/main/itv_card_BIN_SCD_400.pdf;https://raw.githubusercontent.com/cooknation/itv/refs/heads/main/itv_brandcatalogue.pdf;https://raw.githubusercontent.com/cooknation/itv/refs/heads/main/itv_price.pdf
CKNITVBIN_SCD_600;BIN_SCD_600;ITV;IceBin;Ice Bin;BINS WITH CARTS allow large quantities of ice to be stored and transported safely, conveniently and hygienically. They have carts that eliminate the need to handle the ice for transport, as it falls directly onto the carts. This makes it easier to move the ice and avoids the need to lift heavy ice buckets. In addition, thanks to the baskets, the ice can be removed and deposited much more quickly and effortlessly.;1524;mm;1016;mm;1820;mm;160;Kg;17644;;EUR;;;cold>ice maker;ITV, icemaker, bar, bin;;;;simple;;;;;;Storage ( Kg);617;;;;;;;active;https://raw.githubusercontent.com/cooknation/itv/refs/heads/main/itv_video_BIN_SCD_600.mp4;https://raw.githubusercontent.com/cooknation/itv/refs/heads/main/itv_image_BIN_SCD_600.jpg;https://raw.githubusercontent.com/cooknation/itv/refs/heads/main/itv_image_2_BIN_SCD_600.jpg;https://raw.githubusercontent.com/cooknation/itv/refs/heads/main/itv_image_3_BIN_SCD_600.jpg;https://raw.githubusercontent.com/cooknation/itv/refs/heads/main/itv_datasheet_BIN_SCD_600.pdf;https://raw.githubusercontent.com/cooknation/itv/refs/heads/main/itv_manual_BIN_SCD_600.pdf;https://raw.githubusercontent.com/cooknation/itv/refs/heads/main/itv_technicalmanual_BIN_SCD_600.pdf;https://raw.githubusercontent.com/cooknation/itv/refs/heads/main/itv_drawing_BIN_SCD_600.pdf;https://raw.githubusercontent.com/cooknation/itv/refs/heads/main/itv_catalogue_BIN_SCD_600.pdf;https://raw.githubusercontent.com/cooknation/itv/refs/heads/main/itv_photo_BIN_SCD_600.jpg;https://raw.githubusercontent.com/cooknation/itv/refs/heads/main/itv_card_BIN_SCD_600.pdf;https://raw.githubusercontent.com/cooknation/itv/refs/heads/main/itv_brandcatalogue.pdf;https://raw.githubusercontent.com/cooknation/itv/refs/heads/main/itv_price.pdf
CKNITVBIN_SCD_800;BIN_SCD_800;ITV;IceBin;Ice Bin;BINS WITH CARTS allow large quantities of ice to be stored and transported safely, conveniently and hygienically. They have carts that eliminate the need to handle the ice for transport, as it falls directly onto the carts. This makes it easier to move the ice and avoids the need to lift heavy ice buckets. In addition, thanks to the baskets, the ice can be removed and deposited much more quickly and effortlessly.;1524;mm;1016;mm;2084;mm;175;Kg;19372;;EUR;;;cold>ice maker;ITV, icemaker, bar, bin;;;;simple;;;;;;Storage ( Kg);812;;;;;;;active;https://raw.githubusercontent.com/cooknation/itv/refs/heads/main/itv_video_BIN_SCD_800.mp4;https://raw.githubusercontent.com/cooknation/itv/refs/heads/main/itv_image_BIN_SCD_800.jpg;https://raw.githubusercontent.com/cooknation/itv/refs/heads/main/itv_image_2_BIN_SCD_800.jpg;https://raw.githubusercontent.com/cooknation/itv/refs/heads/main/itv_image_3_BIN_SCD_800.jpg;https://raw.githubusercontent.com/cooknation/itv/refs/heads/main/itv_datasheet_BIN_SCD_800.pdf;https://raw.githubusercontent.com/cooknation/itv/refs/heads/main/itv_manual_BIN_SCD_800.pdf;https://raw.githubusercontent.com/cooknation/itv/refs/heads/main/itv_technicalmanual_BIN_SCD_800.pdf;https://raw.githubusercontent.com/cooknation/itv/refs/heads/main/itv_drawing_BIN_SCD_800.pdf;https://raw.githubusercontent.com/cooknation/itv/refs/heads/main/itv_catalogue_BIN_SCD_800.pdf;https://raw.githubusercontent.com/cooknation/itv/refs/heads/main/itv_photo_BIN_SCD_800.jpg;https://raw.githubusercontent.com/cooknation/itv/refs/heads/main/itv_card_BIN_SCD_800.pdf;https://raw.githubusercontent.com/cooknation/itv/refs/heads/main/itv_brandcatalogue.pdf;https://raw.githubusercontent.com/cooknation/itv/refs/heads/main/itv_price.pdf
CKNITVBIN_SCS_150;BIN_SCS_150;ITV;IceBin;Ice Bin;BINS WITH CARTS allow large quantities of ice to be stored and transported safely, conveniently and hygienically. They have carts that eliminate the need to handle the ice for transport, as it falls directly onto the carts. This makes it easier to move the ice and avoids the need to lift heavy ice buckets. In addition, thanks to the baskets, the ice can be removed and deposited much more quickly and effortlessly.;762;mm;1016;mm;1320;mm;75;Kg;7572;;EUR;;;cold>ice maker;ITV, icemaker, bar, bin;;;;simple;;;;;;Storage ( Kg);140;;;;;;;active;https://raw.githubusercontent.com/cooknation/itv/refs/heads/main/itv_video_BIN_SCS_150.mp4;https://raw.githubusercontent.com/cooknation/itv/refs/heads/main/itv_image_BIN_SCS_150.jpg;https://raw.githubusercontent.com/cooknation/itv/refs/heads/main/itv_image_2_BIN_SCS_150.jpg;https://raw.githubusercontent.com/cooknation/itv/refs/heads/main/itv_image_3_BIN_SCS_150.jpg;https://raw.githubusercontent.com/cooknation/itv/refs/heads/main/itv_datasheet_BIN_SCS_150.pdf;https://raw.githubusercontent.com/cooknation/itv/refs/heads/main/itv_manual_BIN_SCS_150.pdf;https://raw.githubusercontent.com/cooknation/itv/refs/heads/main/itv_technicalmanual_BIN_SCS_150.pdf;https://raw.githubusercontent.com/cooknation/itv/refs/heads/main/itv_drawing_BIN_SCS_150.pdf;https://raw.githubusercontent.com/cooknation/itv/refs/heads/main/itv_catalogue_BIN_SCS_150.pdf;https://raw.githubusercontent.com/cooknation/itv/refs/heads/main/itv_photo_BIN_SCS_150.jpg;https://raw.githubusercontent.com/cooknation/itv/refs/heads/main/itv_card_BIN_SCS_150.pdf;https://raw.githubusercontent.com/cooknation/itv/refs/heads/main/itv_brandcatalogue.pdf;https://raw.githubusercontent.com/cooknation/itv/refs/heads/main/itv_price.pdf
CKNITVBIN_SCS_300;BIN_SCS_300;ITV;IceBin;Ice Bin;BINS WITH CARTS allow large quantities of ice to be stored and transported safely, conveniently and hygienically. They have carts that eliminate the need to handle the ice for transport, as it falls directly onto the carts. This makes it easier to move the ice and avoids the need to lift heavy ice buckets. In addition, thanks to the baskets, the ice can be removed and deposited much more quickly and effortlessly.;762;mm;1016;mm;1865;mm;95;Kg;10499;;EUR;;;cold>ice maker;ITV, icemaker, bar, bin;;;;simple;;;;;;Storage ( Kg);300;;;;;;;active;https://raw.githubusercontent.com/cooknation/itv/refs/heads/main/itv_video_BIN_SCS_300.mp4;https://raw.githubusercontent.com/cooknation/itv/refs/heads/main/itv_image_BIN_SCS_300.jpg;https://raw.githubusercontent.com/cooknation/itv/refs/heads/main/itv_image_2_BIN_SCS_300.jpg;https://raw.githubusercontent.com/cooknation/itv/refs/heads/main/itv_image_3_BIN_SCS_300.jpg;https://raw.githubusercontent.com/cooknation/itv/refs/heads/main/itv_datasheet_BIN_SCS_300.pdf;https://raw.githubusercontent.com/cooknation/itv/refs/heads/main/itv_manual_BIN_SCS_300.pdf;https://raw.githubusercontent.com/cooknation/itv/refs/heads/main/itv_technicalmanual_BIN_SCS_300.pdf;https://raw.githubusercontent.com/cooknation/itv/refs/heads/main/itv_drawing_BIN_SCS_300.pdf;https://raw.githubusercontent.com/cooknation/itv/refs/heads/main/itv_catalogue_BIN_SCS_300.pdf;https://raw.githubusercontent.com/cooknation/itv/refs/heads/main/itv_photo_BIN_SCS_300.jpg;https://raw.githubusercontent.com/cooknation/itv/refs/heads/main/itv_card_BIN_SCS_300.pdf;https://raw.githubusercontent.com/cooknation/itv/refs/heads/main/itv_brandcatalogue.pdf;https://raw.githubusercontent.com/cooknation/itv/refs/heads/main/itv_price.pdf
CKNITVDELTA_MAX_MDP_150_A;DELTA_MAX_MDP_150_A;ITV;Ice maker;Ice maker, spray system, full cube 40 gr., air cooling;"DESIGN AND SIZE INTEGRATED IN THE PERFECT COMBINATION. Delta Max machines produce a new solid and crystalline gourmet cube, with a more modern truncated conical design that allows us to differentiate from the more classic cubes. In addition, it stands out for its large size of 40 g, adapting to the current demand of the catering industry. The DELTA MAX range incorporates the new R290 gas cooling system, which improves machine efficiency and has an IN-OUT front ventilation system that allows recessed installation. In addition, thanks to its solid structure in 4 autonomous columns, it greatly facilitates both the maintenance and the operations of the specialists.
";775;mm;625;mm;805;mm;87;Kg;4860;;EUR;;;cold>ice maker;ITV, icemaker, bar, cube, ice, full cube;;;;simple;;Production (kg/24h);150;Ice type;Full Cube;Storage;MODULAR;ice size (gr);40;Condensation;Air;Gas type;R 290;active;https://raw.githubusercontent.com/cooknation/itv/refs/heads/main/itv_video_DELTA_MAX_MDP_150_A.mp4;https://raw.githubusercontent.com/cooknation/itv/refs/heads/main/itv_image_DELTA_MAX_MDP_150_A.jpg;https://raw.githubusercontent.com/cooknation/itv/refs/heads/main/itv_image_2_DELTA_MAX_MDP_150_A.jpg;https://raw.githubusercontent.com/cooknation/itv/refs/heads/main/itv_image_3_DELTA_MAX_MDP_150_A.jpg;https://raw.githubusercontent.com/cooknation/itv/refs/heads/main/itv_datasheet_DELTA_MAX_MDP_150_A.pdf;https://raw.githubusercontent.com/cooknation/itv/refs/heads/main/itv_manual_DELTA_MAX_MDP_150_A.pdf;https://raw.githubusercontent.com/cooknation/itv/refs/heads/main/itv_technicalmanual_DELTA_MAX_MDP_150_A.pdf;https://raw.githubusercontent.com/cooknation/itv/refs/heads/main/itv_drawing_DELTA_MAX_MDP_150_A.pdf;https://raw.githubusercontent.com/cooknation/itv/refs/heads/main/itv_catalogue_DELTA_MAX_MDP_150_A.pdf;https://raw.githubusercontent.com/cooknation/itv/refs/heads/main/itv_photo_DELTA_MAX_MDP_150_A.jpg;https://raw.githubusercontent.com/cooknation/itv/refs/heads/main/itv_card_DELTA_MAX_MDP_150_A.pdf;https://raw.githubusercontent.com/cooknation/itv/refs/heads/main/itv_brandcatalogue.pdf;https://raw.githubusercontent.com/cooknation/itv/refs/heads/main/itv_price.pdf
CKNITVDELTA_MAX_MDP_150_W;DELTA_MAX_MDP_150_W;ITV;Ice maker;Ice maker, spray system, full cube 40 gr., water cooling, ;"DESIGN AND SIZE INTEGRATED IN THE PERFECT COMBINATION. Delta Max machines produce a new solid and crystalline gourmet cube, with a more modern truncated conical design that allows us to differentiate from the more classic cubes. In addition, it stands out for its large size of 40 g, adapting to the current demand of the catering industry. The DELTA MAX range incorporates the new R290 gas cooling system, which improves machine efficiency and has an IN-OUT front ventilation system that allows recessed installation. In addition, thanks to its solid structure in 4 autonomous columns, it greatly facilitates both the maintenance and the operations of the specialists.
";775;mm;625;mm;805;mm;87;Kg;5389;;EUR;;;cold>ice maker;ITV, icemaker, bar, cube, ice, full cube;;;;simple;;Production (kg/24h);150;Ice type;Full Cube;Storage;MODULAR;ice size (gr);40;Condensation;Water;Gas type;R 290;active;https://raw.githubusercontent.com/cooknation/itv/refs/heads/main/itv_video_DELTA_MAX_MDP_150_W.mp4;https://raw.githubusercontent.com/cooknation/itv/refs/heads/main/itv_image_DELTA_MAX_MDP_150_W.jpg;https://raw.githubusercontent.com/cooknation/itv/refs/heads/main/itv_image_2_DELTA_MAX_MDP_150_W.jpg;https://raw.githubusercontent.com/cooknation/itv/refs/heads/main/itv_image_3_DELTA_MAX_MDP_150_W.jpg;https://raw.githubusercontent.com/cooknation/itv/refs/heads/main/itv_datasheet_DELTA_MAX_MDP_150_W.pdf;https://raw.githubusercontent.com/cooknation/itv/refs/heads/main/itv_manual_DELTA_MAX_MDP_150_W.pdf;https://raw.githubusercontent.com/cooknation/itv/refs/heads/main/itv_technicalmanual_DELTA_MAX_MDP_150_W.pdf;https://raw.githubusercontent.com/cooknation/itv/refs/heads/main/itv_drawing_DELTA_MAX_MDP_150_W.pdf;https://raw.githubusercontent.com/cooknation/itv/refs/heads/main/itv_catalogue_DELTA_MAX_MDP_150_W.pdf;https://raw.githubusercontent.com/cooknation/itv/refs/heads/main/itv_photo_DELTA_MAX_MDP_150_W.jpg;https://raw.githubusercontent.com/cooknation/itv/refs/heads/main/itv_card_DELTA_MAX_MDP_150_W.pdf;https://raw.githubusercontent.com/cooknation/itv/refs/heads/main/itv_brandcatalogue.pdf;https://raw.githubusercontent.com/cooknation/itv/refs/heads/main/itv_price.pdf
CKNITVDELTA_MAX_MR_400_A_1PH;DELTA_MAX_MR_400_A_1PH;ITV;Ice maker;Ice maker, spray system, full cube 40 gr., air cooling;"DESIGN AND SIZE INTEGRATED IN THE PERFECT COMBINATION. Delta Max machines produce a new solid and crystalline gourmet cube, with a more modern truncated conical design that allows us to differentiate from the more classic cubes. In addition, it stands out for its large size of 40 g, adapting to the current demand of the catering industry. The DELTA MAX range incorporates the new R290 gas cooling system, which improves machine efficiency and has an IN-OUT front ventilation system that allows recessed installation. In addition, thanks to its solid structure in 4 autonomous columns, it greatly facilitates both the maintenance and the operations of the specialists.
";1321;mm;638;mm;978;mm;174;Kg;10124;;EUR;;;cold>ice maker;ITV, icemaker, bar, cube, ice, full cube;;;;simple;;Production (kg/24h);370;Ice type;Full Cube;Storage;MODULAR;ice size (gr);40;Condensation;Air;Gas type;R 452A;active;https://raw.githubusercontent.com/cooknation/itv/refs/heads/main/itv_video_DELTA_MAX_MR_400_A_1PH.mp4;https://raw.githubusercontent.com/cooknation/itv/refs/heads/main/itv_image_DELTA_MAX_MR_400_A_1PH.jpg;https://raw.githubusercontent.com/cooknation/itv/refs/heads/main/itv_image_2_DELTA_MAX_MR_400_A_1PH.jpg;https://raw.githubusercontent.com/cooknation/itv/refs/heads/main/itv_image_3_DELTA_MAX_MR_400_A_1PH.jpg;https://raw.githubusercontent.com/cooknation/itv/refs/heads/main/itv_datasheet_DELTA_MAX_MR_400_A_1PH.pdf;https://raw.githubusercontent.com/cooknation/itv/refs/heads/main/itv_manual_DELTA_MAX_MR_400_A_1PH.pdf;https://raw.githubusercontent.com/cooknation/itv/refs/heads/main/itv_technicalmanual_DELTA_MAX_MR_400_A_1PH.pdf;https://raw.githubusercontent.com/cooknation/itv/refs/heads/main/itv_drawing_DELTA_MAX_MR_400_A_1PH.pdf;https://raw.githubusercontent.com/cooknation/itv/refs/heads/main/itv_catalogue_DELTA_MAX_MR_400_A_1PH.pdf;https://raw.githubusercontent.com/cooknation/itv/refs/heads/main/itv_photo_DELTA_MAX_MR_400_A_1PH.jpg;https://raw.githubusercontent.com/cooknation/itv/refs/heads/main/itv_card_DELTA_MAX_MR_400_A_1PH.pdf;https://raw.githubusercontent.com/cooknation/itv/refs/heads/main/itv_brandcatalogue.pdf;https://raw.githubusercontent.com/cooknation/itv/refs/heads/main/itv_price.pdf
CKNITVDELTA_MAX_MR_400_A_3PH;DELTA_MAX_MR_400_A_3PH;ITV;Ice maker;Ice maker, spray system, full cube 40 gr., air cooling;"DESIGN AND SIZE INTEGRATED IN THE PERFECT COMBINATION. Delta Max machines produce a new solid and crystalline gourmet cube, with a more modern truncated conical design that allows us to differentiate from the more classic cubes. In addition, it stands out for its large size of 40 g, adapting to the current demand of the catering industry. The DELTA MAX range incorporates the new R290 gas cooling system, which improves machine efficiency and has an IN-OUT front ventilation system that allows recessed installation. In addition, thanks to its solid structure in 4 autonomous columns, it greatly facilitates both the maintenance and the operations of the specialists.
";1321;mm;638;mm;978;mm;174;Kg;10124;;EUR;;;cold>ice maker;ITV, icemaker, bar, cube, ice, full cube;;;;simple;;Production (kg/24h);409;Ice type;Full Cube;Storage;MODULAR;ice size (gr);40;Condensation;Air;Gas type;R 452A;active;https://raw.githubusercontent.com/cooknation/itv/refs/heads/main/itv_video_DELTA_MAX_MR_400_A_3PH.mp4;https://raw.githubusercontent.com/cooknation/itv/refs/heads/main/itv_image_DELTA_MAX_MR_400_A_3PH.jpg;https://raw.githubusercontent.com/cooknation/itv/refs/heads/main/itv_image_2_DELTA_MAX_MR_400_A_3PH.jpg;https://raw.githubusercontent.com/cooknation/itv/refs/heads/main/itv_image_3_DELTA_MAX_MR_400_A_3PH.jpg;https://raw.githubusercontent.com/cooknation/itv/refs/heads/main/itv_datasheet_DELTA_MAX_MR_400_A_3PH.pdf;https://raw.githubusercontent.com/cooknation/itv/refs/heads/main/itv_manual_DELTA_MAX_MR_400_A_3PH.pdf;https://raw.githubusercontent.com/cooknation/itv/refs/heads/main/itv_technicalmanual_DELTA_MAX_MR_400_A_3PH.pdf;https://raw.githubusercontent.com/cooknation/itv/refs/heads/main/itv_drawing_DELTA_MAX_MR_400_A_3PH.pdf;https://raw.githubusercontent.com/cooknation/itv/refs/heads/main/itv_catalogue_DELTA_MAX_MR_400_A_3PH.pdf;https://raw.githubusercontent.com/cooknation/itv/refs/heads/main/itv_photo_DELTA_MAX_MR_400_A_3PH.jpg;https://raw.githubusercontent.com/cooknation/itv/refs/heads/main/itv_card_DELTA_MAX_MR_400_A_3PH.pdf;https://raw.githubusercontent.com/cooknation/itv/refs/heads/main/itv_brandcatalogue.pdf;https://raw.githubusercontent.com/cooknation/itv/refs/heads/main/itv_price.pdf
CKNITVDELTA_MAX_MR_400_A_REMOTE;DELTA_MAX_MR_400_A_REMOTE;ITV;Ice maker;Ice maker, spray system, full cube 40 gr., air cooling;"DESIGN AND SIZE INTEGRATED IN THE PERFECT COMBINATION. Delta Max machines produce a new solid and crystalline gourmet cube, with a more modern truncated conical design that allows us to differentiate from the more classic cubes. In addition, it stands out for its large size of 40 g, adapting to the current demand of the catering industry. The DELTA MAX range incorporates the new R290 gas cooling system, which improves machine efficiency and has an IN-OUT front ventilation system that allows recessed installation. In addition, thanks to its solid structure in 4 autonomous columns, it greatly facilitates both the maintenance and the operations of the specialists.
";1321;mm;638;mm;978;mm;170;Kg;9218;;EUR;;;cold>ice maker;ITV, icemaker, bar, cube, ice, full cube;;;;simple;;Production (kg/24h);400;Ice type;Full Cube;Storage;MODULAR;ice size (gr);40;Condensation;Air;Gas type;R 452A;active;https://raw.githubusercontent.com/cooknation/itv/refs/heads/main/itv_video_DELTA_MAX_MR_400_A_REMOTE.mp4;https://raw.githubusercontent.com/cooknation/itv/refs/heads/main/itv_image_DELTA_MAX_MR_400_A_REMOTE.jpg;https://raw.githubusercontent.com/cooknation/itv/refs/heads/main/itv_image_2_DELTA_MAX_MR_400_A_REMOTE.jpg;https://raw.githubusercontent.com/cooknation/itv/refs/heads/main/itv_image_3_DELTA_MAX_MR_400_A_REMOTE.jpg;https://raw.githubusercontent.com/cooknation/itv/refs/heads/main/itv_datasheet_DELTA_MAX_MR_400_A_REMOTE.pdf;https://raw.githubusercontent.com/cooknation/itv/refs/heads/main/itv_manual_DELTA_MAX_MR_400_A_REMOTE.pdf;https://raw.githubusercontent.com/cooknation/itv/refs/heads/main/itv_technicalmanual_DELTA_MAX_MR_400_A_REMOTE.pdf;https://raw.githubusercontent.com/cooknation/itv/refs/heads/main/itv_drawing_DELTA_MAX_MR_400_A_REMOTE.pdf;https://raw.githubusercontent.com/cooknation/itv/refs/heads/main/itv_catalogue_DELTA_MAX_MR_400_A_REMOTE.pdf;https://raw.githubusercontent.com/cooknation/itv/refs/heads/main/itv_photo_DELTA_MAX_MR_400_A_REMOTE.jpg;https://raw.githubusercontent.com/cooknation/itv/refs/heads/main/itv_card_DELTA_MAX_MR_400_A_REMOTE.pdf;https://raw.githubusercontent.com/cooknation/itv/refs/heads/main/itv_brandcatalogue.pdf;https://raw.githubusercontent.com/cooknation/itv/refs/heads/main/itv_price.pdf
CKNITVDELTA_MAX_MR_400_W_1PH;DELTA_MAX_MR_400_W_1PH;ITV;Ice maker;Ice maker, spray system, full cube 40 gr., water cooling, ;"DESIGN AND SIZE INTEGRATED IN THE PERFECT COMBINATION. Delta Max machines produce a new solid and crystalline gourmet cube, with a more modern truncated conical design that allows us to differentiate from the more classic cubes. In addition, it stands out for its large size of 40 g, adapting to the current demand of the catering industry. The DELTA MAX range incorporates the new R290 gas cooling system, which improves machine efficiency and has an IN-OUT front ventilation system that allows recessed installation. In addition, thanks to its solid structure in 4 autonomous columns, it greatly facilitates both the maintenance and the operations of the specialists.
";1321;mm;638;mm;978;mm;174;Kg;10301;;EUR;;;cold>ice maker;ITV, icemaker, bar, cube, ice, full cube;;;;simple;;Production (kg/24h);366;Ice type;Full Cube;Storage;MODULAR;ice size (gr);40;Condensation;Water;Gas type;R 452A;active;https://raw.githubusercontent.com/cooknation/itv/refs/heads/main/itv_video_DELTA_MAX_MR_400_W_1PH.mp4;https://raw.githubusercontent.com/cooknation/itv/refs/heads/main/itv_image_DELTA_MAX_MR_400_W_1PH.jpg;https://raw.githubusercontent.com/cooknation/itv/refs/heads/main/itv_image_2_DELTA_MAX_MR_400_W_1PH.jpg;https://raw.githubusercontent.com/cooknation/itv/refs/heads/main/itv_image_3_DELTA_MAX_MR_400_W_1PH.jpg;https://raw.githubusercontent.com/cooknation/itv/refs/heads/main/itv_datasheet_DELTA_MAX_MR_400_W_1PH.pdf;https://raw.githubusercontent.com/cooknation/itv/refs/heads/main/itv_manual_DELTA_MAX_MR_400_W_1PH.pdf;https://raw.githubusercontent.com/cooknation/itv/refs/heads/main/itv_technicalmanual_DELTA_MAX_MR_400_W_1PH.pdf;https://raw.githubusercontent.com/cooknation/itv/refs/heads/main/itv_drawing_DELTA_MAX_MR_400_W_1PH.pdf;https://raw.githubusercontent.com/cooknation/itv/refs/heads/main/itv_catalogue_DELTA_MAX_MR_400_W_1PH.pdf;https://raw.githubusercontent.com/cooknation/itv/refs/heads/main/itv_photo_DELTA_MAX_MR_400_W_1PH.jpg;https://raw.githubusercontent.com/cooknation/itv/refs/heads/main/itv_card_DELTA_MAX_MR_400_W_1PH.pdf;https://raw.githubusercontent.com/cooknation/itv/refs/heads/main/itv_brandcatalogue.pdf;https://raw.githubusercontent.com/cooknation/itv/refs/heads/main/itv_price.pdf
CKNITVDELTA_MAX_MR_400_W_3PH;DELTA_MAX_MR_400_W_3PH;ITV;Ice maker;Ice maker, spray system, full cube 40 gr., water cooling, ;"DESIGN AND SIZE INTEGRATED IN THE PERFECT COMBINATION. Delta Max machines produce a new solid and crystalline gourmet cube, with a more modern truncated conical design that allows us to differentiate from the more classic cubes. In addition, it stands out for its large size of 40 g, adapting to the current demand of the catering industry. The DELTA MAX range incorporates the new R290 gas cooling system, which improves machine efficiency and has an IN-OUT front ventilation system that allows recessed installation. In addition, thanks to its solid structure in 4 autonomous columns, it greatly facilitates both the maintenance and the operations of the specialists.
";1321;mm;638;mm;978;mm;174;Kg;10301;;EUR;;;cold>ice maker;ITV, icemaker, bar, cube, ice, full cube;;;;simple;;Production (kg/24h);405;Ice type;Full Cube;Storage;MODULAR;ice size (gr);40;Condensation;Water;Gas type;R 452A;active;https://raw.githubusercontent.com/cooknation/itv/refs/heads/main/itv_video_DELTA_MAX_MR_400_W_3PH.mp4;https://raw.githubusercontent.com/cooknation/itv/refs/heads/main/itv_image_DELTA_MAX_MR_400_W_3PH.jpg;https://raw.githubusercontent.com/cooknation/itv/refs/heads/main/itv_image_2_DELTA_MAX_MR_400_W_3PH.jpg;https://raw.githubusercontent.com/cooknation/itv/refs/heads/main/itv_image_3_DELTA_MAX_MR_400_W_3PH.jpg;https://raw.githubusercontent.com/cooknation/itv/refs/heads/main/itv_datasheet_DELTA_MAX_MR_400_W_3PH.pdf;https://raw.githubusercontent.com/cooknation/itv/refs/heads/main/itv_manual_DELTA_MAX_MR_400_W_3PH.pdf;https://raw.githubusercontent.com/cooknation/itv/refs/heads/main/itv_technicalmanual_DELTA_MAX_MR_400_W_3PH.pdf;https://raw.githubusercontent.com/cooknation/itv/refs/heads/main/itv_drawing_DELTA_MAX_MR_400_W_3PH.pdf;https://raw.githubusercontent.com/cooknation/itv/refs/heads/main/itv_catalogue_DELTA_MAX_MR_400_W_3PH.pdf;https://raw.githubusercontent.com/cooknation/itv/refs/heads/main/itv_photo_DELTA_MAX_MR_400_W_3PH.jpg;https://raw.githubusercontent.com/cooknation/itv/refs/heads/main/itv_card_DELTA_MAX_MR_400_W_3PH.pdf;https://raw.githubusercontent.com/cooknation/itv/refs/heads/main/itv_brandcatalogue.pdf;https://raw.githubusercontent.com/cooknation/itv/refs/heads/main/itv_price.pdf
CKNITVDELTA_MAX_NG_110_A;DELTA_MAX_NG_110_A;ITV;Ice maker;Ice maker, spray system, full cube 40 gr., air cooling;"DESIGN AND SIZE INTEGRATED IN THE PERFECT COMBINATION. Delta Max machines produce a new solid and crystalline gourmet cube, with a more modern truncated conical design that allows us to differentiate from the more classic cubes. In addition, it stands out for its large size of 40 g, adapting to the current demand of the catering industry. The DELTA MAX range incorporates the new R290 gas cooling system, which improves machine efficiency and has an IN-OUT front ventilation system that allows recessed installation. In addition, thanks to its solid structure in 4 autonomous columns, it greatly facilitates both the maintenance and the operations of the specialists.
";715;mm;700;mm;1044;mm;95;Kg;3995;;EUR;;;cold>ice maker;ITV, icemaker, bar, cube, ice, full cube;;;;simple;;Production (kg/24h);110;Ice type;Full Cube;Storage;60;ice size (gr);40;Condensation;Air;Gas type;R 290;active;https://raw.githubusercontent.com/cooknation/itv/refs/heads/main/itv_video_DELTA_MAX_NG_110_A.mp4;https://raw.githubusercontent.com/cooknation/itv/refs/heads/main/itv_image_DELTA_MAX_NG_110_A.jpg;https://raw.githubusercontent.com/cooknation/itv/refs/heads/main/itv_image_2_DELTA_MAX_NG_110_A.jpg;https://raw.githubusercontent.com/cooknation/itv/refs/heads/main/itv_image_3_DELTA_MAX_NG_110_A.jpg;https://raw.githubusercontent.com/cooknation/itv/refs/heads/main/itv_datasheet_DELTA_MAX_NG_110_A.pdf;https://raw.githubusercontent.com/cooknation/itv/refs/heads/main/itv_manual_DELTA_MAX_NG_110_A.pdf;https://raw.githubusercontent.com/cooknation/itv/refs/heads/main/itv_technicalmanual_DELTA_MAX_NG_110_A.pdf;https://raw.githubusercontent.com/cooknation/itv/refs/heads/main/itv_drawing_DELTA_MAX_NG_110_A.pdf;https://raw.githubusercontent.com/cooknation/itv/refs/heads/main/itv_catalogue_DELTA_MAX_NG_110_A.pdf;https://raw.githubusercontent.com/cooknation/itv/refs/heads/main/itv_photo_DELTA_MAX_NG_110_A.jpg;https://raw.githubusercontent.com/cooknation/itv/refs/heads/main/itv_card_DELTA_MAX_NG_110_A.pdf;https://raw.githubusercontent.com/cooknation/itv/refs/heads/main/itv_brandcatalogue.pdf;https://raw.githubusercontent.com/cooknation/itv/refs/heads/main/itv_price.pdf
CKNITVDELTA_MAX_NG_110_A_DP;DELTA_MAX_NG_110_A_DP;ITV;Ice maker;Ice maker, spray system, full cube 40 gr., air cooling, drainage pump,;"DESIGN AND SIZE INTEGRATED IN THE PERFECT COMBINATION. Delta Max machines produce a new solid and crystalline gourmet cube, with a more modern truncated conical design that allows us to differentiate from the more classic cubes. In addition, it stands out for its large size of 40 g, adapting to the current demand of the catering industry. The DELTA MAX range incorporates the new R290 gas cooling system, which improves machine efficiency and has an IN-OUT front ventilation system that allows recessed installation. In addition, thanks to its solid structure in 4 autonomous columns, it greatly facilitates both the maintenance and the operations of the specialists.
";715;mm;700;mm;1044;mm;95;Kg;4102;;EUR;;;cold>ice maker;ITV, icemaker, bar, cube, ice, full cube;;;;simple;;Production (kg/24h);110;Ice type;Full Cube;Storage;60;ice size (gr);40;Condensation;Air;Gas type;R 290;active;https://raw.githubusercontent.com/cooknation/itv/refs/heads/main/itv_video_DELTA_MAX_NG_110_A_DP.mp4;https://raw.githubusercontent.com/cooknation/itv/refs/heads/main/itv_image_DELTA_MAX_NG_110_A_DP.jpg;https://raw.githubusercontent.com/cooknation/itv/refs/heads/main/itv_image_2_DELTA_MAX_NG_110_A_DP.jpg;https://raw.githubusercontent.com/cooknation/itv/refs/heads/main/itv_image_3_DELTA_MAX_NG_110_A_DP.jpg;https://raw.githubusercontent.com/cooknation/itv/refs/heads/main/itv_datasheet_DELTA_MAX_NG_110_A_DP.pdf;https://raw.githubusercontent.com/cooknation/itv/refs/heads/main/itv_manual_DELTA_MAX_NG_110_A_DP.pdf;https://raw.githubusercontent.com/cooknation/itv/refs/heads/main/itv_technicalmanual_DELTA_MAX_NG_110_A_DP.pdf;https://raw.githubusercontent.com/cooknation/itv/refs/heads/main/itv_drawing_DELTA_MAX_NG_110_A_DP.pdf;https://raw.githubusercontent.com/cooknation/itv/refs/heads/main/itv_catalogue_DELTA_MAX_NG_110_A_DP.pdf;https://raw.githubusercontent.com/cooknation/itv/refs/heads/main/itv_photo_DELTA_MAX_NG_110_A_DP.jpg;https://raw.githubusercontent.com/cooknation/itv/refs/heads/main/itv_card_DELTA_MAX_NG_110_A_DP.pdf;https://raw.githubusercontent.com/cooknation/itv/refs/heads/main/itv_brandcatalogue.pdf;https://raw.githubusercontent.com/cooknation/itv/refs/heads/main/itv_price.pdf
CKNITVDELTA_MAX_NG_110_W;DELTA_MAX_NG_110_W;ITV;Ice maker;Ice maker, spray system, full cube 40 gr., water cooling, ;"DESIGN AND SIZE INTEGRATED IN THE PERFECT COMBINATION. Delta Max machines produce a new solid and crystalline gourmet cube, with a more modern truncated conical design that allows us to differentiate from the more classic cubes. In addition, it stands out for its large size of 40 g, adapting to the current demand of the catering industry. The DELTA MAX range incorporates the new R290 gas cooling system, which improves machine efficiency and has an IN-OUT front ventilation system that allows recessed installation. In addition, thanks to its solid structure in 4 autonomous columns, it greatly facilitates both the maintenance and the operations of the specialists.
";715;mm;700;mm;1044;mm;95;Kg;4035;;EUR;;;cold>ice maker;ITV, icemaker, bar, cube, ice, full cube;;;;simple;;Production (kg/24h);116;Ice type;Full Cube;Storage;60;ice size (gr);40;Condensation;Water;Gas type;R 290;active;https://raw.githubusercontent.com/cooknation/itv/refs/heads/main/itv_video_DELTA_MAX_NG_110_W.mp4;https://raw.githubusercontent.com/cooknation/itv/refs/heads/main/itv_image_DELTA_MAX_NG_110_W.jpg;https://raw.githubusercontent.com/cooknation/itv/refs/heads/main/itv_image_2_DELTA_MAX_NG_110_W.jpg;https://raw.githubusercontent.com/cooknation/itv/refs/heads/main/itv_image_3_DELTA_MAX_NG_110_W.jpg;https://raw.githubusercontent.com/cooknation/itv/refs/heads/main/itv_datasheet_DELTA_MAX_NG_110_W.pdf;https://raw.githubusercontent.com/cooknation/itv/refs/heads/main/itv_manual_DELTA_MAX_NG_110_W.pdf;https://raw.githubusercontent.com/cooknation/itv/refs/heads/main/itv_technicalmanual_DELTA_MAX_NG_110_W.pdf;https://raw.githubusercontent.com/cooknation/itv/refs/heads/main/itv_drawing_DELTA_MAX_NG_110_W.pdf;https://raw.githubusercontent.com/cooknation/itv/refs/heads/main/itv_catalogue_DELTA_MAX_NG_110_W.pdf;https://raw.githubusercontent.com/cooknation/itv/refs/heads/main/itv_photo_DELTA_MAX_NG_110_W.jpg;https://raw.githubusercontent.com/cooknation/itv/refs/heads/main/itv_card_DELTA_MAX_NG_110_W.pdf;https://raw.githubusercontent.com/cooknation/itv/refs/heads/main/itv_brandcatalogue.pdf;https://raw.githubusercontent.com/cooknation/itv/refs/heads/main/itv_price.pdf
CKNITVDELTA_MAX_NG_150_A;DELTA_MAX_NG_150_A;ITV;Ice maker;Ice maker, spray system, full cube 40 gr., air cooling;"DESIGN AND SIZE INTEGRATED IN THE PERFECT COMBINATION. Delta Max machines produce a new solid and crystalline gourmet cube, with a more modern truncated conical design that allows us to differentiate from the more classic cubes. In addition, it stands out for its large size of 40 g, adapting to the current demand of the catering industry. The DELTA MAX range incorporates the new R290 gas cooling system, which improves machine efficiency and has an IN-OUT front ventilation system that allows recessed installation. In addition, thanks to its solid structure in 4 autonomous columns, it greatly facilitates both the maintenance and the operations of the specialists.
";860;mm;700;mm;1044;mm;100;Kg;5069;;EUR;;;cold>ice maker;ITV, icemaker, bar, cube, ice, full cube;;;;simple;;Production (kg/24h);150;Ice type;Full Cube;Storage;75;ice size (gr);40;Condensation;Air;Gas type;R 290;active;https://raw.githubusercontent.com/cooknation/itv/refs/heads/main/itv_video_DELTA_MAX_NG_150_A.mp4;https://raw.githubusercontent.com/cooknation/itv/refs/heads/main/itv_image_DELTA_MAX_NG_150_A.jpg;https://raw.githubusercontent.com/cooknation/itv/refs/heads/main/itv_image_2_DELTA_MAX_NG_150_A.jpg;https://raw.githubusercontent.com/cooknation/itv/refs/heads/main/itv_image_3_DELTA_MAX_NG_150_A.jpg;https://raw.githubusercontent.com/cooknation/itv/refs/heads/main/itv_datasheet_DELTA_MAX_NG_150_A.pdf;https://raw.githubusercontent.com/cooknation/itv/refs/heads/main/itv_manual_DELTA_MAX_NG_150_A.pdf;https://raw.githubusercontent.com/cooknation/itv/refs/heads/main/itv_technicalmanual_DELTA_MAX_NG_150_A.pdf;https://raw.githubusercontent.com/cooknation/itv/refs/heads/main/itv_drawing_DELTA_MAX_NG_150_A.pdf;https://raw.githubusercontent.com/cooknation/itv/refs/heads/main/itv_catalogue_DELTA_MAX_NG_150_A.pdf;https://raw.githubusercontent.com/cooknation/itv/refs/heads/main/itv_photo_DELTA_MAX_NG_150_A.jpg;https://raw.githubusercontent.com/cooknation/itv/refs/heads/main/itv_card_DELTA_MAX_NG_150_A.pdf;https://raw.githubusercontent.com/cooknation/itv/refs/heads/main/itv_brandcatalogue.pdf;https://raw.githubusercontent.com/cooknation/itv/refs/heads/main/itv_price.pdf
CKNITVDELTA_MAX_NG_150_W;DELTA_MAX_NG_150_W;ITV;Ice maker;Ice maker, spray system, full cube 40 gr., water cooling, ;"DESIGN AND SIZE INTEGRATED IN THE PERFECT COMBINATION. Delta Max machines produce a new solid and crystalline gourmet cube, with a more modern truncated conical design that allows us to differentiate from the more classic cubes. In addition, it stands out for its large size of 40 g, adapting to the current demand of the catering industry. The DELTA MAX range incorporates the new R290 gas cooling system, which improves machine efficiency and has an IN-OUT front ventilation system that allows recessed installation. In addition, thanks to its solid structure in 4 autonomous columns, it greatly facilitates both the maintenance and the operations of the specialists.
";860;mm;700;mm;1044;mm;100;Kg;5181;;EUR;;;cold>ice maker;ITV, icemaker, bar, cube, ice, full cube;;;;simple;;Production (kg/24h);150;Ice type;Full Cube;Storage;75;ice size (gr);40;Condensation;Water;Gas type;R 290;active;https://raw.githubusercontent.com/cooknation/itv/refs/heads/main/itv_video_DELTA_MAX_NG_150_W.mp4;https://raw.githubusercontent.com/cooknation/itv/refs/heads/main/itv_image_DELTA_MAX_NG_150_W.jpg;https://raw.githubusercontent.com/cooknation/itv/refs/heads/main/itv_image_2_DELTA_MAX_NG_150_W.jpg;https://raw.githubusercontent.com/cooknation/itv/refs/heads/main/itv_image_3_DELTA_MAX_NG_150_W.jpg;https://raw.githubusercontent.com/cooknation/itv/refs/heads/main/itv_datasheet_DELTA_MAX_NG_150_W.pdf;https://raw.githubusercontent.com/cooknation/itv/refs/heads/main/itv_manual_DELTA_MAX_NG_150_W.pdf;https://raw.githubusercontent.com/cooknation/itv/refs/heads/main/itv_technicalmanual_DELTA_MAX_NG_150_W.pdf;https://raw.githubusercontent.com/cooknation/itv/refs/heads/main/itv_drawing_DELTA_MAX_NG_150_W.pdf;https://raw.githubusercontent.com/cooknation/itv/refs/heads/main/itv_catalogue_DELTA_MAX_NG_150_W.pdf;https://raw.githubusercontent.com/cooknation/itv/refs/heads/main/itv_photo_DELTA_MAX_NG_150_W.jpg;https://raw.githubusercontent.com/cooknation/itv/refs/heads/main/itv_card_DELTA_MAX_NG_150_W.pdf;https://raw.githubusercontent.com/cooknation/itv/refs/heads/main/itv_brandcatalogue.pdf;https://raw.githubusercontent.com/cooknation/itv/refs/heads/main/itv_price.pdf
CKNITVDELTA_MAX_NG_30_A;DELTA_MAX_NG_30_A;ITV;Ice maker;Ice maker, spray system, full cube 40 gr., air cooling;"DESIGN AND SIZE INTEGRATED IN THE PERFECT COMBINATION. Delta Max machines produce a new solid and crystalline gourmet cube, with a more modern truncated conical design that allows us to differentiate from the more classic cubes. In addition, it stands out for its large size of 40 g, adapting to the current demand of the catering industry. The DELTA MAX range incorporates the new R290 gas cooling system, which improves machine efficiency and has an IN-OUT front ventilation system that allows recessed installation. In addition, thanks to its solid structure in 4 autonomous columns, it greatly facilitates both the maintenance and the operations of the specialists.
";405;mm;515;mm;744;mm;44;Kg;1914;;EUR;;;cold>ice maker;ITV, icemaker, bar, cube, ice, full cube;;;;simple;;Production (kg/24h);39;Ice type;Full Cube;Storage;15;ice size (gr);40;Condensation;Air;Gas type;R 290;active;https://raw.githubusercontent.com/cooknation/itv/refs/heads/main/itv_video_DELTA_MAX_NG_30_A.mp4;https://raw.githubusercontent.com/cooknation/itv/refs/heads/main/itv_image_DELTA_MAX_NG_30_A.jpg;https://raw.githubusercontent.com/cooknation/itv/refs/heads/main/itv_image_2_DELTA_MAX_NG_30_A.jpg;https://raw.githubusercontent.com/cooknation/itv/refs/heads/main/itv_image_3_DELTA_MAX_NG_30_A.jpg;https://raw.githubusercontent.com/cooknation/itv/refs/heads/main/itv_datasheet_DELTA_MAX_NG_30_A.pdf;https://raw.githubusercontent.com/cooknation/itv/refs/heads/main/itv_manual_DELTA_MAX_NG_30_A.pdf;https://raw.githubusercontent.com/cooknation/itv/refs/heads/main/itv_technicalmanual_DELTA_MAX_NG_30_A.pdf;https://raw.githubusercontent.com/cooknation/itv/refs/heads/main/itv_drawing_DELTA_MAX_NG_30_A.pdf;https://raw.githubusercontent.com/cooknation/itv/refs/heads/main/itv_catalogue_DELTA_MAX_NG_30_A.pdf;https://raw.githubusercontent.com/cooknation/itv/refs/heads/main/itv_photo_DELTA_MAX_NG_30_A.jpg;https://raw.githubusercontent.com/cooknation/itv/refs/heads/main/itv_card_DELTA_MAX_NG_30_A.pdf;https://raw.githubusercontent.com/cooknation/itv/refs/heads/main/itv_brandcatalogue.pdf;https://raw.githubusercontent.com/cooknation/itv/refs/heads/main/itv_price.pdf
CKNITVDELTA_MAX_NG_30_A_DP;DELTA_MAX_NG_30_A_DP;ITV;Ice maker;Ice maker, spray system, full cube 40 gr., air cooling, drainage pump,;"DESIGN AND SIZE INTEGRATED IN THE PERFECT COMBINATION. Delta Max machines produce a new solid and crystalline gourmet cube, with a more modern truncated conical design that allows us to differentiate from the more classic cubes. In addition, it stands out for its large size of 40 g, adapting to the current demand of the catering industry. The DELTA MAX range incorporates the new R290 gas cooling system, which improves machine efficiency and has an IN-OUT front ventilation system that allows recessed installation. In addition, thanks to its solid structure in 4 autonomous columns, it greatly facilitates both the maintenance and the operations of the specialists.
";405;mm;515;mm;744;mm;44;Kg;2022;;EUR;;;cold>ice maker;ITV, icemaker, bar, cube, ice, full cube;;;;simple;;Production (kg/24h);39;Ice type;Full Cube;Storage;15;ice size (gr);40;Condensation;Air;Gas type;R 290;active;https://raw.githubusercontent.com/cooknation/itv/refs/heads/main/itv_video_DELTA_MAX_NG_30_A_DP.mp4;https://raw.githubusercontent.com/cooknation/itv/refs/heads/main/itv_image_DELTA_MAX_NG_30_A_DP.jpg;https://raw.githubusercontent.com/cooknation/itv/refs/heads/main/itv_image_2_DELTA_MAX_NG_30_A_DP.jpg;https://raw.githubusercontent.com/cooknation/itv/refs/heads/main/itv_image_3_DELTA_MAX_NG_30_A_DP.jpg;https://raw.githubusercontent.com/cooknation/itv/refs/heads/main/itv_datasheet_DELTA_MAX_NG_30_A_DP.pdf;https://raw.githubusercontent.com/cooknation/itv/refs/heads/main/itv_manual_DELTA_MAX_NG_30_A_DP.pdf;https://raw.githubusercontent.com/cooknation/itv/refs/heads/main/itv_technicalmanual_DELTA_MAX_NG_30_A_DP.pdf;https://raw.githubusercontent.com/cooknation/itv/refs/heads/main/itv_drawing_DELTA_MAX_NG_30_A_DP.pdf;https://raw.githubusercontent.com/cooknation/itv/refs/heads/main/itv_catalogue_DELTA_MAX_NG_30_A_DP.pdf;https://raw.githubusercontent.com/cooknation/itv/refs/heads/main/itv_photo_DELTA_MAX_NG_30_A_DP.jpg;https://raw.githubusercontent.com/cooknation/itv/refs/heads/main/itv_card_DELTA_MAX_NG_30_A_DP.pdf;https://raw.githubusercontent.com/cooknation/itv/refs/heads/main/itv_brandcatalogue.pdf;https://raw.githubusercontent.com/cooknation/itv/refs/heads/main/itv_price.pdf
CKNITVDELTA_MAX_NG_30_W;DELTA_MAX_NG_30_W;ITV;Ice maker;Ice maker, spray system, full cube 40 gr., water cooling, ;"DESIGN AND SIZE INTEGRATED IN THE PERFECT COMBINATION. Delta Max machines produce a new solid and crystalline gourmet cube, with a more modern truncated conical design that allows us to differentiate from the more classic cubes. In addition, it stands out for its large size of 40 g, adapting to the current demand of the catering industry. The DELTA MAX range incorporates the new R290 gas cooling system, which improves machine efficiency and has an IN-OUT front ventilation system that allows recessed installation. In addition, thanks to its solid structure in 4 autonomous columns, it greatly facilitates both the maintenance and the operations of the specialists.
";405;mm;515;mm;744;mm;44;Kg;1991;;EUR;;;cold>ice maker;ITV, icemaker, bar, cube, ice, full cube;;;;simple;;Production (kg/24h);38;Ice type;Full Cube;Storage;15;ice size (gr);40;Condensation;Water;Gas type;R 290;active;https://raw.githubusercontent.com/cooknation/itv/refs/heads/main/itv_video_DELTA_MAX_NG_30_W.mp4;https://raw.githubusercontent.com/cooknation/itv/refs/heads/main/itv_image_DELTA_MAX_NG_30_W.jpg;https://raw.githubusercontent.com/cooknation/itv/refs/heads/main/itv_image_2_DELTA_MAX_NG_30_W.jpg;https://raw.githubusercontent.com/cooknation/itv/refs/heads/main/itv_image_3_DELTA_MAX_NG_30_W.jpg;https://raw.githubusercontent.com/cooknation/itv/refs/heads/main/itv_datasheet_DELTA_MAX_NG_30_W.pdf;https://raw.githubusercontent.com/cooknation/itv/refs/heads/main/itv_manual_DELTA_MAX_NG_30_W.pdf;https://raw.githubusercontent.com/cooknation/itv/refs/heads/main/itv_technicalmanual_DELTA_MAX_NG_30_W.pdf;https://raw.githubusercontent.com/cooknation/itv/refs/heads/main/itv_drawing_DELTA_MAX_NG_30_W.pdf;https://raw.githubusercontent.com/cooknation/itv/refs/heads/main/itv_catalogue_DELTA_MAX_NG_30_W.pdf;https://raw.githubusercontent.com/cooknation/itv/refs/heads/main/itv_photo_DELTA_MAX_NG_30_W.jpg;https://raw.githubusercontent.com/cooknation/itv/refs/heads/main/itv_card_DELTA_MAX_NG_30_W.pdf;https://raw.githubusercontent.com/cooknation/itv/refs/heads/main/itv_brandcatalogue.pdf;https://raw.githubusercontent.com/cooknation/itv/refs/heads/main/itv_price.pdf
CKNITVDELTA_MAX_NG_35_A;DELTA_MAX_NG_35_A;ITV;Ice maker;Ice maker, spray system, full cube 40 gr., air cooling;"DESIGN AND SIZE INTEGRATED IN THE PERFECT COMBINATION. Delta Max machines produce a new solid and crystalline gourmet cube, with a more modern truncated conical design that allows us to differentiate from the more classic cubes. In addition, it stands out for its large size of 40 g, adapting to the current demand of the catering industry. The DELTA MAX range incorporates the new R290 gas cooling system, which improves machine efficiency and has an IN-OUT front ventilation system that allows recessed installation. In addition, thanks to its solid structure in 4 autonomous columns, it greatly facilitates both the maintenance and the operations of the specialists.
";465;mm;595;mm;789;mm;46;Kg;2350;;EUR;;;cold>ice maker;ITV, icemaker, bar, cube, ice, full cube;;;;simple;;Production (kg/24h);45;Ice type;Full Cube;Storage;20;ice size (gr);40;Condensation;Air;Gas type;R 290;active;https://raw.githubusercontent.com/cooknation/itv/refs/heads/main/itv_video_DELTA_MAX_NG_35_A.mp4;https://raw.githubusercontent.com/cooknation/itv/refs/heads/main/itv_image_DELTA_MAX_NG_35_A.jpg;https://raw.githubusercontent.com/cooknation/itv/refs/heads/main/itv_image_2_DELTA_MAX_NG_35_A.jpg;https://raw.githubusercontent.com/cooknation/itv/refs/heads/main/itv_image_3_DELTA_MAX_NG_35_A.jpg;https://raw.githubusercontent.com/cooknation/itv/refs/heads/main/itv_datasheet_DELTA_MAX_NG_35_A.pdf;https://raw.githubusercontent.com/cooknation/itv/refs/heads/main/itv_manual_DELTA_MAX_NG_35_A.pdf;https://raw.githubusercontent.com/cooknation/itv/refs/heads/main/itv_technicalmanual_DELTA_MAX_NG_35_A.pdf;https://raw.githubusercontent.com/cooknation/itv/refs/heads/main/itv_drawing_DELTA_MAX_NG_35_A.pdf;https://raw.githubusercontent.com/cooknation/itv/refs/heads/main/itv_catalogue_DELTA_MAX_NG_35_A.pdf;https://raw.githubusercontent.com/cooknation/itv/refs/heads/main/itv_photo_DELTA_MAX_NG_35_A.jpg;https://raw.githubusercontent.com/cooknation/itv/refs/heads/main/itv_card_DELTA_MAX_NG_35_A.pdf;https://raw.githubusercontent.com/cooknation/itv/refs/heads/main/itv_brandcatalogue.pdf;https://raw.githubusercontent.com/cooknation/itv/refs/heads/main/itv_price.pdf
CKNITVDELTA_MAX_NG_35_A_DP;DELTA_MAX_NG_35_A_DP;ITV;Ice maker;Ice maker, spray system, full cube 40 gr., air cooling, drainage pump,;"DESIGN AND SIZE INTEGRATED IN THE PERFECT COMBINATION. Delta Max machines produce a new solid and crystalline gourmet cube, with a more modern truncated conical design that allows us to differentiate from the more classic cubes. In addition, it stands out for its large size of 40 g, adapting to the current demand of the catering industry. The DELTA MAX range incorporates the new R290 gas cooling system, which improves machine efficiency and has an IN-OUT front ventilation system that allows recessed installation. In addition, thanks to its solid structure in 4 autonomous columns, it greatly facilitates both the maintenance and the operations of the specialists.
";465;mm;595;mm;789;mm;46;Kg;2462;;EUR;;;cold>ice maker;ITV, icemaker, bar, cube, ice, full cube;;;;simple;;Production (kg/24h);45;Ice type;Full Cube;Storage;20;ice size (gr);40;Condensation;Air;Gas type;R 290;active;https://raw.githubusercontent.com/cooknation/itv/refs/heads/main/itv_video_DELTA_MAX_NG_35_A_DP.mp4;https://raw.githubusercontent.com/cooknation/itv/refs/heads/main/itv_image_DELTA_MAX_NG_35_A_DP.jpg;https://raw.githubusercontent.com/cooknation/itv/refs/heads/main/itv_image_2_DELTA_MAX_NG_35_A_DP.jpg;https://raw.githubusercontent.com/cooknation/itv/refs/heads/main/itv_image_3_DELTA_MAX_NG_35_A_DP.jpg;https://raw.githubusercontent.com/cooknation/itv/refs/heads/main/itv_datasheet_DELTA_MAX_NG_35_A_DP.pdf;https://raw.githubusercontent.com/cooknation/itv/refs/heads/main/itv_manual_DELTA_MAX_NG_35_A_DP.pdf;https://raw.githubusercontent.com/cooknation/itv/refs/heads/main/itv_technicalmanual_DELTA_MAX_NG_35_A_DP.pdf;https://raw.githubusercontent.com/cooknation/itv/refs/heads/main/itv_drawing_DELTA_MAX_NG_35_A_DP.pdf;https://raw.githubusercontent.com/cooknation/itv/refs/heads/main/itv_catalogue_DELTA_MAX_NG_35_A_DP.pdf;https://raw.githubusercontent.com/cooknation/itv/refs/heads/main/itv_photo_DELTA_MAX_NG_35_A_DP.jpg;https://raw.githubusercontent.com/cooknation/itv/refs/heads/main/itv_card_DELTA_MAX_NG_35_A_DP.pdf;https://raw.githubusercontent.com/cooknation/itv/refs/heads/main/itv_brandcatalogue.pdf;https://raw.githubusercontent.com/cooknation/itv/refs/heads/main/itv_price.pdf
CKNITVDELTA_MAX_NG_35_W;DELTA_MAX_NG_35_W;ITV;Ice maker;Ice maker, spray system, full cube 40 gr., air cooling water cooling, ;"DESIGN AND SIZE INTEGRATED IN THE PERFECT COMBINATION. Delta Max machines produce a new solid and crystalline gourmet cube, with a more modern truncated conical design that allows us to differentiate from the more classic cubes. In addition, it stands out for its large size of 40 g, adapting to the current demand of the catering industry. The DELTA MAX range incorporates the new R290 gas cooling system, which improves machine efficiency and has an IN-OUT front ventilation system that allows recessed installation. In addition, thanks to its solid structure in 4 autonomous columns, it greatly facilitates both the maintenance and the operations of the specialists.
";465;mm;595;mm;789;mm;46;Kg;2419;;EUR;;;cold>ice maker;ITV, icemaker, bar, cube, ice, full cube;;;;simple;;Production (kg/24h);38;Ice type;Full Cube;Storage;20;ice size (gr);40;Condensation;Water;Gas type;R 290;active;https://raw.githubusercontent.com/cooknation/itv/refs/heads/main/itv_video_DELTA_MAX_NG_35_W.mp4;https://raw.githubusercontent.com/cooknation/itv/refs/heads/main/itv_image_DELTA_MAX_NG_35_W.jpg;https://raw.githubusercontent.com/cooknation/itv/refs/heads/main/itv_image_2_DELTA_MAX_NG_35_W.jpg;https://raw.githubusercontent.com/cooknation/itv/refs/heads/main/itv_image_3_DELTA_MAX_NG_35_W.jpg;https://raw.githubusercontent.com/cooknation/itv/refs/heads/main/itv_datasheet_DELTA_MAX_NG_35_W.pdf;https://raw.githubusercontent.com/cooknation/itv/refs/heads/main/itv_manual_DELTA_MAX_NG_35_W.pdf;https://raw.githubusercontent.com/cooknation/itv/refs/heads/main/itv_technicalmanual_DELTA_MAX_NG_35_W.pdf;https://raw.githubusercontent.com/cooknation/itv/refs/heads/main/itv_drawing_DELTA_MAX_NG_35_W.pdf;https://raw.githubusercontent.com/cooknation/itv/refs/heads/main/itv_catalogue_DELTA_MAX_NG_35_W.pdf;https://raw.githubusercontent.com/cooknation/itv/refs/heads/main/itv_photo_DELTA_MAX_NG_35_W.jpg;https://raw.githubusercontent.com/cooknation/itv/refs/heads/main/itv_card_DELTA_MAX_NG_35_W.pdf;https://raw.githubusercontent.com/cooknation/itv/refs/heads/main/itv_brandcatalogue.pdf;https://raw.githubusercontent.com/cooknation/itv/refs/heads/main/itv_price.pdf
CKNITVDELTA_MAX_NG_45_A;DELTA_MAX_NG_45_A;ITV;Ice maker;Ice maker, spray system, full cube 40 gr., air cooling;"DESIGN AND SIZE INTEGRATED IN THE PERFECT COMBINATION. Delta Max machines produce a new solid and crystalline gourmet cube, with a more modern truncated conical design that allows us to differentiate from the more classic cubes. In addition, it stands out for its large size of 40 g, adapting to the current demand of the catering industry. The DELTA MAX range incorporates the new R290 gas cooling system, which improves machine efficiency and has an IN-OUT front ventilation system that allows recessed installation. In addition, thanks to its solid structure in 4 autonomous columns, it greatly facilitates both the maintenance and the operations of the specialists.
";465;mm;595;mm;789;mm;46;Kg;2460;;EUR;;;cold>ice maker;ITV, icemaker, bar, cube, ice, full cube;;;;simple;;Production (kg/24h);61;Ice type;Full Cube;Storage;20;ice size (gr);40;Condensation;Air;Gas type;R 290;active;https://raw.githubusercontent.com/cooknation/itv/refs/heads/main/itv_video_DELTA_MAX_NG_45_A.mp4;https://raw.githubusercontent.com/cooknation/itv/refs/heads/main/itv_image_DELTA_MAX_NG_45_A.jpg;https://raw.githubusercontent.com/cooknation/itv/refs/heads/main/itv_image_2_DELTA_MAX_NG_45_A.jpg;https://raw.githubusercontent.com/cooknation/itv/refs/heads/main/itv_image_3_DELTA_MAX_NG_45_A.jpg;https://raw.githubusercontent.com/cooknation/itv/refs/heads/main/itv_datasheet_DELTA_MAX_NG_45_A.pdf;https://raw.githubusercontent.com/cooknation/itv/refs/heads/main/itv_manual_DELTA_MAX_NG_45_A.pdf;https://raw.githubusercontent.com/cooknation/itv/refs/heads/main/itv_technicalmanual_DELTA_MAX_NG_45_A.pdf;https://raw.githubusercontent.com/cooknation/itv/refs/heads/main/itv_drawing_DELTA_MAX_NG_45_A.pdf;https://raw.githubusercontent.com/cooknation/itv/refs/heads/main/itv_catalogue_DELTA_MAX_NG_45_A.pdf;https://raw.githubusercontent.com/cooknation/itv/refs/heads/main/itv_photo_DELTA_MAX_NG_45_A.jpg;https://raw.githubusercontent.com/cooknation/itv/refs/heads/main/itv_card_DELTA_MAX_NG_45_A.pdf;https://raw.githubusercontent.com/cooknation/itv/refs/heads/main/itv_brandcatalogue.pdf;https://raw.githubusercontent.com/cooknation/itv/refs/heads/main/itv_price.pdf
CKNITVDELTA_MAX_NG_45_A_DP;DELTA_MAX_NG_45_A_DP;ITV;Ice maker;Ice maker, spray system, full cube 40 gr., air cooling, drainage pump,;"DESIGN AND SIZE INTEGRATED IN THE PERFECT COMBINATION. Delta Max machines produce a new solid and crystalline gourmet cube, with a more modern truncated conical design that allows us to differentiate from the more classic cubes. In addition, it stands out for its large size of 40 g, adapting to the current demand of the catering industry. The DELTA MAX range incorporates the new R290 gas cooling system, which improves machine efficiency and has an IN-OUT front ventilation system that allows recessed installation. In addition, thanks to its solid structure in 4 autonomous columns, it greatly facilitates both the maintenance and the operations of the specialists.
";465;mm;595;mm;789;mm;46;Kg;2567;;EUR;;;cold>ice maker;ITV, icemaker, bar, cube, ice, full cube;;;;simple;;Production (kg/24h);61;Ice type;Full Cube;Storage;20;ice size (gr);40;Condensation;Air;Gas type;R 290;active;https://raw.githubusercontent.com/cooknation/itv/refs/heads/main/itv_video_DELTA_MAX_NG_45_A_DP.mp4;https://raw.githubusercontent.com/cooknation/itv/refs/heads/main/itv_image_DELTA_MAX_NG_45_A_DP.jpg;https://raw.githubusercontent.com/cooknation/itv/refs/heads/main/itv_image_2_DELTA_MAX_NG_45_A_DP.jpg;https://raw.githubusercontent.com/cooknation/itv/refs/heads/main/itv_image_3_DELTA_MAX_NG_45_A_DP.jpg;https://raw.githubusercontent.com/cooknation/itv/refs/heads/main/itv_datasheet_DELTA_MAX_NG_45_A_DP.pdf;https://raw.githubusercontent.com/cooknation/itv/refs/heads/main/itv_manual_DELTA_MAX_NG_45_A_DP.pdf;https://raw.githubusercontent.com/cooknation/itv/refs/heads/main/itv_technicalmanual_DELTA_MAX_NG_45_A_DP.pdf;https://raw.githubusercontent.com/cooknation/itv/refs/heads/main/itv_drawing_DELTA_MAX_NG_45_A_DP.pdf;https://raw.githubusercontent.com/cooknation/itv/refs/heads/main/itv_catalogue_DELTA_MAX_NG_45_A_DP.pdf;https://raw.githubusercontent.com/cooknation/itv/refs/heads/main/itv_photo_DELTA_MAX_NG_45_A_DP.jpg;https://raw.githubusercontent.com/cooknation/itv/refs/heads/main/itv_card_DELTA_MAX_NG_45_A_DP.pdf;https://raw.githubusercontent.com/cooknation/itv/refs/heads/main/itv_brandcatalogue.pdf;https://raw.githubusercontent.com/cooknation/itv/refs/heads/main/itv_price.pdf
CKNITVDELTA_MAX_NG_45_W;DELTA_MAX_NG_45_W;ITV;Ice maker;Ice maker, spray system, full cube 40 gr., water cooling, ;"DESIGN AND SIZE INTEGRATED IN THE PERFECT COMBINATION. Delta Max machines produce a new solid and crystalline gourmet cube, with a more modern truncated conical design that allows us to differentiate from the more classic cubes. In addition, it stands out for its large size of 40 g, adapting to the current demand of the catering industry. The DELTA MAX range incorporates the new R290 gas cooling system, which improves machine efficiency and has an IN-OUT front ventilation system that allows recessed installation. In addition, thanks to its solid structure in 4 autonomous columns, it greatly facilitates both the maintenance and the operations of the specialists.
";465;mm;595;mm;789;mm;46;Kg;2465;;EUR;;;cold>ice maker;ITV, icemaker, bar, cube, ice, full cube;;;;simple;;Production (kg/24h);52;Ice type;Full Cube;Storage;20;ice size (gr);40;Condensation;Water;Gas type;R 290;active;https://raw.githubusercontent.com/cooknation/itv/refs/heads/main/itv_video_DELTA_MAX_NG_45_W.mp4;https://raw.githubusercontent.com/cooknation/itv/refs/heads/main/itv_image_DELTA_MAX_NG_45_W.jpg;https://raw.githubusercontent.com/cooknation/itv/refs/heads/main/itv_image_2_DELTA_MAX_NG_45_W.jpg;https://raw.githubusercontent.com/cooknation/itv/refs/heads/main/itv_image_3_DELTA_MAX_NG_45_W.jpg;https://raw.githubusercontent.com/cooknation/itv/refs/heads/main/itv_datasheet_DELTA_MAX_NG_45_W.pdf;https://raw.githubusercontent.com/cooknation/itv/refs/heads/main/itv_manual_DELTA_MAX_NG_45_W.pdf;https://raw.githubusercontent.com/cooknation/itv/refs/heads/main/itv_technicalmanual_DELTA_MAX_NG_45_W.pdf;https://raw.githubusercontent.com/cooknation/itv/refs/heads/main/itv_drawing_DELTA_MAX_NG_45_W.pdf;https://raw.githubusercontent.com/cooknation/itv/refs/heads/main/itv_catalogue_DELTA_MAX_NG_45_W.pdf;https://raw.githubusercontent.com/cooknation/itv/refs/heads/main/itv_photo_DELTA_MAX_NG_45_W.jpg;https://raw.githubusercontent.com/cooknation/itv/refs/heads/main/itv_card_DELTA_MAX_NG_45_W.pdf;https://raw.githubusercontent.com/cooknation/itv/refs/heads/main/itv_brandcatalogue.pdf;https://raw.githubusercontent.com/cooknation/itv/refs/heads/main/itv_price.pdf
CKNITVDELTA_MAX_NG_60_A;DELTA_MAX_NG_60_A;ITV;Ice maker;Ice maker, spray system, full cube 40 gr., air cooling;"DESIGN AND SIZE INTEGRATED IN THE PERFECT COMBINATION. Delta Max machines produce a new solid and crystalline gourmet cube, with a more modern truncated conical design that allows us to differentiate from the more classic cubes. In addition, it stands out for its large size of 40 g, adapting to the current demand of the catering industry. The DELTA MAX range incorporates the new R290 gas cooling system, which improves machine efficiency and has an IN-OUT front ventilation system that allows recessed installation. In addition, thanks to its solid structure in 4 autonomous columns, it greatly facilitates both the maintenance and the operations of the specialists.
";535;mm;595;mm;789;mm;54;Kg;2730;;EUR;;;cold>ice maker;ITV, icemaker, bar, cube, ice, full cube;;;;simple;;Production (kg/24h);77;Ice type;Full Cube;Storage;25;ice size (gr);40;Condensation;Air;Gas type;R 290;active;https://raw.githubusercontent.com/cooknation/itv/refs/heads/main/itv_video_DELTA_MAX_NG_60_A.mp4;https://raw.githubusercontent.com/cooknation/itv/refs/heads/main/itv_image_DELTA_MAX_NG_60_A.jpg;https://raw.githubusercontent.com/cooknation/itv/refs/heads/main/itv_image_2_DELTA_MAX_NG_60_A.jpg;https://raw.githubusercontent.com/cooknation/itv/refs/heads/main/itv_image_3_DELTA_MAX_NG_60_A.jpg;https://raw.githubusercontent.com/cooknation/itv/refs/heads/main/itv_datasheet_DELTA_MAX_NG_60_A.pdf;https://raw.githubusercontent.com/cooknation/itv/refs/heads/main/itv_manual_DELTA_MAX_NG_60_A.pdf;https://raw.githubusercontent.com/cooknation/itv/refs/heads/main/itv_technicalmanual_DELTA_MAX_NG_60_A.pdf;https://raw.githubusercontent.com/cooknation/itv/refs/heads/main/itv_drawing_DELTA_MAX_NG_60_A.pdf;https://raw.githubusercontent.com/cooknation/itv/refs/heads/main/itv_catalogue_DELTA_MAX_NG_60_A.pdf;https://raw.githubusercontent.com/cooknation/itv/refs/heads/main/itv_photo_DELTA_MAX_NG_60_A.jpg;https://raw.githubusercontent.com/cooknation/itv/refs/heads/main/itv_card_DELTA_MAX_NG_60_A.pdf;https://raw.githubusercontent.com/cooknation/itv/refs/heads/main/itv_brandcatalogue.pdf;https://raw.githubusercontent.com/cooknation/itv/refs/heads/main/itv_price.pdf
CKNITVDELTA_MAX_NG_60_A_DP;DELTA_MAX_NG_60_A_DP;ITV;Ice maker;Ice maker, spray system, full cube 40 gr., air cooling, drainage pump, ;"DESIGN AND SIZE INTEGRATED IN THE PERFECT COMBINATION. Delta Max machines produce a new solid and crystalline gourmet cube, with a more modern truncated conical design that allows us to differentiate from the more classic cubes. In addition, it stands out for its large size of 40 g, adapting to the current demand of the catering industry. The DELTA MAX range incorporates the new R290 gas cooling system, which improves machine efficiency and has an IN-OUT front ventilation system that allows recessed installation. In addition, thanks to its solid structure in 4 autonomous columns, it greatly facilitates both the maintenance and the operations of the specialists.
";535;mm;595;mm;789;mm;54;Kg;2838;;EUR;;;cold>ice maker;ITV, icemaker, bar, cube, ice, full cube;;;;simple;;Production (kg/24h);77;Ice type;Full Cube;Storage;25;ice size (gr);40;Condensation;Air;Gas type;R 290;active;https://raw.githubusercontent.com/cooknation/itv/refs/heads/main/itv_video_DELTA_MAX_NG_60_A_DP.mp4;https://raw.githubusercontent.com/cooknation/itv/refs/heads/main/itv_image_DELTA_MAX_NG_60_A_DP.jpg;https://raw.githubusercontent.com/cooknation/itv/refs/heads/main/itv_image_2_DELTA_MAX_NG_60_A_DP.jpg;https://raw.githubusercontent.com/cooknation/itv/refs/heads/main/itv_image_3_DELTA_MAX_NG_60_A_DP.jpg;https://raw.githubusercontent.com/cooknation/itv/refs/heads/main/itv_datasheet_DELTA_MAX_NG_60_A_DP.pdf;https://raw.githubusercontent.com/cooknation/itv/refs/heads/main/itv_manual_DELTA_MAX_NG_60_A_DP.pdf;https://raw.githubusercontent.com/cooknation/itv/refs/heads/main/itv_technicalmanual_DELTA_MAX_NG_60_A_DP.pdf;https://raw.githubusercontent.com/cooknation/itv/refs/heads/main/itv_drawing_DELTA_MAX_NG_60_A_DP.pdf;https://raw.githubusercontent.com/cooknation/itv/refs/heads/main/itv_catalogue_DELTA_MAX_NG_60_A_DP.pdf;https://raw.githubusercontent.com/cooknation/itv/refs/heads/main/itv_photo_DELTA_MAX_NG_60_A_DP.jpg;https://raw.githubusercontent.com/cooknation/itv/refs/heads/main/itv_card_DELTA_MAX_NG_60_A_DP.pdf;https://raw.githubusercontent.com/cooknation/itv/refs/heads/main/itv_brandcatalogue.pdf;https://raw.githubusercontent.com/cooknation/itv/refs/heads/main/itv_price.pdf
CKNITVDELTA_MAX_NG_60_W;DELTA_MAX_NG_60_W;ITV;Ice maker;Ice maker, spray system, full cube 40 gr., water cooling, ;"DESIGN AND SIZE INTEGRATED IN THE PERFECT COMBINATION. Delta Max machines produce a new solid and crystalline gourmet cube, with a more modern truncated conical design that allows us to differentiate from the more classic cubes. In addition, it stands out for its large size of 40 g, adapting to the current demand of the catering industry. The DELTA MAX range incorporates the new R290 gas cooling system, which improves machine efficiency and has an IN-OUT front ventilation system that allows recessed installation. In addition, thanks to its solid structure in 4 autonomous columns, it greatly facilitates both the maintenance and the operations of the specialists.
";535;mm;595;mm;789;mm;54;Kg;2769;;EUR;;;cold>ice maker;ITV, icemaker, bar, cube, ice, full cube;;;;simple;;Production (kg/24h);78;Ice type;Full Cube;Storage;25;ice size (gr);40;Condensation;Water;Gas type;R 290;active;https://raw.githubusercontent.com/cooknation/itv/refs/heads/main/itv_video_DELTA_MAX_NG_60_W.mp4;https://raw.githubusercontent.com/cooknation/itv/refs/heads/main/itv_image_DELTA_MAX_NG_60_W.jpg;https://raw.githubusercontent.com/cooknation/itv/refs/heads/main/itv_image_2_DELTA_MAX_NG_60_W.jpg;https://raw.githubusercontent.com/cooknation/itv/refs/heads/main/itv_image_3_DELTA_MAX_NG_60_W.jpg;https://raw.githubusercontent.com/cooknation/itv/refs/heads/main/itv_datasheet_DELTA_MAX_NG_60_W.pdf;https://raw.githubusercontent.com/cooknation/itv/refs/heads/main/itv_manual_DELTA_MAX_NG_60_W.pdf;https://raw.githubusercontent.com/cooknation/itv/refs/heads/main/itv_technicalmanual_DELTA_MAX_NG_60_W.pdf;https://raw.githubusercontent.com/cooknation/itv/refs/heads/main/itv_drawing_DELTA_MAX_NG_60_W.pdf;https://raw.githubusercontent.com/cooknation/itv/refs/heads/main/itv_catalogue_DELTA_MAX_NG_60_W.pdf;https://raw.githubusercontent.com/cooknation/itv/refs/heads/main/itv_photo_DELTA_MAX_NG_60_W.jpg;https://raw.githubusercontent.com/cooknation/itv/refs/heads/main/itv_card_DELTA_MAX_NG_60_W.pdf;https://raw.githubusercontent.com/cooknation/itv/refs/heads/main/itv_brandcatalogue.pdf;https://raw.githubusercontent.com/cooknation/itv/refs/heads/main/itv_price.pdf
CKNITVDELTA_MAX_NG_80_A;DELTA_MAX_NG_80_A;ITV;Ice maker;Ice maker, spray system, full cube 40 gr., air cooling;"DESIGN AND SIZE INTEGRATED IN THE PERFECT COMBINATION. Delta Max machines produce a new solid and crystalline gourmet cube, with a more modern truncated conical design that allows us to differentiate from the more classic cubes. In addition, it stands out for its large size of 40 g, adapting to the current demand of the catering industry. The DELTA MAX range incorporates the new R290 gas cooling system, which improves machine efficiency and has an IN-OUT front ventilation system that allows recessed installation. In addition, thanks to its solid structure in 4 autonomous columns, it greatly facilitates both the maintenance and the operations of the specialists.
";715;mm;595;mm;939;mm;69;Kg;3432;;EUR;;;cold>ice maker;ITV, icemaker, bar, cube, ice, full cube;;;;simple;;Production (kg/24h);80;Ice type;Full Cube;Storage;35;ice size (gr);40;Condensation;Air;Gas type;R 290;active;https://raw.githubusercontent.com/cooknation/itv/refs/heads/main/itv_video_DELTA_MAX_NG_80_A.mp4;https://raw.githubusercontent.com/cooknation/itv/refs/heads/main/itv_image_DELTA_MAX_NG_80_A.jpg;https://raw.githubusercontent.com/cooknation/itv/refs/heads/main/itv_image_2_DELTA_MAX_NG_80_A.jpg;https://raw.githubusercontent.com/cooknation/itv/refs/heads/main/itv_image_3_DELTA_MAX_NG_80_A.jpg;https://raw.githubusercontent.com/cooknation/itv/refs/heads/main/itv_datasheet_DELTA_MAX_NG_80_A.pdf;https://raw.githubusercontent.com/cooknation/itv/refs/heads/main/itv_manual_DELTA_MAX_NG_80_A.pdf;https://raw.githubusercontent.com/cooknation/itv/refs/heads/main/itv_technicalmanual_DELTA_MAX_NG_80_A.pdf;https://raw.githubusercontent.com/cooknation/itv/refs/heads/main/itv_drawing_DELTA_MAX_NG_80_A.pdf;https://raw.githubusercontent.com/cooknation/itv/refs/heads/main/itv_catalogue_DELTA_MAX_NG_80_A.pdf;https://raw.githubusercontent.com/cooknation/itv/refs/heads/main/itv_photo_DELTA_MAX_NG_80_A.jpg;https://raw.githubusercontent.com/cooknation/itv/refs/heads/main/itv_card_DELTA_MAX_NG_80_A.pdf;https://raw.githubusercontent.com/cooknation/itv/refs/heads/main/itv_brandcatalogue.pdf;https://raw.githubusercontent.com/cooknation/itv/refs/heads/main/itv_price.pdf
CKNITVDELTA_MAX_NG_80_A_DP;DELTA_MAX_NG_80_A_DP;ITV;Ice maker;Ice maker, spray system, full cube 40 gr., air cooling, drainage pump, ;"DESIGN AND SIZE INTEGRATED IN THE PERFECT COMBINATION. Delta Max machines produce a new solid and crystalline gourmet cube, with a more modern truncated conical design that allows us to differentiate from the more classic cubes. In addition, it stands out for its large size of 40 g, adapting to the current demand of the catering industry. The DELTA MAX range incorporates the new R290 gas cooling system, which improves machine efficiency and has an IN-OUT front ventilation system that allows recessed installation. In addition, thanks to its solid structure in 4 autonomous columns, it greatly facilitates both the maintenance and the operations of the specialists.
";715;mm;595;mm;939;mm;69;Kg;3540;;EUR;;;cold>ice maker;ITV, icemaker, bar, cube, ice, full cube;;;;simple;;Production (kg/24h);80;Ice type;Full Cube;Storage;35;ice size (gr);40;Condensation;Air;Gas type;R 290;active;https://raw.githubusercontent.com/cooknation/itv/refs/heads/main/itv_video_DELTA_MAX_NG_80_A_DP.mp4;https://raw.githubusercontent.com/cooknation/itv/refs/heads/main/itv_image_DELTA_MAX_NG_80_A_DP.jpg;https://raw.githubusercontent.com/cooknation/itv/refs/heads/main/itv_image_2_DELTA_MAX_NG_80_A_DP.jpg;https://raw.githubusercontent.com/cooknation/itv/refs/heads/main/itv_image_3_DELTA_MAX_NG_80_A_DP.jpg;https://raw.githubusercontent.com/cooknation/itv/refs/heads/main/itv_datasheet_DELTA_MAX_NG_80_A_DP.pdf;https://raw.githubusercontent.com/cooknation/itv/refs/heads/main/itv_manual_DELTA_MAX_NG_80_A_DP.pdf;https://raw.githubusercontent.com/cooknation/itv/refs/heads/main/itv_technicalmanual_DELTA_MAX_NG_80_A_DP.pdf;https://raw.githubusercontent.com/cooknation/itv/refs/heads/main/itv_drawing_DELTA_MAX_NG_80_A_DP.pdf;https://raw.githubusercontent.com/cooknation/itv/refs/heads/main/itv_catalogue_DELTA_MAX_NG_80_A_DP.pdf;https://raw.githubusercontent.com/cooknation/itv/refs/heads/main/itv_photo_DELTA_MAX_NG_80_A_DP.jpg;https://raw.githubusercontent.com/cooknation/itv/refs/heads/main/itv_card_DELTA_MAX_NG_80_A_DP.pdf;https://raw.githubusercontent.com/cooknation/itv/refs/heads/main/itv_brandcatalogue.pdf;https://raw.githubusercontent.com/cooknation/itv/refs/heads/main/itv_price.pdf
CKNITVDELTA_MAX_NG_80_W;DELTA_MAX_NG_80_W;ITV;Ice maker;Ice maker, spray system, full cube 40 gr., water cooling, ;"DESIGN AND SIZE INTEGRATED IN THE PERFECT COMBINATION. Delta Max machines produce a new solid and crystalline gourmet cube, with a more modern truncated conical design that allows us to differentiate from the more classic cubes. In addition, it stands out for its large size of 40 g, adapting to the current demand of the catering industry. The DELTA MAX range incorporates the new R290 gas cooling system, which improves machine efficiency and has an IN-OUT front ventilation system that allows recessed installation. In addition, thanks to its solid structure in 4 autonomous columns, it greatly facilitates both the maintenance and the operations of the specialists.
";715;mm;595;mm;939;mm;69;Kg;3488;;EUR;;;cold>ice maker;ITV, icemaker, bar, cube, ice, full cube;;;;simple;;Production (kg/24h);83;Ice type;Full Cube;Storage;35;ice size (gr);40;Condensation;Water;Gas type;R 290;active;https://raw.githubusercontent.com/cooknation/itv/refs/heads/main/itv_video_DELTA_MAX_NG_80_W.mp4;https://raw.githubusercontent.com/cooknation/itv/refs/heads/main/itv_image_DELTA_MAX_NG_80_W.jpg;https://raw.githubusercontent.com/cooknation/itv/refs/heads/main/itv_image_2_DELTA_MAX_NG_80_W.jpg;https://raw.githubusercontent.com/cooknation/itv/refs/heads/main/itv_image_3_DELTA_MAX_NG_80_W.jpg;https://raw.githubusercontent.com/cooknation/itv/refs/heads/main/itv_datasheet_DELTA_MAX_NG_80_W.pdf;https://raw.githubusercontent.com/cooknation/itv/refs/heads/main/itv_manual_DELTA_MAX_NG_80_W.pdf;https://raw.githubusercontent.com/cooknation/itv/refs/heads/main/itv_technicalmanual_DELTA_MAX_NG_80_W.pdf;https://raw.githubusercontent.com/cooknation/itv/refs/heads/main/itv_drawing_DELTA_MAX_NG_80_W.pdf;https://raw.githubusercontent.com/cooknation/itv/refs/heads/main/itv_catalogue_DELTA_MAX_NG_80_W.pdf;https://raw.githubusercontent.com/cooknation/itv/refs/heads/main/itv_photo_DELTA_MAX_NG_80_W.jpg;https://raw.githubusercontent.com/cooknation/itv/refs/heads/main/itv_card_DELTA_MAX_NG_80_W.pdf;https://raw.githubusercontent.com/cooknation/itv/refs/heads/main/itv_brandcatalogue.pdf;https://raw.githubusercontent.com/cooknation/itv/refs/heads/main/itv_price.pdf
CKNITVDISPENSER_DHD_130_SLIM;DISPENSER_DHD_130_SLIM;ITV;Ice dispenser;Ice dispenser;SIRION Ice Dispenser is the optimal solution if you want to be sure that you have ice at all times in order to provide the desired level of comfort and build up customer loyalty. It is easy to use, silent and efficient, just like having a personal butler to serve your clients. ITV’s new ice dispenser produces large and small ice cubes. Ice is easily released just with a light push, always meeting the needs of your clients. The 30″ model stores up to 104 kg of ice and it features a convenient access to the tub, enabling easy cleaning without having to move the ice machine.  The machine is supplied with AISI 304 stainless steel case and adjustable legs. It also features build-in lightening and a 20-sm sink depth, so it can be installed in any hotel-size cooler. This machine is reliable, hygienic, with only a few parts, energy-efficient and it has a modern and attractive appearance.  It meets EC and NSF regulations and certifications. ITV ice maker is available with water refill and a coin mechanism. It is a perfect choice for hotels, resorts and recreation centres.;559;mm;835;mm;1218;mm;73;Kg;6360;;EUR;;;cold>ice maker;ITV, icemaker, bar, ice dispenser;;;;simple;;;;;;Storage;58;;;;;;;active;https://raw.githubusercontent.com/cooknation/itv/refs/heads/main/itv_video_DISPENSER_DHD_130_SLIM.mp4;https://raw.githubusercontent.com/cooknation/itv/refs/heads/main/itv_image_DISPENSER_DHD_130_SLIM.jpg;https://raw.githubusercontent.com/cooknation/itv/refs/heads/main/itv_image_2_DISPENSER_DHD_130_SLIM.jpg;https://raw.githubusercontent.com/cooknation/itv/refs/heads/main/itv_image_3_DISPENSER_DHD_130_SLIM.jpg;https://raw.githubusercontent.com/cooknation/itv/refs/heads/main/itv_datasheet_DISPENSER_DHD_130_SLIM.pdf;https://raw.githubusercontent.com/cooknation/itv/refs/heads/main/itv_manual_DISPENSER_DHD_130_SLIM.pdf;https://raw.githubusercontent.com/cooknation/itv/refs/heads/main/itv_technicalmanual_DISPENSER_DHD_130_SLIM.pdf;https://raw.githubusercontent.com/cooknation/itv/refs/heads/main/itv_drawing_DISPENSER_DHD_130_SLIM.pdf;https://raw.githubusercontent.com/cooknation/itv/refs/heads/main/itv_catalogue_DISPENSER_DHD_130_SLIM.pdf;https://raw.githubusercontent.com/cooknation/itv/refs/heads/main/itv_photo_DISPENSER_DHD_130_SLIM.jpg;https://raw.githubusercontent.com/cooknation/itv/refs/heads/main/itv_card_DISPENSER_DHD_130_SLIM.pdf;https://raw.githubusercontent.com/cooknation/itv/refs/heads/main/itv_brandcatalogue.pdf;https://raw.githubusercontent.com/cooknation/itv/refs/heads/main/itv_price.pdf
CKNITVDISPENSER_DHD_130_SLIM_WATER;DISPENSER_DHD_130_SLIM_WATER;ITV;Ice and water dispenser;Ice and water dispenser;SIRION Ice Dispenser is the optimal solution if you want to be sure that you have ice at all times in order to provide the desired level of comfort and build up customer loyalty. It is easy to use, silent and efficient, just like having a personal butler to serve your clients. ITV’s new ice dispenser produces large and small ice cubes. Ice is easily released just with a light push, always meeting the needs of your clients. The 30″ model stores up to 104 kg of ice and it features a convenient access to the tub, enabling easy cleaning without having to move the ice machine.  The machine is supplied with AISI 304 stainless steel case and adjustable legs. It also features build-in lightening and a 20-sm sink depth, so it can be installed in any hotel-size cooler. This machine is reliable, hygienic, with only a few parts, energy-efficient and it has a modern and attractive appearance.  It meets EC and NSF regulations and certifications. ITV ice maker is available with water refill and a coin mechanism. It is a perfect choice for hotels, resorts and recreation centres.;559;mm;835;mm;1218;mm;73;Kg;6574;;EUR;;;cold>ice maker;ITV, icemaker, bar, ice dispenser;;;;simple;;;;;;Storage;58;;;;;;;active;https://raw.githubusercontent.com/cooknation/itv/refs/heads/main/itv_video_DISPENSER_DHD_130_SLIM_WATER.mp4;https://raw.githubusercontent.com/cooknation/itv/refs/heads/main/itv_image_DISPENSER_DHD_130_SLIM_WATER.jpg;https://raw.githubusercontent.com/cooknation/itv/refs/heads/main/itv_image_2_DISPENSER_DHD_130_SLIM_WATER.jpg;https://raw.githubusercontent.com/cooknation/itv/refs/heads/main/itv_image_3_DISPENSER_DHD_130_SLIM_WATER.jpg;https://raw.githubusercontent.com/cooknation/itv/refs/heads/main/itv_datasheet_DISPENSER_DHD_130_SLIM_WATER.pdf;https://raw.githubusercontent.com/cooknation/itv/refs/heads/main/itv_manual_DISPENSER_DHD_130_SLIM_WATER.pdf;https://raw.githubusercontent.com/cooknation/itv/refs/heads/main/itv_technicalmanual_DISPENSER_DHD_130_SLIM_WATER.pdf;https://raw.githubusercontent.com/cooknation/itv/refs/heads/main/itv_drawing_DISPENSER_DHD_130_SLIM_WATER.pdf;https://raw.githubusercontent.com/cooknation/itv/refs/heads/main/itv_catalogue_DISPENSER_DHD_130_SLIM_WATER.pdf;https://raw.githubusercontent.com/cooknation/itv/refs/heads/main/itv_photo_DISPENSER_DHD_130_SLIM_WATER.jpg;https://raw.githubusercontent.com/cooknation/itv/refs/heads/main/itv_card_DISPENSER_DHD_130_SLIM_WATER.pdf;https://raw.githubusercontent.com/cooknation/itv/refs/heads/main/itv_brandcatalogue.pdf;https://raw.githubusercontent.com/cooknation/itv/refs/heads/main/itv_price.pdf
CKNITVDISPENSER_DHD_200;DISPENSER_DHD_200;ITV;Ice dispenser;Ice dispenser;SIRION Ice Dispenser is the optimal solution if you want to be sure that you have ice at all times in order to provide the desired level of comfort and build up customer loyalty. It is easy to use, silent and efficient, just like having a personal butler to serve your clients. ITV’s new ice dispenser produces large and small ice cubes. Ice is easily released just with a light push, always meeting the needs of your clients. The 30″ model stores up to 104 kg of ice and it features a convenient access to the tub, enabling easy cleaning without having to move the ice machine.  The machine is supplied with AISI 304 stainless steel case and adjustable legs. It also features build-in lightening and a 20-sm sink depth, so it can be installed in any hotel-size cooler. This machine is reliable, hygienic, with only a few parts, energy-efficient and it has a modern and attractive appearance.  It meets EC and NSF regulations and certifications. ITV ice maker is available with water refill and a coin mechanism. It is a perfect choice for hotels, resorts and recreation centres.;769;mm;835;mm;1383;mm;94;Kg;6518;;EUR;;;cold>ice maker;ITV, icemaker, bar, ice dispenser;;;;simple;;;;;;Storage;104;;;;;;;active;https://raw.githubusercontent.com/cooknation/itv/refs/heads/main/itv_video_DISPENSER_DHD_200.mp4;https://raw.githubusercontent.com/cooknation/itv/refs/heads/main/itv_image_DISPENSER_DHD_200.jpg;https://raw.githubusercontent.com/cooknation/itv/refs/heads/main/itv_image_2_DISPENSER_DHD_200.jpg;https://raw.githubusercontent.com/cooknation/itv/refs/heads/main/itv_image_3_DISPENSER_DHD_200.jpg;https://raw.githubusercontent.com/cooknation/itv/refs/heads/main/itv_datasheet_DISPENSER_DHD_200.pdf;https://raw.githubusercontent.com/cooknation/itv/refs/heads/main/itv_manual_DISPENSER_DHD_200.pdf;https://raw.githubusercontent.com/cooknation/itv/refs/heads/main/itv_technicalmanual_DISPENSER_DHD_200.pdf;https://raw.githubusercontent.com/cooknation/itv/refs/heads/main/itv_drawing_DISPENSER_DHD_200.pdf;https://raw.githubusercontent.com/cooknation/itv/refs/heads/main/itv_catalogue_DISPENSER_DHD_200.pdf;https://raw.githubusercontent.com/cooknation/itv/refs/heads/main/itv_photo_DISPENSER_DHD_200.jpg;https://raw.githubusercontent.com/cooknation/itv/refs/heads/main/itv_card_DISPENSER_DHD_200.pdf;https://raw.githubusercontent.com/cooknation/itv/refs/heads/main/itv_brandcatalogue.pdf;https://raw.githubusercontent.com/cooknation/itv/refs/heads/main/itv_price.pdf
CKNITVDISPENSER_DHD_200_WATER;DISPENSER_DHD_200_WATER;ITV;Ice and water dispenser;Ice and water dispenser;SIRION Ice Dispenser is the optimal solution if you want to be sure that you have ice at all times in order to provide the desired level of comfort and build up customer loyalty. It is easy to use, silent and efficient, just like having a personal butler to serve your clients. ITV’s new ice dispenser produces large and small ice cubes. Ice is easily released just with a light push, always meeting the needs of your clients. The 30″ model stores up to 104 kg of ice and it features a convenient access to the tub, enabling easy cleaning without having to move the ice machine.  The machine is supplied with AISI 304 stainless steel case and adjustable legs. It also features build-in lightening and a 20-sm sink depth, so it can be installed in any hotel-size cooler. This machine is reliable, hygienic, with only a few parts, energy-efficient and it has a modern and attractive appearance.  It meets EC and NSF regulations and certifications. ITV ice maker is available with water refill and a coin mechanism. It is a perfect choice for hotels, resorts and recreation centres.;769;mm;835;mm;1383;mm;94;Kg;6653;;EUR;;;cold>ice maker;ITV, icemaker, bar, ice dispenser;;;;simple;;;;;;Storage;104;;;;;;;active;https://raw.githubusercontent.com/cooknation/itv/refs/heads/main/itv_video_DISPENSER_DHD_200_WATER.mp4;https://raw.githubusercontent.com/cooknation/itv/refs/heads/main/itv_image_DISPENSER_DHD_200_WATER.jpg;https://raw.githubusercontent.com/cooknation/itv/refs/heads/main/itv_image_2_DISPENSER_DHD_200_WATER.jpg;https://raw.githubusercontent.com/cooknation/itv/refs/heads/main/itv_image_3_DISPENSER_DHD_200_WATER.jpg;https://raw.githubusercontent.com/cooknation/itv/refs/heads/main/itv_datasheet_DISPENSER_DHD_200_WATER.pdf;https://raw.githubusercontent.com/cooknation/itv/refs/heads/main/itv_manual_DISPENSER_DHD_200_WATER.pdf;https://raw.githubusercontent.com/cooknation/itv/refs/heads/main/itv_technicalmanual_DISPENSER_DHD_200_WATER.pdf;https://raw.githubusercontent.com/cooknation/itv/refs/heads/main/itv_drawing_DISPENSER_DHD_200_WATER.pdf;https://raw.githubusercontent.com/cooknation/itv/refs/heads/main/itv_catalogue_DISPENSER_DHD_200_WATER.pdf;https://raw.githubusercontent.com/cooknation/itv/refs/heads/main/itv_photo_DISPENSER_DHD_200_WATER.jpg;https://raw.githubusercontent.com/cooknation/itv/refs/heads/main/itv_card_DISPENSER_DHD_200_WATER.pdf;https://raw.githubusercontent.com/cooknation/itv/refs/heads/main/itv_brandcatalogue.pdf;https://raw.githubusercontent.com/cooknation/itv/refs/heads/main/itv_price.pdf
CKNITVEASY_CART;EASY_CART;ITV;Ice trolley;Ice trolley - kit 6 baskets;;620;mm;1054;mm;722;mm;35;Kg;1998;;EUR;;;cold>ice maker;ITV, icemaker, bar;;;;simple;;;;;;Storage;112;;;;;;;active;https://raw.githubusercontent.com/cooknation/itv/refs/heads/main/itv_video_EASY_CART.mp4;https://raw.githubusercontent.com/cooknation/itv/refs/heads/main/itv_image_EASY_CART.jpg;https://raw.githubusercontent.com/cooknation/itv/refs/heads/main/itv_image_2_EASY_CART.jpg;https://raw.githubusercontent.com/cooknation/itv/refs/heads/main/itv_image_3_EASY_CART.jpg;https://raw.githubusercontent.com/cooknation/itv/refs/heads/main/itv_datasheet_EASY_CART.pdf;https://raw.githubusercontent.com/cooknation/itv/refs/heads/main/itv_manual_EASY_CART.pdf;https://raw.githubusercontent.com/cooknation/itv/refs/heads/main/itv_technicalmanual_EASY_CART.pdf;https://raw.githubusercontent.com/cooknation/itv/refs/heads/main/itv_drawing_EASY_CART.pdf;https://raw.githubusercontent.com/cooknation/itv/refs/heads/main/itv_catalogue_EASY_CART.pdf;https://raw.githubusercontent.com/cooknation/itv/refs/heads/main/itv_photo_EASY_CART.jpg;https://raw.githubusercontent.com/cooknation/itv/refs/heads/main/itv_card_EASY_CART.pdf;https://raw.githubusercontent.com/cooknation/itv/refs/heads/main/itv_brandcatalogue.pdf;https://raw.githubusercontent.com/cooknation/itv/refs/heads/main/itv_price.pdf
CKNITVGALA_MDP_150_A;GALA_MDP_150_A;ITV;Ice maker;Ice maker, spray system, full cube 22gr., air cooling,;THE GOURMET ICE CUBE MACHINE.Designed to produce the perfect, elegant cube par excellence, the range of GALA machines incorporates all of the technological advances of ITV-Ice Makers. The result is a piece of ice that is served in the vast majority of quality establishments in the West. GALA machines have a solid internal structure that enables both maintenance and specialist intervention, thanks to its solid structure of four independent columns. The elastic shower system, patented by ITV, prevents limescale problems. In order to accurately control production, separate thermostats help regulate both the production time and the amount of ice stored.The most highly regarded cube for Premium drinks, it takes just enough time to melt so as not to slow down the cooling. Ideal for wide glasses, it is not recommended in tube-glasses.;775;mm;625;mm;805;mm;87;Kg;4860;;EUR;;;cold>ice maker;ITV, icemaker, bar, cube, ice, full cube;;;;simple;;Production (kg/24h);145;Ice type;Full Cube;Storage;MODULAR;ice size (gr);22;Condensation;Air;Gas type;R 290;active;https://raw.githubusercontent.com/cooknation/itv/refs/heads/main/itv_video_GALA_MDP_150_A.mp4;https://raw.githubusercontent.com/cooknation/itv/refs/heads/main/itv_image_GALA_MDP_150_A.jpg;https://raw.githubusercontent.com/cooknation/itv/refs/heads/main/itv_image_2_GALA_MDP_150_A.jpg;https://raw.githubusercontent.com/cooknation/itv/refs/heads/main/itv_image_3_GALA_MDP_150_A.jpg;https://raw.githubusercontent.com/cooknation/itv/refs/heads/main/itv_datasheet_GALA_MDP_150_A.pdf;https://raw.githubusercontent.com/cooknation/itv/refs/heads/main/itv_manual_GALA_MDP_150_A.pdf;https://raw.githubusercontent.com/cooknation/itv/refs/heads/main/itv_technicalmanual_GALA_MDP_150_A.pdf;https://raw.githubusercontent.com/cooknation/itv/refs/heads/main/itv_drawing_GALA_MDP_150_A.pdf;https://raw.githubusercontent.com/cooknation/itv/refs/heads/main/itv_catalogue_GALA_MDP_150_A.pdf;https://raw.githubusercontent.com/cooknation/itv/refs/heads/main/itv_photo_GALA_MDP_150_A.jpg;https://raw.githubusercontent.com/cooknation/itv/refs/heads/main/itv_card_GALA_MDP_150_A.pdf;https://raw.githubusercontent.com/cooknation/itv/refs/heads/main/itv_brandcatalogue.pdf;https://raw.githubusercontent.com/cooknation/itv/refs/heads/main/itv_price.pdf
CKNITVGALA_MDP_150_W;GALA_MDP_150_W;ITV;Ice maker;Ice maker, spray system, full cube 22gr., water cooling,;THE GOURMET ICE CUBE MACHINE.Designed to produce the perfect, elegant cube par excellence, the range of GALA machines incorporates all of the technological advances of ITV-Ice Makers. The result is a piece of ice that is served in the vast majority of quality establishments in the West. GALA machines have a solid internal structure that enables both maintenance and specialist intervention, thanks to its solid structure of four independent columns. The elastic shower system, patented by ITV, prevents limescale problems. In order to accurately control production, separate thermostats help regulate both the production time and the amount of ice stored.The most highly regarded cube for Premium drinks, it takes just enough time to melt so as not to slow down the cooling. Ideal for wide glasses, it is not recommended in tube-glasses.;775;mm;625;mm;805;mm;87;Kg;5389;;EUR;;;cold>ice maker;ITV, icemaker, bar, cube, ice, full cube;;;;simple;;Production (kg/24h);150;Ice type;Full Cube;Storage;MODULAR;ice size (gr);22;Condensation;Water;Gas type;R 290;active;https://raw.githubusercontent.com/cooknation/itv/refs/heads/main/itv_video_GALA_MDP_150_W.mp4;https://raw.githubusercontent.com/cooknation/itv/refs/heads/main/itv_image_GALA_MDP_150_W.jpg;https://raw.githubusercontent.com/cooknation/itv/refs/heads/main/itv_image_2_GALA_MDP_150_W.jpg;https://raw.githubusercontent.com/cooknation/itv/refs/heads/main/itv_image_3_GALA_MDP_150_W.jpg;https://raw.githubusercontent.com/cooknation/itv/refs/heads/main/itv_datasheet_GALA_MDP_150_W.pdf;https://raw.githubusercontent.com/cooknation/itv/refs/heads/main/itv_manual_GALA_MDP_150_W.pdf;https://raw.githubusercontent.com/cooknation/itv/refs/heads/main/itv_technicalmanual_GALA_MDP_150_W.pdf;https://raw.githubusercontent.com/cooknation/itv/refs/heads/main/itv_drawing_GALA_MDP_150_W.pdf;https://raw.githubusercontent.com/cooknation/itv/refs/heads/main/itv_catalogue_GALA_MDP_150_W.pdf;https://raw.githubusercontent.com/cooknation/itv/refs/heads/main/itv_photo_GALA_MDP_150_W.jpg;https://raw.githubusercontent.com/cooknation/itv/refs/heads/main/itv_card_GALA_MDP_150_W.pdf;https://raw.githubusercontent.com/cooknation/itv/refs/heads/main/itv_brandcatalogue.pdf;https://raw.githubusercontent.com/cooknation/itv/refs/heads/main/itv_price.pdf
CKNITVGALA_MR_400_A_1PH;GALA_MR_400_A_1PH;ITV;Ice maker;Ice maker, spray system, full cube 22gr., air cooling,;THE GOURMET ICE CUBE MACHINE.Designed to produce the perfect, elegant cube par excellence, the range of GALA machines incorporates all of the technological advances of ITV-Ice Makers. The result is a piece of ice that is served in the vast majority of quality establishments in the West. GALA machines have a solid internal structure that enables both maintenance and specialist intervention, thanks to its solid structure of four independent columns. The elastic shower system, patented by ITV, prevents limescale problems. In order to accurately control production, separate thermostats help regulate both the production time and the amount of ice stored.The most highly regarded cube for Premium drinks, it takes just enough time to melt so as not to slow down the cooling. Ideal for wide glasses, it is not recommended in tube-glasses.;1321;mm;638;mm;978;mm;174;Kg;10124;;EUR;;;cold>ice maker;ITV, icemaker, bar, cube, ice, full cube;;;;simple;;Production (kg/24h);380;Ice type;Full Cube;Storage;MODULAR;ice size (gr);22;Condensation;Aire;Gas type;R 452A;active;https://raw.githubusercontent.com/cooknation/itv/refs/heads/main/itv_video_GALA_MR_400_A_1PH.mp4;https://raw.githubusercontent.com/cooknation/itv/refs/heads/main/itv_image_GALA_MR_400_A_1PH.jpg;https://raw.githubusercontent.com/cooknation/itv/refs/heads/main/itv_image_2_GALA_MR_400_A_1PH.jpg;https://raw.githubusercontent.com/cooknation/itv/refs/heads/main/itv_image_3_GALA_MR_400_A_1PH.jpg;https://raw.githubusercontent.com/cooknation/itv/refs/heads/main/itv_datasheet_GALA_MR_400_A_1PH.pdf;https://raw.githubusercontent.com/cooknation/itv/refs/heads/main/itv_manual_GALA_MR_400_A_1PH.pdf;https://raw.githubusercontent.com/cooknation/itv/refs/heads/main/itv_technicalmanual_GALA_MR_400_A_1PH.pdf;https://raw.githubusercontent.com/cooknation/itv/refs/heads/main/itv_drawing_GALA_MR_400_A_1PH.pdf;https://raw.githubusercontent.com/cooknation/itv/refs/heads/main/itv_catalogue_GALA_MR_400_A_1PH.pdf;https://raw.githubusercontent.com/cooknation/itv/refs/heads/main/itv_photo_GALA_MR_400_A_1PH.jpg;https://raw.githubusercontent.com/cooknation/itv/refs/heads/main/itv_card_GALA_MR_400_A_1PH.pdf;https://raw.githubusercontent.com/cooknation/itv/refs/heads/main/itv_brandcatalogue.pdf;https://raw.githubusercontent.com/cooknation/itv/refs/heads/main/itv_price.pdf
CKNITVGALA_MR_400_A_3PH;GALA_MR_400_A_3PH;ITV;Ice maker;Ice maker, spray system, full cube 22gr., air cooling,;THE GOURMET ICE CUBE MACHINE.Designed to produce the perfect, elegant cube par excellence, the range of GALA machines incorporates all of the technological advances of ITV-Ice Makers. The result is a piece of ice that is served in the vast majority of quality establishments in the West. GALA machines have a solid internal structure that enables both maintenance and specialist intervention, thanks to its solid structure of four independent columns. The elastic shower system, patented by ITV, prevents limescale problems. In order to accurately control production, separate thermostats help regulate both the production time and the amount of ice stored.The most highly regarded cube for Premium drinks, it takes just enough time to melt so as not to slow down the cooling. Ideal for wide glasses, it is not recommended in tube-glasses.;1321;mm;638;mm;978;mm;174;Kg;10124;;EUR;;;cold>ice maker;ITV, icemaker, bar, cube, ice, full cube;;;;simple;;Production (kg/24h);380;Ice type;Full Cube;Storage;MODULAR;ice size (gr);22;Condensation;Aire;Gas type;R 452A;active;https://raw.githubusercontent.com/cooknation/itv/refs/heads/main/itv_video_GALA_MR_400_A_3PH.mp4;https://raw.githubusercontent.com/cooknation/itv/refs/heads/main/itv_image_GALA_MR_400_A_3PH.jpg;https://raw.githubusercontent.com/cooknation/itv/refs/heads/main/itv_image_2_GALA_MR_400_A_3PH.jpg;https://raw.githubusercontent.com/cooknation/itv/refs/heads/main/itv_image_3_GALA_MR_400_A_3PH.jpg;https://raw.githubusercontent.com/cooknation/itv/refs/heads/main/itv_datasheet_GALA_MR_400_A_3PH.pdf;https://raw.githubusercontent.com/cooknation/itv/refs/heads/main/itv_manual_GALA_MR_400_A_3PH.pdf;https://raw.githubusercontent.com/cooknation/itv/refs/heads/main/itv_technicalmanual_GALA_MR_400_A_3PH.pdf;https://raw.githubusercontent.com/cooknation/itv/refs/heads/main/itv_drawing_GALA_MR_400_A_3PH.pdf;https://raw.githubusercontent.com/cooknation/itv/refs/heads/main/itv_catalogue_GALA_MR_400_A_3PH.pdf;https://raw.githubusercontent.com/cooknation/itv/refs/heads/main/itv_photo_GALA_MR_400_A_3PH.jpg;https://raw.githubusercontent.com/cooknation/itv/refs/heads/main/itv_card_GALA_MR_400_A_3PH.pdf;https://raw.githubusercontent.com/cooknation/itv/refs/heads/main/itv_brandcatalogue.pdf;https://raw.githubusercontent.com/cooknation/itv/refs/heads/main/itv_price.pdf
CKNITVGALA_MR_400_A_REMOTE;GALA_MR_400_A_REMOTE;ITV;Ice maker;Ice maker, spray system, full cube 22gr., air cooling,;THE GOURMET ICE CUBE MACHINE.Designed to produce the perfect, elegant cube par excellence, the range of GALA machines incorporates all of the technological advances of ITV-Ice Makers. The result is a piece of ice that is served in the vast majority of quality establishments in the West. GALA machines have a solid internal structure that enables both maintenance and specialist intervention, thanks to its solid structure of four independent columns. The elastic shower system, patented by ITV, prevents limescale problems. In order to accurately control production, separate thermostats help regulate both the production time and the amount of ice stored.The most highly regarded cube for Premium drinks, it takes just enough time to melt so as not to slow down the cooling. Ideal for wide glasses, it is not recommended in tube-glasses.;1321;mm;638;mm;978;mm;170;Kg;9219;;EUR;;;cold>ice maker;ITV, icemaker, bar, cube, ice, full cube;;;;simple;;Production (kg/24h);380;Ice type;Full Cube;Storage;MODULAR;ice size (gr);22;Condensation;Air;Gas type;R 452A;active;https://raw.githubusercontent.com/cooknation/itv/refs/heads/main/itv_video_GALA_MR_400_A_REMOTE.mp4;https://raw.githubusercontent.com/cooknation/itv/refs/heads/main/itv_image_GALA_MR_400_A_REMOTE.jpg;https://raw.githubusercontent.com/cooknation/itv/refs/heads/main/itv_image_2_GALA_MR_400_A_REMOTE.jpg;https://raw.githubusercontent.com/cooknation/itv/refs/heads/main/itv_image_3_GALA_MR_400_A_REMOTE.jpg;https://raw.githubusercontent.com/cooknation/itv/refs/heads/main/itv_datasheet_GALA_MR_400_A_REMOTE.pdf;https://raw.githubusercontent.com/cooknation/itv/refs/heads/main/itv_manual_GALA_MR_400_A_REMOTE.pdf;https://raw.githubusercontent.com/cooknation/itv/refs/heads/main/itv_technicalmanual_GALA_MR_400_A_REMOTE.pdf;https://raw.githubusercontent.com/cooknation/itv/refs/heads/main/itv_drawing_GALA_MR_400_A_REMOTE.pdf;https://raw.githubusercontent.com/cooknation/itv/refs/heads/main/itv_catalogue_GALA_MR_400_A_REMOTE.pdf;https://raw.githubusercontent.com/cooknation/itv/refs/heads/main/itv_photo_GALA_MR_400_A_REMOTE.jpg;https://raw.githubusercontent.com/cooknation/itv/refs/heads/main/itv_card_GALA_MR_400_A_REMOTE.pdf;https://raw.githubusercontent.com/cooknation/itv/refs/heads/main/itv_brandcatalogue.pdf;https://raw.githubusercontent.com/cooknation/itv/refs/heads/main/itv_price.pdf
CKNITVGALA_MR_400_W_1PH;GALA_MR_400_W_1PH;ITV;Ice maker;Ice maker, spray system, full cube 22gr., water cooling,;THE GOURMET ICE CUBE MACHINE.Designed to produce the perfect, elegant cube par excellence, the range of GALA machines incorporates all of the technological advances of ITV-Ice Makers. The result is a piece of ice that is served in the vast majority of quality establishments in the West. GALA machines have a solid internal structure that enables both maintenance and specialist intervention, thanks to its solid structure of four independent columns. The elastic shower system, patented by ITV, prevents limescale problems. In order to accurately control production, separate thermostats help regulate both the production time and the amount of ice stored.The most highly regarded cube for Premium drinks, it takes just enough time to melt so as not to slow down the cooling. Ideal for wide glasses, it is not recommended in tube-glasses.;1321;mm;638;mm;978;mm;174;Kg;10301;;EUR;;;cold>ice maker;ITV, icemaker, bar, cube, ice, full cube;;;;simple;;Production (kg/24h);380;Ice type;Full Cube;Storage;MODULAR;ice size (gr);22;Condensation;Water;Gas type;R 452A;active;https://raw.githubusercontent.com/cooknation/itv/refs/heads/main/itv_video_GALA_MR_400_W_1PH.mp4;https://raw.githubusercontent.com/cooknation/itv/refs/heads/main/itv_image_GALA_MR_400_W_1PH.jpg;https://raw.githubusercontent.com/cooknation/itv/refs/heads/main/itv_image_2_GALA_MR_400_W_1PH.jpg;https://raw.githubusercontent.com/cooknation/itv/refs/heads/main/itv_image_3_GALA_MR_400_W_1PH.jpg;https://raw.githubusercontent.com/cooknation/itv/refs/heads/main/itv_datasheet_GALA_MR_400_W_1PH.pdf;https://raw.githubusercontent.com/cooknation/itv/refs/heads/main/itv_manual_GALA_MR_400_W_1PH.pdf;https://raw.githubusercontent.com/cooknation/itv/refs/heads/main/itv_technicalmanual_GALA_MR_400_W_1PH.pdf;https://raw.githubusercontent.com/cooknation/itv/refs/heads/main/itv_drawing_GALA_MR_400_W_1PH.pdf;https://raw.githubusercontent.com/cooknation/itv/refs/heads/main/itv_catalogue_GALA_MR_400_W_1PH.pdf;https://raw.githubusercontent.com/cooknation/itv/refs/heads/main/itv_photo_GALA_MR_400_W_1PH.jpg;https://raw.githubusercontent.com/cooknation/itv/refs/heads/main/itv_card_GALA_MR_400_W_1PH.pdf;https://raw.githubusercontent.com/cooknation/itv/refs/heads/main/itv_brandcatalogue.pdf;https://raw.githubusercontent.com/cooknation/itv/refs/heads/main/itv_price.pdf
CKNITVGALA_MR_400_W_3PH;GALA_MR_400_W_3PH;ITV;Ice maker;Ice maker, spray system, full cube 22gr., water cooling,;THE GOURMET ICE CUBE MACHINE.Designed to produce the perfect, elegant cube par excellence, the range of GALA machines incorporates all of the technological advances of ITV-Ice Makers. The result is a piece of ice that is served in the vast majority of quality establishments in the West. GALA machines have a solid internal structure that enables both maintenance and specialist intervention, thanks to its solid structure of four independent columns. The elastic shower system, patented by ITV, prevents limescale problems. In order to accurately control production, separate thermostats help regulate both the production time and the amount of ice stored.The most highly regarded cube for Premium drinks, it takes just enough time to melt so as not to slow down the cooling. Ideal for wide glasses, it is not recommended in tube-glasses.;1321;mm;638;mm;978;mm;174;Kg;10301;;EUR;;;cold>ice maker;ITV, icemaker, bar, cube, ice, full cube;;;;simple;;Production (kg/24h);380;Ice type;Full Cube;Storage;MODULAR;ice size (gr);22;Condensation;Water;Gas type;R 452A;active;https://raw.githubusercontent.com/cooknation/itv/refs/heads/main/itv_video_GALA_MR_400_W_3PH.mp4;https://raw.githubusercontent.com/cooknation/itv/refs/heads/main/itv_image_GALA_MR_400_W_3PH.jpg;https://raw.githubusercontent.com/cooknation/itv/refs/heads/main/itv_image_2_GALA_MR_400_W_3PH.jpg;https://raw.githubusercontent.com/cooknation/itv/refs/heads/main/itv_image_3_GALA_MR_400_W_3PH.jpg;https://raw.githubusercontent.com/cooknation/itv/refs/heads/main/itv_datasheet_GALA_MR_400_W_3PH.pdf;https://raw.githubusercontent.com/cooknation/itv/refs/heads/main/itv_manual_GALA_MR_400_W_3PH.pdf;https://raw.githubusercontent.com/cooknation/itv/refs/heads/main/itv_technicalmanual_GALA_MR_400_W_3PH.pdf;https://raw.githubusercontent.com/cooknation/itv/refs/heads/main/itv_drawing_GALA_MR_400_W_3PH.pdf;https://raw.githubusercontent.com/cooknation/itv/refs/heads/main/itv_catalogue_GALA_MR_400_W_3PH.pdf;https://raw.githubusercontent.com/cooknation/itv/refs/heads/main/itv_photo_GALA_MR_400_W_3PH.jpg;https://raw.githubusercontent.com/cooknation/itv/refs/heads/main/itv_card_GALA_MR_400_W_3PH.pdf;https://raw.githubusercontent.com/cooknation/itv/refs/heads/main/itv_brandcatalogue.pdf;https://raw.githubusercontent.com/cooknation/itv/refs/heads/main/itv_price.pdf
CKNITVGALA_NG_110_A;GALA_NG_110_A;ITV;Ice maker;Ice maker, spray system, full cube 22gr., air cooling,;THE GOURMET ICE CUBE MACHINE.Designed to produce the perfect, elegant cube par excellence, the range of GALA machines incorporates all of the technological advances of ITV-Ice Makers. The result is a piece of ice that is served in the vast majority of quality establishments in the West. GALA machines have a solid internal structure that enables both maintenance and specialist intervention, thanks to its solid structure of four independent columns. The elastic shower system, patented by ITV, prevents limescale problems. In order to accurately control production, separate thermostats help regulate both the production time and the amount of ice stored.The most highly regarded cube for Premium drinks, it takes just enough time to melt so as not to slow down the cooling. Ideal for wide glasses, it is not recommended in tube-glasses.;715;mm;700;mm;1044;mm;95;Kg;3995;;EUR;;;cold>ice maker;ITV, icemaker, bar, cube, ice, full cube;;;;simple;;Production (kg/24h);112;Ice type;Full Cube;Storage;60;ice size (gr);22;Condensation;Air;Gas type;R 290;active;https://raw.githubusercontent.com/cooknation/itv/refs/heads/main/itv_video_GALA_NG_110_A.mp4;https://raw.githubusercontent.com/cooknation/itv/refs/heads/main/itv_image_GALA_NG_110_A.jpg;https://raw.githubusercontent.com/cooknation/itv/refs/heads/main/itv_image_2_GALA_NG_110_A.jpg;https://raw.githubusercontent.com/cooknation/itv/refs/heads/main/itv_image_3_GALA_NG_110_A.jpg;https://raw.githubusercontent.com/cooknation/itv/refs/heads/main/itv_datasheet_GALA_NG_110_A.pdf;https://raw.githubusercontent.com/cooknation/itv/refs/heads/main/itv_manual_GALA_NG_110_A.pdf;https://raw.githubusercontent.com/cooknation/itv/refs/heads/main/itv_technicalmanual_GALA_NG_110_A.pdf;https://raw.githubusercontent.com/cooknation/itv/refs/heads/main/itv_drawing_GALA_NG_110_A.pdf;https://raw.githubusercontent.com/cooknation/itv/refs/heads/main/itv_catalogue_GALA_NG_110_A.pdf;https://raw.githubusercontent.com/cooknation/itv/refs/heads/main/itv_photo_GALA_NG_110_A.jpg;https://raw.githubusercontent.com/cooknation/itv/refs/heads/main/itv_card_GALA_NG_110_A.pdf;https://raw.githubusercontent.com/cooknation/itv/refs/heads/main/itv_brandcatalogue.pdf;https://raw.githubusercontent.com/cooknation/itv/refs/heads/main/itv_price.pdf
CKNITVGALA_NG_110_A_DP;GALA_NG_110_A_DP;ITV;Ice maker;Ice maker, spray system, full cube 22gr., air cooling drainage pump;THE GOURMET ICE CUBE MACHINE.Designed to produce the perfect, elegant cube par excellence, the range of GALA machines incorporates all of the technological advances of ITV-Ice Makers. The result is a piece of ice that is served in the vast majority of quality establishments in the West. GALA machines have a solid internal structure that enables both maintenance and specialist intervention, thanks to its solid structure of four independent columns. The elastic shower system, patented by ITV, prevents limescale problems. In order to accurately control production, separate thermostats help regulate both the production time and the amount of ice stored.The most highly regarded cube for Premium drinks, it takes just enough time to melt so as not to slow down the cooling. Ideal for wide glasses, it is not recommended in tube-glasses.;715;mm;700;mm;1044;mm;95;Kg;4102;;EUR;;;cold>ice maker;ITV, icemaker, bar, cube, ice, full cube;;;;simple;;Production (kg/24h);112;Ice type;Full Cube;Storage;60;ice size (gr);22;Condensation;Air;Gas type;R 290;active;https://raw.githubusercontent.com/cooknation/itv/refs/heads/main/itv_video_GALA_NG_110_A_DP.mp4;https://raw.githubusercontent.com/cooknation/itv/refs/heads/main/itv_image_GALA_NG_110_A_DP.jpg;https://raw.githubusercontent.com/cooknation/itv/refs/heads/main/itv_image_2_GALA_NG_110_A_DP.jpg;https://raw.githubusercontent.com/cooknation/itv/refs/heads/main/itv_image_3_GALA_NG_110_A_DP.jpg;https://raw.githubusercontent.com/cooknation/itv/refs/heads/main/itv_datasheet_GALA_NG_110_A_DP.pdf;https://raw.githubusercontent.com/cooknation/itv/refs/heads/main/itv_manual_GALA_NG_110_A_DP.pdf;https://raw.githubusercontent.com/cooknation/itv/refs/heads/main/itv_technicalmanual_GALA_NG_110_A_DP.pdf;https://raw.githubusercontent.com/cooknation/itv/refs/heads/main/itv_drawing_GALA_NG_110_A_DP.pdf;https://raw.githubusercontent.com/cooknation/itv/refs/heads/main/itv_catalogue_GALA_NG_110_A_DP.pdf;https://raw.githubusercontent.com/cooknation/itv/refs/heads/main/itv_photo_GALA_NG_110_A_DP.jpg;https://raw.githubusercontent.com/cooknation/itv/refs/heads/main/itv_card_GALA_NG_110_A_DP.pdf;https://raw.githubusercontent.com/cooknation/itv/refs/heads/main/itv_brandcatalogue.pdf;https://raw.githubusercontent.com/cooknation/itv/refs/heads/main/itv_price.pdf
CKNITVGALA_NG_110_W;GALA_NG_110_W;ITV;Ice maker;Ice maker, spray system, full cube 22gr., water cooling,;THE GOURMET ICE CUBE MACHINE.Designed to produce the perfect, elegant cube par excellence, the range of GALA machines incorporates all of the technological advances of ITV-Ice Makers. The result is a piece of ice that is served in the vast majority of quality establishments in the West. GALA machines have a solid internal structure that enables both maintenance and specialist intervention, thanks to its solid structure of four independent columns. The elastic shower system, patented by ITV, prevents limescale problems. In order to accurately control production, separate thermostats help regulate both the production time and the amount of ice stored.The most highly regarded cube for Premium drinks, it takes just enough time to melt so as not to slow down the cooling. Ideal for wide glasses, it is not recommended in tube-glasses.;715;mm;700;mm;1044;mm;95;Kg;4035;;EUR;;;cold>ice maker;ITV, icemaker, bar, cube, ice, full cube;;;;simple;;Production (kg/24h);110;Ice type;Full Cube;Storage;60;ice size (gr);22;Condensation;Water;Gas type;R 290;active;https://raw.githubusercontent.com/cooknation/itv/refs/heads/main/itv_video_GALA_NG_110_W.mp4;https://raw.githubusercontent.com/cooknation/itv/refs/heads/main/itv_image_GALA_NG_110_W.jpg;https://raw.githubusercontent.com/cooknation/itv/refs/heads/main/itv_image_2_GALA_NG_110_W.jpg;https://raw.githubusercontent.com/cooknation/itv/refs/heads/main/itv_image_3_GALA_NG_110_W.jpg;https://raw.githubusercontent.com/cooknation/itv/refs/heads/main/itv_datasheet_GALA_NG_110_W.pdf;https://raw.githubusercontent.com/cooknation/itv/refs/heads/main/itv_manual_GALA_NG_110_W.pdf;https://raw.githubusercontent.com/cooknation/itv/refs/heads/main/itv_technicalmanual_GALA_NG_110_W.pdf;https://raw.githubusercontent.com/cooknation/itv/refs/heads/main/itv_drawing_GALA_NG_110_W.pdf;https://raw.githubusercontent.com/cooknation/itv/refs/heads/main/itv_catalogue_GALA_NG_110_W.pdf;https://raw.githubusercontent.com/cooknation/itv/refs/heads/main/itv_photo_GALA_NG_110_W.jpg;https://raw.githubusercontent.com/cooknation/itv/refs/heads/main/itv_card_GALA_NG_110_W.pdf;https://raw.githubusercontent.com/cooknation/itv/refs/heads/main/itv_brandcatalogue.pdf;https://raw.githubusercontent.com/cooknation/itv/refs/heads/main/itv_price.pdf
CKNITVGALA_NG_150_A;GALA_NG_150_A;ITV;Ice maker;Ice maker, spray system, full cube 22gr., air cooling,;THE GOURMET ICE CUBE MACHINE.Designed to produce the perfect, elegant cube par excellence, the range of GALA machines incorporates all of the technological advances of ITV-Ice Makers. The result is a piece of ice that is served in the vast majority of quality establishments in the West. GALA machines have a solid internal structure that enables both maintenance and specialist intervention, thanks to its solid structure of four independent columns. The elastic shower system, patented by ITV, prevents limescale problems. In order to accurately control production, separate thermostats help regulate both the production time and the amount of ice stored.The most highly regarded cube for Premium drinks, it takes just enough time to melt so as not to slow down the cooling. Ideal for wide glasses, it is not recommended in tube-glasses.;860;mm;700;mm;1044;mm;100;Kg;5069;;EUR;;;cold>ice maker;ITV, icemaker, bar, cube, ice, full cube;;;;simple;;Production (kg/24h);153;Ice type;Full Cube;Storage;75;ice size (gr);22;Condensation;Air;Gas type;R 290;active;https://raw.githubusercontent.com/cooknation/itv/refs/heads/main/itv_video_GALA_NG_150_A.mp4;https://raw.githubusercontent.com/cooknation/itv/refs/heads/main/itv_image_GALA_NG_150_A.jpg;https://raw.githubusercontent.com/cooknation/itv/refs/heads/main/itv_image_2_GALA_NG_150_A.jpg;https://raw.githubusercontent.com/cooknation/itv/refs/heads/main/itv_image_3_GALA_NG_150_A.jpg;https://raw.githubusercontent.com/cooknation/itv/refs/heads/main/itv_datasheet_GALA_NG_150_A.pdf;https://raw.githubusercontent.com/cooknation/itv/refs/heads/main/itv_manual_GALA_NG_150_A.pdf;https://raw.githubusercontent.com/cooknation/itv/refs/heads/main/itv_technicalmanual_GALA_NG_150_A.pdf;https://raw.githubusercontent.com/cooknation/itv/refs/heads/main/itv_drawing_GALA_NG_150_A.pdf;https://raw.githubusercontent.com/cooknation/itv/refs/heads/main/itv_catalogue_GALA_NG_150_A.pdf;https://raw.githubusercontent.com/cooknation/itv/refs/heads/main/itv_photo_GALA_NG_150_A.jpg;https://raw.githubusercontent.com/cooknation/itv/refs/heads/main/itv_card_GALA_NG_150_A.pdf;https://raw.githubusercontent.com/cooknation/itv/refs/heads/main/itv_brandcatalogue.pdf;https://raw.githubusercontent.com/cooknation/itv/refs/heads/main/itv_price.pdf
CKNITVGALA_NG_150_W;GALA_NG_150_W;ITV;Ice maker;Ice maker, spray system, full cube 22gr., water cooling,;THE GOURMET ICE CUBE MACHINE.Designed to produce the perfect, elegant cube par excellence, the range of GALA machines incorporates all of the technological advances of ITV-Ice Makers. The result is a piece of ice that is served in the vast majority of quality establishments in the West. GALA machines have a solid internal structure that enables both maintenance and specialist intervention, thanks to its solid structure of four independent columns. The elastic shower system, patented by ITV, prevents limescale problems. In order to accurately control production, separate thermostats help regulate both the production time and the amount of ice stored.The most highly regarded cube for Premium drinks, it takes just enough time to melt so as not to slow down the cooling. Ideal for wide glasses, it is not recommended in tube-glasses.;860;mm;700;mm;1044;mm;100;Kg;5181;;EUR;;;cold>ice maker;ITV, icemaker, bar, cube, ice, full cube;;;;simple;;Production (kg/24h);155;Ice type;Full Cube;Storage;75;ice size (gr);22;Condensation;Water;Gas type;R 290;active;https://raw.githubusercontent.com/cooknation/itv/refs/heads/main/itv_video_GALA_NG_150_W.mp4;https://raw.githubusercontent.com/cooknation/itv/refs/heads/main/itv_image_GALA_NG_150_W.jpg;https://raw.githubusercontent.com/cooknation/itv/refs/heads/main/itv_image_2_GALA_NG_150_W.jpg;https://raw.githubusercontent.com/cooknation/itv/refs/heads/main/itv_image_3_GALA_NG_150_W.jpg;https://raw.githubusercontent.com/cooknation/itv/refs/heads/main/itv_datasheet_GALA_NG_150_W.pdf;https://raw.githubusercontent.com/cooknation/itv/refs/heads/main/itv_manual_GALA_NG_150_W.pdf;https://raw.githubusercontent.com/cooknation/itv/refs/heads/main/itv_technicalmanual_GALA_NG_150_W.pdf;https://raw.githubusercontent.com/cooknation/itv/refs/heads/main/itv_drawing_GALA_NG_150_W.pdf;https://raw.githubusercontent.com/cooknation/itv/refs/heads/main/itv_catalogue_GALA_NG_150_W.pdf;https://raw.githubusercontent.com/cooknation/itv/refs/heads/main/itv_photo_GALA_NG_150_W.jpg;https://raw.githubusercontent.com/cooknation/itv/refs/heads/main/itv_card_GALA_NG_150_W.pdf;https://raw.githubusercontent.com/cooknation/itv/refs/heads/main/itv_brandcatalogue.pdf;https://raw.githubusercontent.com/cooknation/itv/refs/heads/main/itv_price.pdf
CKNITVGALA_NG_30_A;GALA_NG_30_A;ITV;Ice maker;Ice maker, spray system, full cube 22gr., air cooling,;THE GOURMET ICE CUBE MACHINE.Designed to produce the perfect, elegant cube par excellence, the range of GALA machines incorporates all of the technological advances of ITV-Ice Makers. The result is a piece of ice that is served in the vast majority of quality establishments in the West. GALA machines have a solid internal structure that enables both maintenance and specialist intervention, thanks to its solid structure of four independent columns. The elastic shower system, patented by ITV, prevents limescale problems. In order to accurately control production, separate thermostats help regulate both the production time and the amount of ice stored.The most highly regarded cube for Premium drinks, it takes just enough time to melt so as not to slow down the cooling. Ideal for wide glasses, it is not recommended in tube-glasses.;405;mm;515;mm;744;mm;44;Kg;1914;;EUR;;;cold>ice maker;ITV, icemaker, bar, cube, ice, full cube;;;;simple;;Production (kg/24h);30;Ice type;Full Cube;Storage;15;ice size (gr);22;Condensation;Air;Gas type;R 290;active;https://raw.githubusercontent.com/cooknation/itv/refs/heads/main/itv_video_GALA_NG_30_A.mp4;https://raw.githubusercontent.com/cooknation/itv/refs/heads/main/itv_image_GALA_NG_30_A.jpg;https://raw.githubusercontent.com/cooknation/itv/refs/heads/main/itv_image_2_GALA_NG_30_A.jpg;https://raw.githubusercontent.com/cooknation/itv/refs/heads/main/itv_image_3_GALA_NG_30_A.jpg;https://raw.githubusercontent.com/cooknation/itv/refs/heads/main/itv_datasheet_GALA_NG_30_A.pdf;https://raw.githubusercontent.com/cooknation/itv/refs/heads/main/itv_manual_GALA_NG_30_A.pdf;https://raw.githubusercontent.com/cooknation/itv/refs/heads/main/itv_technicalmanual_GALA_NG_30_A.pdf;https://raw.githubusercontent.com/cooknation/itv/refs/heads/main/itv_drawing_GALA_NG_30_A.pdf;https://raw.githubusercontent.com/cooknation/itv/refs/heads/main/itv_catalogue_GALA_NG_30_A.pdf;https://raw.githubusercontent.com/cooknation/itv/refs/heads/main/itv_photo_GALA_NG_30_A.jpg;https://raw.githubusercontent.com/cooknation/itv/refs/heads/main/itv_card_GALA_NG_30_A.pdf;https://raw.githubusercontent.com/cooknation/itv/refs/heads/main/itv_brandcatalogue.pdf;https://raw.githubusercontent.com/cooknation/itv/refs/heads/main/itv_price.pdf
CKNITVGALA_NG_30_A_DP;GALA_NG_30_A_DP;ITV;Ice maker;Ice maker, spray system, full cube 22gr., air cooling,;THE GOURMET ICE CUBE MACHINE.Designed to produce the perfect, elegant cube par excellence, the range of GALA machines incorporates all of the technological advances of ITV-Ice Makers. The result is a piece of ice that is served in the vast majority of quality establishments in the West. GALA machines have a solid internal structure that enables both maintenance and specialist intervention, thanks to its solid structure of four independent columns. The elastic shower system, patented by ITV, prevents limescale problems. In order to accurately control production, separate thermostats help regulate both the production time and the amount of ice stored.The most highly regarded cube for Premium drinks, it takes just enough time to melt so as not to slow down the cooling. Ideal for wide glasses, it is not recommended in tube-glasses.;405;mm;515;mm;744;mm;44;Kg;2022;;EUR;;;cold>ice maker;ITV, icemaker, bar, cube, ice, full cube;;;;simple;;Production (kg/24h);30;Ice type;Full Cube;Storage;15;ice size (gr);22;Condensation;Air;Gas type;R 290;active;https://raw.githubusercontent.com/cooknation/itv/refs/heads/main/itv_video_GALA_NG_30_A_DP.mp4;https://raw.githubusercontent.com/cooknation/itv/refs/heads/main/itv_image_GALA_NG_30_A_DP.jpg;https://raw.githubusercontent.com/cooknation/itv/refs/heads/main/itv_image_2_GALA_NG_30_A_DP.jpg;https://raw.githubusercontent.com/cooknation/itv/refs/heads/main/itv_image_3_GALA_NG_30_A_DP.jpg;https://raw.githubusercontent.com/cooknation/itv/refs/heads/main/itv_datasheet_GALA_NG_30_A_DP.pdf;https://raw.githubusercontent.com/cooknation/itv/refs/heads/main/itv_manual_GALA_NG_30_A_DP.pdf;https://raw.githubusercontent.com/cooknation/itv/refs/heads/main/itv_technicalmanual_GALA_NG_30_A_DP.pdf;https://raw.githubusercontent.com/cooknation/itv/refs/heads/main/itv_drawing_GALA_NG_30_A_DP.pdf;https://raw.githubusercontent.com/cooknation/itv/refs/heads/main/itv_catalogue_GALA_NG_30_A_DP.pdf;https://raw.githubusercontent.com/cooknation/itv/refs/heads/main/itv_photo_GALA_NG_30_A_DP.jpg;https://raw.githubusercontent.com/cooknation/itv/refs/heads/main/itv_card_GALA_NG_30_A_DP.pdf;https://raw.githubusercontent.com/cooknation/itv/refs/heads/main/itv_brandcatalogue.pdf;https://raw.githubusercontent.com/cooknation/itv/refs/heads/main/itv_price.pdf
CKNITVGALA_NG_30_W;GALA_NG_30_W;ITV;Ice maker;Ice maker, spray system, full cube 22gr., water cooling, drainage pump;THE GOURMET ICE CUBE MACHINE.Designed to produce the perfect, elegant cube par excellence, the range of GALA machines incorporates all of the technological advances of ITV-Ice Makers. The result is a piece of ice that is served in the vast majority of quality establishments in the West. GALA machines have a solid internal structure that enables both maintenance and specialist intervention, thanks to its solid structure of four independent columns. The elastic shower system, patented by ITV, prevents limescale problems. In order to accurately control production, separate thermostats help regulate both the production time and the amount of ice stored.The most highly regarded cube for Premium drinks, it takes just enough time to melt so as not to slow down the cooling. Ideal for wide glasses, it is not recommended in tube-glasses.;405;mm;515;mm;744;mm;44;Kg;1991;;EUR;;;cold>ice maker;ITV, icemaker, bar, cube, ice, full cube;;;;simple;;Production (kg/24h);33;Ice type;Full Cube;Storage;15;ice size (gr);22;Condensation;Water;Gas type;R 290;active;https://raw.githubusercontent.com/cooknation/itv/refs/heads/main/itv_video_GALA_NG_30_W.mp4;https://raw.githubusercontent.com/cooknation/itv/refs/heads/main/itv_image_GALA_NG_30_W.jpg;https://raw.githubusercontent.com/cooknation/itv/refs/heads/main/itv_image_2_GALA_NG_30_W.jpg;https://raw.githubusercontent.com/cooknation/itv/refs/heads/main/itv_image_3_GALA_NG_30_W.jpg;https://raw.githubusercontent.com/cooknation/itv/refs/heads/main/itv_datasheet_GALA_NG_30_W.pdf;https://raw.githubusercontent.com/cooknation/itv/refs/heads/main/itv_manual_GALA_NG_30_W.pdf;https://raw.githubusercontent.com/cooknation/itv/refs/heads/main/itv_technicalmanual_GALA_NG_30_W.pdf;https://raw.githubusercontent.com/cooknation/itv/refs/heads/main/itv_drawing_GALA_NG_30_W.pdf;https://raw.githubusercontent.com/cooknation/itv/refs/heads/main/itv_catalogue_GALA_NG_30_W.pdf;https://raw.githubusercontent.com/cooknation/itv/refs/heads/main/itv_photo_GALA_NG_30_W.jpg;https://raw.githubusercontent.com/cooknation/itv/refs/heads/main/itv_card_GALA_NG_30_W.pdf;https://raw.githubusercontent.com/cooknation/itv/refs/heads/main/itv_brandcatalogue.pdf;https://raw.githubusercontent.com/cooknation/itv/refs/heads/main/itv_price.pdf
CKNITVGALA_NG_35_A;GALA_NG_35_A;ITV;Ice maker;Ice maker, spray system, full cube 22gr., air cooling,;THE GOURMET ICE CUBE MACHINE.Designed to produce the perfect, elegant cube par excellence, the range of GALA machines incorporates all of the technological advances of ITV-Ice Makers. The result is a piece of ice that is served in the vast majority of quality establishments in the West. GALA machines have a solid internal structure that enables both maintenance and specialist intervention, thanks to its solid structure of four independent columns. The elastic shower system, patented by ITV, prevents limescale problems. In order to accurately control production, separate thermostats help regulate both the production time and the amount of ice stored.The most highly regarded cube for Premium drinks, it takes just enough time to melt so as not to slow down the cooling. Ideal for wide glasses, it is not recommended in tube-glasses.;465;mm;595;mm;789;mm;46;Kg;2350;;EUR;;;cold>ice maker;ITV, icemaker, bar, cube, ice, full cube;;;;simple;;Production (kg/24h);37;Ice type;Full Cube;Storage;20;ice size (gr);22;Condensation;Air;Gas type;R 290;active;https://raw.githubusercontent.com/cooknation/itv/refs/heads/main/itv_video_GALA_NG_35_A.mp4;https://raw.githubusercontent.com/cooknation/itv/refs/heads/main/itv_image_GALA_NG_35_A.jpg;https://raw.githubusercontent.com/cooknation/itv/refs/heads/main/itv_image_2_GALA_NG_35_A.jpg;https://raw.githubusercontent.com/cooknation/itv/refs/heads/main/itv_image_3_GALA_NG_35_A.jpg;https://raw.githubusercontent.com/cooknation/itv/refs/heads/main/itv_datasheet_GALA_NG_35_A.pdf;https://raw.githubusercontent.com/cooknation/itv/refs/heads/main/itv_manual_GALA_NG_35_A.pdf;https://raw.githubusercontent.com/cooknation/itv/refs/heads/main/itv_technicalmanual_GALA_NG_35_A.pdf;https://raw.githubusercontent.com/cooknation/itv/refs/heads/main/itv_drawing_GALA_NG_35_A.pdf;https://raw.githubusercontent.com/cooknation/itv/refs/heads/main/itv_catalogue_GALA_NG_35_A.pdf;https://raw.githubusercontent.com/cooknation/itv/refs/heads/main/itv_photo_GALA_NG_35_A.jpg;https://raw.githubusercontent.com/cooknation/itv/refs/heads/main/itv_card_GALA_NG_35_A.pdf;https://raw.githubusercontent.com/cooknation/itv/refs/heads/main/itv_brandcatalogue.pdf;https://raw.githubusercontent.com/cooknation/itv/refs/heads/main/itv_price.pdf
CKNITVGALA_NG_35_A_DP;GALA_NG_35_A_DP;ITV;Ice maker;Ice maker, spray system, full cube 22gr., air cooling, drainage pump;THE GOURMET ICE CUBE MACHINE.Designed to produce the perfect, elegant cube par excellence, the range of GALA machines incorporates all of the technological advances of ITV-Ice Makers. The result is a piece of ice that is served in the vast majority of quality establishments in the West. GALA machines have a solid internal structure that enables both maintenance and specialist intervention, thanks to its solid structure of four independent columns. The elastic shower system, patented by ITV, prevents limescale problems. In order to accurately control production, separate thermostats help regulate both the production time and the amount of ice stored.The most highly regarded cube for Premium drinks, it takes just enough time to melt so as not to slow down the cooling. Ideal for wide glasses, it is not recommended in tube-glasses.;465;mm;595;mm;789;mm;46;Kg;2462;;EUR;;;cold>ice maker;ITV, icemaker, bar, cube, ice, full cube;;;;simple;;Production (kg/24h);37;Ice type;Full Cube;Storage;20;ice size (gr);22;Condensation;Air;Gas type;R 290;active;https://raw.githubusercontent.com/cooknation/itv/refs/heads/main/itv_video_GALA_NG_35_A_DP.mp4;https://raw.githubusercontent.com/cooknation/itv/refs/heads/main/itv_image_GALA_NG_35_A_DP.jpg;https://raw.githubusercontent.com/cooknation/itv/refs/heads/main/itv_image_2_GALA_NG_35_A_DP.jpg;https://raw.githubusercontent.com/cooknation/itv/refs/heads/main/itv_image_3_GALA_NG_35_A_DP.jpg;https://raw.githubusercontent.com/cooknation/itv/refs/heads/main/itv_datasheet_GALA_NG_35_A_DP.pdf;https://raw.githubusercontent.com/cooknation/itv/refs/heads/main/itv_manual_GALA_NG_35_A_DP.pdf;https://raw.githubusercontent.com/cooknation/itv/refs/heads/main/itv_technicalmanual_GALA_NG_35_A_DP.pdf;https://raw.githubusercontent.com/cooknation/itv/refs/heads/main/itv_drawing_GALA_NG_35_A_DP.pdf;https://raw.githubusercontent.com/cooknation/itv/refs/heads/main/itv_catalogue_GALA_NG_35_A_DP.pdf;https://raw.githubusercontent.com/cooknation/itv/refs/heads/main/itv_photo_GALA_NG_35_A_DP.jpg;https://raw.githubusercontent.com/cooknation/itv/refs/heads/main/itv_card_GALA_NG_35_A_DP.pdf;https://raw.githubusercontent.com/cooknation/itv/refs/heads/main/itv_brandcatalogue.pdf;https://raw.githubusercontent.com/cooknation/itv/refs/heads/main/itv_price.pdf
CKNITVGALA_NG_35_W;GALA_NG_35_W;ITV;Ice maker;Ice maker, spray system, full cube 22gr., water cooling,;THE GOURMET ICE CUBE MACHINE.Designed to produce the perfect, elegant cube par excellence, the range of GALA machines incorporates all of the technological advances of ITV-Ice Makers. The result is a piece of ice that is served in the vast majority of quality establishments in the West. GALA machines have a solid internal structure that enables both maintenance and specialist intervention, thanks to its solid structure of four independent columns. The elastic shower system, patented by ITV, prevents limescale problems. In order to accurately control production, separate thermostats help regulate both the production time and the amount of ice stored.The most highly regarded cube for Premium drinks, it takes just enough time to melt so as not to slow down the cooling. Ideal for wide glasses, it is not recommended in tube-glasses.;465;mm;595;mm;789;mm;46;Kg;2419;;EUR;;;cold>ice maker;ITV, icemaker, bar, cube, ice, full cube;;;;simple;;Production (kg/24h);38;Ice type;Full Cube;Storage;20;ice size (gr);22;Condensation;Water;Gas type;R 290;active;https://raw.githubusercontent.com/cooknation/itv/refs/heads/main/itv_video_GALA_NG_35_W.mp4;https://raw.githubusercontent.com/cooknation/itv/refs/heads/main/itv_image_GALA_NG_35_W.jpg;https://raw.githubusercontent.com/cooknation/itv/refs/heads/main/itv_image_2_GALA_NG_35_W.jpg;https://raw.githubusercontent.com/cooknation/itv/refs/heads/main/itv_image_3_GALA_NG_35_W.jpg;https://raw.githubusercontent.com/cooknation/itv/refs/heads/main/itv_datasheet_GALA_NG_35_W.pdf;https://raw.githubusercontent.com/cooknation/itv/refs/heads/main/itv_manual_GALA_NG_35_W.pdf;https://raw.githubusercontent.com/cooknation/itv/refs/heads/main/itv_technicalmanual_GALA_NG_35_W.pdf;https://raw.githubusercontent.com/cooknation/itv/refs/heads/main/itv_drawing_GALA_NG_35_W.pdf;https://raw.githubusercontent.com/cooknation/itv/refs/heads/main/itv_catalogue_GALA_NG_35_W.pdf;https://raw.githubusercontent.com/cooknation/itv/refs/heads/main/itv_photo_GALA_NG_35_W.jpg;https://raw.githubusercontent.com/cooknation/itv/refs/heads/main/itv_card_GALA_NG_35_W.pdf;https://raw.githubusercontent.com/cooknation/itv/refs/heads/main/itv_brandcatalogue.pdf;https://raw.githubusercontent.com/cooknation/itv/refs/heads/main/itv_price.pdf
CKNITVGALA_NG_45_A;GALA_NG_45_A;ITV;Ice maker;Ice maker, spray system, full cube 22gr., air cooling,;THE GOURMET ICE CUBE MACHINE.Designed to produce the perfect, elegant cube par excellence, the range of GALA machines incorporates all of the technological advances of ITV-Ice Makers. The result is a piece of ice that is served in the vast majority of quality establishments in the West. GALA machines have a solid internal structure that enables both maintenance and specialist intervention, thanks to its solid structure of four independent columns. The elastic shower system, patented by ITV, prevents limescale problems. In order to accurately control production, separate thermostats help regulate both the production time and the amount of ice stored.The most highly regarded cube for Premium drinks, it takes just enough time to melt so as not to slow down the cooling. Ideal for wide glasses, it is not recommended in tube-glasses.;465;mm;595;mm;789;mm;46;Kg;2460;;EUR;;;cold>ice maker;ITV, icemaker, bar, cube, ice, full cube;;;;simple;;Production (kg/24h);47;Ice type;Full Cube;Storage;20;ice size (gr);22;Condensation;Air;Gas type;R 290;active;https://raw.githubusercontent.com/cooknation/itv/refs/heads/main/itv_video_GALA_NG_45_A.mp4;https://raw.githubusercontent.com/cooknation/itv/refs/heads/main/itv_image_GALA_NG_45_A.jpg;https://raw.githubusercontent.com/cooknation/itv/refs/heads/main/itv_image_2_GALA_NG_45_A.jpg;https://raw.githubusercontent.com/cooknation/itv/refs/heads/main/itv_image_3_GALA_NG_45_A.jpg;https://raw.githubusercontent.com/cooknation/itv/refs/heads/main/itv_datasheet_GALA_NG_45_A.pdf;https://raw.githubusercontent.com/cooknation/itv/refs/heads/main/itv_manual_GALA_NG_45_A.pdf;https://raw.githubusercontent.com/cooknation/itv/refs/heads/main/itv_technicalmanual_GALA_NG_45_A.pdf;https://raw.githubusercontent.com/cooknation/itv/refs/heads/main/itv_drawing_GALA_NG_45_A.pdf;https://raw.githubusercontent.com/cooknation/itv/refs/heads/main/itv_catalogue_GALA_NG_45_A.pdf;https://raw.githubusercontent.com/cooknation/itv/refs/heads/main/itv_photo_GALA_NG_45_A.jpg;https://raw.githubusercontent.com/cooknation/itv/refs/heads/main/itv_card_GALA_NG_45_A.pdf;https://raw.githubusercontent.com/cooknation/itv/refs/heads/main/itv_brandcatalogue.pdf;https://raw.githubusercontent.com/cooknation/itv/refs/heads/main/itv_price.pdf
CKNITVGALA_NG_45_A_DP;GALA_NG_45_A_DP;ITV;Ice maker;Ice maker, spray system, full cube 22gr., air cooling, drainage pump;THE GOURMET ICE CUBE MACHINE.Designed to produce the perfect, elegant cube par excellence, the range of GALA machines incorporates all of the technological advances of ITV-Ice Makers. The result is a piece of ice that is served in the vast majority of quality establishments in the West. GALA machines have a solid internal structure that enables both maintenance and specialist intervention, thanks to its solid structure of four independent columns. The elastic shower system, patented by ITV, prevents limescale problems. In order to accurately control production, separate thermostats help regulate both the production time and the amount of ice stored.The most highly regarded cube for Premium drinks, it takes just enough time to melt so as not to slow down the cooling. Ideal for wide glasses, it is not recommended in tube-glasses.;465;mm;595;mm;789;mm;46;Kg;2567;;EUR;;;cold>ice maker;ITV, icemaker, bar, cube, ice, full cube;;;;simple;;Production (kg/24h);47;Ice type;Full Cube;Storage;20;ice size (gr);22;Condensation;Air;Gas type;R 290;active;https://raw.githubusercontent.com/cooknation/itv/refs/heads/main/itv_video_GALA_NG_45_A_DP.mp4;https://raw.githubusercontent.com/cooknation/itv/refs/heads/main/itv_image_GALA_NG_45_A_DP.jpg;https://raw.githubusercontent.com/cooknation/itv/refs/heads/main/itv_image_2_GALA_NG_45_A_DP.jpg;https://raw.githubusercontent.com/cooknation/itv/refs/heads/main/itv_image_3_GALA_NG_45_A_DP.jpg;https://raw.githubusercontent.com/cooknation/itv/refs/heads/main/itv_datasheet_GALA_NG_45_A_DP.pdf;https://raw.githubusercontent.com/cooknation/itv/refs/heads/main/itv_manual_GALA_NG_45_A_DP.pdf;https://raw.githubusercontent.com/cooknation/itv/refs/heads/main/itv_technicalmanual_GALA_NG_45_A_DP.pdf;https://raw.githubusercontent.com/cooknation/itv/refs/heads/main/itv_drawing_GALA_NG_45_A_DP.pdf;https://raw.githubusercontent.com/cooknation/itv/refs/heads/main/itv_catalogue_GALA_NG_45_A_DP.pdf;https://raw.githubusercontent.com/cooknation/itv/refs/heads/main/itv_photo_GALA_NG_45_A_DP.jpg;https://raw.githubusercontent.com/cooknation/itv/refs/heads/main/itv_card_GALA_NG_45_A_DP.pdf;https://raw.githubusercontent.com/cooknation/itv/refs/heads/main/itv_brandcatalogue.pdf;https://raw.githubusercontent.com/cooknation/itv/refs/heads/main/itv_price.pdf
CKNITVGALA_NG_45_W;GALA_NG_45_W;ITV;Ice maker;Ice maker, spray system, full cube 22gr., water cooling,;THE GOURMET ICE CUBE MACHINE.Designed to produce the perfect, elegant cube par excellence, the range of GALA machines incorporates all of the technological advances of ITV-Ice Makers. The result is a piece of ice that is served in the vast majority of quality establishments in the West. GALA machines have a solid internal structure that enables both maintenance and specialist intervention, thanks to its solid structure of four independent columns. The elastic shower system, patented by ITV, prevents limescale problems. In order to accurately control production, separate thermostats help regulate both the production time and the amount of ice stored.The most highly regarded cube for Premium drinks, it takes just enough time to melt so as not to slow down the cooling. Ideal for wide glasses, it is not recommended in tube-glasses.;465;mm;595;mm;789;mm;46;Kg;2465;;EUR;;;cold>ice maker;ITV, icemaker, bar, cube, ice, full cube;;;;simple;;Production (kg/24h);47;Ice type;Full Cube;Storage;20;ice size (gr);22;Condensation;Water;Gas type;R 290;active;https://raw.githubusercontent.com/cooknation/itv/refs/heads/main/itv_video_GALA_NG_45_W.mp4;https://raw.githubusercontent.com/cooknation/itv/refs/heads/main/itv_image_GALA_NG_45_W.jpg;https://raw.githubusercontent.com/cooknation/itv/refs/heads/main/itv_image_2_GALA_NG_45_W.jpg;https://raw.githubusercontent.com/cooknation/itv/refs/heads/main/itv_image_3_GALA_NG_45_W.jpg;https://raw.githubusercontent.com/cooknation/itv/refs/heads/main/itv_datasheet_GALA_NG_45_W.pdf;https://raw.githubusercontent.com/cooknation/itv/refs/heads/main/itv_manual_GALA_NG_45_W.pdf;https://raw.githubusercontent.com/cooknation/itv/refs/heads/main/itv_technicalmanual_GALA_NG_45_W.pdf;https://raw.githubusercontent.com/cooknation/itv/refs/heads/main/itv_drawing_GALA_NG_45_W.pdf;https://raw.githubusercontent.com/cooknation/itv/refs/heads/main/itv_catalogue_GALA_NG_45_W.pdf;https://raw.githubusercontent.com/cooknation/itv/refs/heads/main/itv_photo_GALA_NG_45_W.jpg;https://raw.githubusercontent.com/cooknation/itv/refs/heads/main/itv_card_GALA_NG_45_W.pdf;https://raw.githubusercontent.com/cooknation/itv/refs/heads/main/itv_brandcatalogue.pdf;https://raw.githubusercontent.com/cooknation/itv/refs/heads/main/itv_price.pdf
CKNITVGALA_NG_60_A;GALA_NG_60_A;ITV;Ice maker;Ice maker, spray system, full cube 22gr., air cooling,;THE GOURMET ICE CUBE MACHINE.Designed to produce the perfect, elegant cube par excellence, the range of GALA machines incorporates all of the technological advances of ITV-Ice Makers. The result is a piece of ice that is served in the vast majority of quality establishments in the West. GALA machines have a solid internal structure that enables both maintenance and specialist intervention, thanks to its solid structure of four independent columns. The elastic shower system, patented by ITV, prevents limescale problems. In order to accurately control production, separate thermostats help regulate both the production time and the amount of ice stored.The most highly regarded cube for Premium drinks, it takes just enough time to melt so as not to slow down the cooling. Ideal for wide glasses, it is not recommended in tube-glasses.;535;mm;595;mm;789;mm;54;Kg;2730;;EUR;;;cold>ice maker;ITV, icemaker, bar, cube, ice, full cube;;;;simple;;Production (kg/24h);55;Ice type;Full Cube;Storage;25;ice size (gr);22;Condensation;Air;Gas type;R 290;active;https://raw.githubusercontent.com/cooknation/itv/refs/heads/main/itv_video_GALA_NG_60_A.mp4;https://raw.githubusercontent.com/cooknation/itv/refs/heads/main/itv_image_GALA_NG_60_A.jpg;https://raw.githubusercontent.com/cooknation/itv/refs/heads/main/itv_image_2_GALA_NG_60_A.jpg;https://raw.githubusercontent.com/cooknation/itv/refs/heads/main/itv_image_3_GALA_NG_60_A.jpg;https://raw.githubusercontent.com/cooknation/itv/refs/heads/main/itv_datasheet_GALA_NG_60_A.pdf;https://raw.githubusercontent.com/cooknation/itv/refs/heads/main/itv_manual_GALA_NG_60_A.pdf;https://raw.githubusercontent.com/cooknation/itv/refs/heads/main/itv_technicalmanual_GALA_NG_60_A.pdf;https://raw.githubusercontent.com/cooknation/itv/refs/heads/main/itv_drawing_GALA_NG_60_A.pdf;https://raw.githubusercontent.com/cooknation/itv/refs/heads/main/itv_catalogue_GALA_NG_60_A.pdf;https://raw.githubusercontent.com/cooknation/itv/refs/heads/main/itv_photo_GALA_NG_60_A.jpg;https://raw.githubusercontent.com/cooknation/itv/refs/heads/main/itv_card_GALA_NG_60_A.pdf;https://raw.githubusercontent.com/cooknation/itv/refs/heads/main/itv_brandcatalogue.pdf;https://raw.githubusercontent.com/cooknation/itv/refs/heads/main/itv_price.pdf
CKNITVGALA_NG_60_A_DP;GALA_NG_60_A_DP;ITV;Ice maker;Ice maker, spray system, full cube 22gr., air cooling, drainage pump;THE GOURMET ICE CUBE MACHINE.Designed to produce the perfect, elegant cube par excellence, the range of GALA machines incorporates all of the technological advances of ITV-Ice Makers. The result is a piece of ice that is served in the vast majority of quality establishments in the West. GALA machines have a solid internal structure that enables both maintenance and specialist intervention, thanks to its solid structure of four independent columns. The elastic shower system, patented by ITV, prevents limescale problems. In order to accurately control production, separate thermostats help regulate both the production time and the amount of ice stored.The most highly regarded cube for Premium drinks, it takes just enough time to melt so as not to slow down the cooling. Ideal for wide glasses, it is not recommended in tube-glasses.;535;mm;595;mm;789;mm;54;Kg;2838;;EUR;;;cold>ice maker;ITV, icemaker, bar, cube, ice, full cube;;;;simple;;Production (kg/24h);55;Ice type;Full Cube;Storage;25;ice size (gr);22;Condensation;Air;Gas type;R 290;active;https://raw.githubusercontent.com/cooknation/itv/refs/heads/main/itv_video_GALA_NG_60_A_DP.mp4;https://raw.githubusercontent.com/cooknation/itv/refs/heads/main/itv_image_GALA_NG_60_A_DP.jpg;https://raw.githubusercontent.com/cooknation/itv/refs/heads/main/itv_image_2_GALA_NG_60_A_DP.jpg;https://raw.githubusercontent.com/cooknation/itv/refs/heads/main/itv_image_3_GALA_NG_60_A_DP.jpg;https://raw.githubusercontent.com/cooknation/itv/refs/heads/main/itv_datasheet_GALA_NG_60_A_DP.pdf;https://raw.githubusercontent.com/cooknation/itv/refs/heads/main/itv_manual_GALA_NG_60_A_DP.pdf;https://raw.githubusercontent.com/cooknation/itv/refs/heads/main/itv_technicalmanual_GALA_NG_60_A_DP.pdf;https://raw.githubusercontent.com/cooknation/itv/refs/heads/main/itv_drawing_GALA_NG_60_A_DP.pdf;https://raw.githubusercontent.com/cooknation/itv/refs/heads/main/itv_catalogue_GALA_NG_60_A_DP.pdf;https://raw.githubusercontent.com/cooknation/itv/refs/heads/main/itv_photo_GALA_NG_60_A_DP.jpg;https://raw.githubusercontent.com/cooknation/itv/refs/heads/main/itv_card_GALA_NG_60_A_DP.pdf;https://raw.githubusercontent.com/cooknation/itv/refs/heads/main/itv_brandcatalogue.pdf;https://raw.githubusercontent.com/cooknation/itv/refs/heads/main/itv_price.pdf
CKNITVGALA_NG_60_W;GALA_NG_60_W;ITV;Ice maker;Ice maker, spray system, full cube 22gr., water cooling,;THE GOURMET ICE CUBE MACHINE.Designed to produce the perfect, elegant cube par excellence, the range of GALA machines incorporates all of the technological advances of ITV-Ice Makers. The result is a piece of ice that is served in the vast majority of quality establishments in the West. GALA machines have a solid internal structure that enables both maintenance and specialist intervention, thanks to its solid structure of four independent columns. The elastic shower system, patented by ITV, prevents limescale problems. In order to accurately control production, separate thermostats help regulate both the production time and the amount of ice stored.The most highly regarded cube for Premium drinks, it takes just enough time to melt so as not to slow down the cooling. Ideal for wide glasses, it is not recommended in tube-glasses.;535;mm;595;mm;789;mm;54;Kg;2769;;EUR;;;cold>ice maker;ITV, icemaker, bar, cube, ice, full cube;;;;simple;;Production (kg/24h);56;Ice type;Full Cube;Storage;25;ice size (gr);22;Condensation;Water;Gas type;R 290;active;https://raw.githubusercontent.com/cooknation/itv/refs/heads/main/itv_video_GALA_NG_60_W.mp4;https://raw.githubusercontent.com/cooknation/itv/refs/heads/main/itv_image_GALA_NG_60_W.jpg;https://raw.githubusercontent.com/cooknation/itv/refs/heads/main/itv_image_2_GALA_NG_60_W.jpg;https://raw.githubusercontent.com/cooknation/itv/refs/heads/main/itv_image_3_GALA_NG_60_W.jpg;https://raw.githubusercontent.com/cooknation/itv/refs/heads/main/itv_datasheet_GALA_NG_60_W.pdf;https://raw.githubusercontent.com/cooknation/itv/refs/heads/main/itv_manual_GALA_NG_60_W.pdf;https://raw.githubusercontent.com/cooknation/itv/refs/heads/main/itv_technicalmanual_GALA_NG_60_W.pdf;https://raw.githubusercontent.com/cooknation/itv/refs/heads/main/itv_drawing_GALA_NG_60_W.pdf;https://raw.githubusercontent.com/cooknation/itv/refs/heads/main/itv_catalogue_GALA_NG_60_W.pdf;https://raw.githubusercontent.com/cooknation/itv/refs/heads/main/itv_photo_GALA_NG_60_W.jpg;https://raw.githubusercontent.com/cooknation/itv/refs/heads/main/itv_card_GALA_NG_60_W.pdf;https://raw.githubusercontent.com/cooknation/itv/refs/heads/main/itv_brandcatalogue.pdf;https://raw.githubusercontent.com/cooknation/itv/refs/heads/main/itv_price.pdf
CKNITVGALA_NG_80_A;GALA_NG_80_A;ITV;Ice maker;Ice maker, spray system, full cube 22gr., air cooling,;THE GOURMET ICE CUBE MACHINE.Designed to produce the perfect, elegant cube par excellence, the range of GALA machines incorporates all of the technological advances of ITV-Ice Makers. The result is a piece of ice that is served in the vast majority of quality establishments in the West. GALA machines have a solid internal structure that enables both maintenance and specialist intervention, thanks to its solid structure of four independent columns. The elastic shower system, patented by ITV, prevents limescale problems. In order to accurately control production, separate thermostats help regulate both the production time and the amount of ice stored.The most highly regarded cube for Premium drinks, it takes just enough time to melt so as not to slow down the cooling. Ideal for wide glasses, it is not recommended in tube-glasses.;715;mm;595;mm;939;mm;69;Kg;3432;;EUR;;;cold>ice maker;ITV, icemaker, bar, cube, ice, full cube;;;;simple;;Production (kg/24h);75;Ice type;Full Cube;Storage;35;ice size (gr);22;Condensation;Air;Gas type;R 290;active;https://raw.githubusercontent.com/cooknation/itv/refs/heads/main/itv_video_GALA_NG_80_A.mp4;https://raw.githubusercontent.com/cooknation/itv/refs/heads/main/itv_image_GALA_NG_80_A.jpg;https://raw.githubusercontent.com/cooknation/itv/refs/heads/main/itv_image_2_GALA_NG_80_A.jpg;https://raw.githubusercontent.com/cooknation/itv/refs/heads/main/itv_image_3_GALA_NG_80_A.jpg;https://raw.githubusercontent.com/cooknation/itv/refs/heads/main/itv_datasheet_GALA_NG_80_A.pdf;https://raw.githubusercontent.com/cooknation/itv/refs/heads/main/itv_manual_GALA_NG_80_A.pdf;https://raw.githubusercontent.com/cooknation/itv/refs/heads/main/itv_technicalmanual_GALA_NG_80_A.pdf;https://raw.githubusercontent.com/cooknation/itv/refs/heads/main/itv_drawing_GALA_NG_80_A.pdf;https://raw.githubusercontent.com/cooknation/itv/refs/heads/main/itv_catalogue_GALA_NG_80_A.pdf;https://raw.githubusercontent.com/cooknation/itv/refs/heads/main/itv_photo_GALA_NG_80_A.jpg;https://raw.githubusercontent.com/cooknation/itv/refs/heads/main/itv_card_GALA_NG_80_A.pdf;https://raw.githubusercontent.com/cooknation/itv/refs/heads/main/itv_brandcatalogue.pdf;https://raw.githubusercontent.com/cooknation/itv/refs/heads/main/itv_price.pdf
CKNITVGALA_NG_80_A_DP;GALA_NG_80_A_DP;ITV;Ice maker;Ice maker, spray system, full cube 22gr., air cooling, drainage pump;THE GOURMET ICE CUBE MACHINE.Designed to produce the perfect, elegant cube par excellence, the range of GALA machines incorporates all of the technological advances of ITV-Ice Makers. The result is a piece of ice that is served in the vast majority of quality establishments in the West. GALA machines have a solid internal structure that enables both maintenance and specialist intervention, thanks to its solid structure of four independent columns. The elastic shower system, patented by ITV, prevents limescale problems. In order to accurately control production, separate thermostats help regulate both the production time and the amount of ice stored.The most highly regarded cube for Premium drinks, it takes just enough time to melt so as not to slow down the cooling. Ideal for wide glasses, it is not recommended in tube-glasses.;715;mm;595;mm;939;mm;69;Kg;3540;;EUR;;;cold>ice maker;ITV, icemaker, bar, cube, ice, full cube;;;;simple;;Production (kg/24h);75;Ice type;Full Cube;Storage;35;ice size (gr);22;Condensation;Air;Gas type;R 290;active;https://raw.githubusercontent.com/cooknation/itv/refs/heads/main/itv_video_GALA_NG_80_A_DP.mp4;https://raw.githubusercontent.com/cooknation/itv/refs/heads/main/itv_image_GALA_NG_80_A_DP.jpg;https://raw.githubusercontent.com/cooknation/itv/refs/heads/main/itv_image_2_GALA_NG_80_A_DP.jpg;https://raw.githubusercontent.com/cooknation/itv/refs/heads/main/itv_image_3_GALA_NG_80_A_DP.jpg;https://raw.githubusercontent.com/cooknation/itv/refs/heads/main/itv_datasheet_GALA_NG_80_A_DP.pdf;https://raw.githubusercontent.com/cooknation/itv/refs/heads/main/itv_manual_GALA_NG_80_A_DP.pdf;https://raw.githubusercontent.com/cooknation/itv/refs/heads/main/itv_technicalmanual_GALA_NG_80_A_DP.pdf;https://raw.githubusercontent.com/cooknation/itv/refs/heads/main/itv_drawing_GALA_NG_80_A_DP.pdf;https://raw.githubusercontent.com/cooknation/itv/refs/heads/main/itv_catalogue_GALA_NG_80_A_DP.pdf;https://raw.githubusercontent.com/cooknation/itv/refs/heads/main/itv_photo_GALA_NG_80_A_DP.jpg;https://raw.githubusercontent.com/cooknation/itv/refs/heads/main/itv_card_GALA_NG_80_A_DP.pdf;https://raw.githubusercontent.com/cooknation/itv/refs/heads/main/itv_brandcatalogue.pdf;https://raw.githubusercontent.com/cooknation/itv/refs/heads/main/itv_price.pdf
CKNITVGALA_NG_80_W;GALA_NG_80_W;ITV;Ice maker;Ice maker, spray system, full cube 22gr., water cooling,;THE GOURMET ICE CUBE MACHINE.Designed to produce the perfect, elegant cube par excellence, the range of GALA machines incorporates all of the technological advances of ITV-Ice Makers. The result is a piece of ice that is served in the vast majority of quality establishments in the West. GALA machines have a solid internal structure that enables both maintenance and specialist intervention, thanks to its solid structure of four independent columns. The elastic shower system, patented by ITV, prevents limescale problems. In order to accurately control production, separate thermostats help regulate both the production time and the amount of ice stored.The most highly regarded cube for Premium drinks, it takes just enough time to melt so as not to slow down the cooling. Ideal for wide glasses, it is not recommended in tube-glasses.;715;mm;595;mm;939;mm;69;Kg;3488;;EUR;;;cold>ice maker;ITV, icemaker, bar, cube, ice, full cube;;;;simple;;Production (kg/24h);74;Ice type;Full Cube;Storage;35;ice size (gr);22;Condensation;Water;Gas type;R 290;active;https://raw.githubusercontent.com/cooknation/itv/refs/heads/main/itv_video_GALA_NG_80_W.mp4;https://raw.githubusercontent.com/cooknation/itv/refs/heads/main/itv_image_GALA_NG_80_W.jpg;https://raw.githubusercontent.com/cooknation/itv/refs/heads/main/itv_image_2_GALA_NG_80_W.jpg;https://raw.githubusercontent.com/cooknation/itv/refs/heads/main/itv_image_3_GALA_NG_80_W.jpg;https://raw.githubusercontent.com/cooknation/itv/refs/heads/main/itv_datasheet_GALA_NG_80_W.pdf;https://raw.githubusercontent.com/cooknation/itv/refs/heads/main/itv_manual_GALA_NG_80_W.pdf;https://raw.githubusercontent.com/cooknation/itv/refs/heads/main/itv_technicalmanual_GALA_NG_80_W.pdf;https://raw.githubusercontent.com/cooknation/itv/refs/heads/main/itv_drawing_GALA_NG_80_W.pdf;https://raw.githubusercontent.com/cooknation/itv/refs/heads/main/itv_catalogue_GALA_NG_80_W.pdf;https://raw.githubusercontent.com/cooknation/itv/refs/heads/main/itv_photo_GALA_NG_80_W.jpg;https://raw.githubusercontent.com/cooknation/itv/refs/heads/main/itv_card_GALA_NG_80_W.pdf;https://raw.githubusercontent.com/cooknation/itv/refs/heads/main/itv_brandcatalogue.pdf;https://raw.githubusercontent.com/cooknation/itv/refs/heads/main/itv_price.pdf
CKNITVIQ_1100_A;IQ_1100_A;ITV;Ice maker;Ice maker, axial system, granular ice, air cooling;GRANULAR ICE IN THE FISH MARKET, THE SPA OR THE COCKTAIL SHAKER. The ICE QUEEN series produces ice diced or granular ice, while benefiting from its vertical cylindrical evaporator and high resistance spindle. In addition to its traditional uses in the food and health sectors, granular ice has been keenly incorporated into other activities such as spas and therapeutic treatments. ICE QUEEN machines can produce two types of ice: DIAMOND ICE OR DRY GRANULAR ICE, models IQ50C and IQ85C, specially designed for cocktails. The ideal type of ice for the latest trend in international hospitality: cocktails! WET GRANULAR ICE, produced by all of the other machines in the the ICE QUEEN range. This ice has a higher percentage of moisture, which means it is perfect for supermarkets, for transporting fish, fruit or vegetables, and for industrial applications in the food sector.;1335;mm;610;mm;815;mm;210;Kg;16265;;EUR;;;cold>ice maker;ITV, icemaker, bar, granular, ice;;;;simple;;Production (kg/24h);1160;Ice type;Granular;Storage;Modular;;;Condensation;Air;Gas type;R 290;active;https://raw.githubusercontent.com/cooknation/itv/refs/heads/main/itv_video_IQ_1100_A.mp4;https://raw.githubusercontent.com/cooknation/itv/refs/heads/main/itv_image_IQ_1100_A.jpg;https://raw.githubusercontent.com/cooknation/itv/refs/heads/main/itv_image_2_IQ_1100_A.jpg;https://raw.githubusercontent.com/cooknation/itv/refs/heads/main/itv_image_3_IQ_1100_A.jpg;https://raw.githubusercontent.com/cooknation/itv/refs/heads/main/itv_datasheet_IQ_1100_A.pdf;https://raw.githubusercontent.com/cooknation/itv/refs/heads/main/itv_manual_IQ_1100_A.pdf;https://raw.githubusercontent.com/cooknation/itv/refs/heads/main/itv_technicalmanual_IQ_1100_A.pdf;https://raw.githubusercontent.com/cooknation/itv/refs/heads/main/itv_drawing_IQ_1100_A.pdf;https://raw.githubusercontent.com/cooknation/itv/refs/heads/main/itv_catalogue_IQ_1100_A.pdf;https://raw.githubusercontent.com/cooknation/itv/refs/heads/main/itv_photo_IQ_1100_A.jpg;https://raw.githubusercontent.com/cooknation/itv/refs/heads/main/itv_card_IQ_1100_A.pdf;https://raw.githubusercontent.com/cooknation/itv/refs/heads/main/itv_brandcatalogue.pdf;https://raw.githubusercontent.com/cooknation/itv/refs/heads/main/itv_price.pdf
CKNITVIQ_1100_A_SPLIT;IQ_1100_A_SPLIT;ITV;Ice maker;Ice maker, axial system, granular ice, air cooling, voltage 380/50/2;GRANULAR ICE IN THE FISH MARKET, THE SPA OR THE COCKTAIL SHAKER. The ICE QUEEN series produces ice diced or granular ice, while benefiting from its vertical cylindrical evaporator and high resistance spindle. In addition to its traditional uses in the food and health sectors, granular ice has been keenly incorporated into other activities such as spas and therapeutic treatments. ICE QUEEN machines can produce two types of ice: DIAMOND ICE OR DRY GRANULAR ICE, models IQ50C and IQ85C, specially designed for cocktails. The ideal type of ice for the latest trend in international hospitality: cocktails! WET GRANULAR ICE, produced by all of the other machines in the the ICE QUEEN range. This ice has a higher percentage of moisture, which means it is perfect for supermarkets, for transporting fish, fruit or vegetables, and for industrial applications in the food sector.;790;mm;505;mm;815;mm;140;Kg;13485;;EUR;;;cold>ice maker;ITV, icemaker, bar, granular, ice;;;;simple;;Production (kg/24h);1160;Ice type;Granular;Storage;Modular;;;Condensation;-;Gas type;R 452A;active;https://raw.githubusercontent.com/cooknation/itv/refs/heads/main/itv_video_IQ_1100_A_SPLIT.mp4;https://raw.githubusercontent.com/cooknation/itv/refs/heads/main/itv_image_IQ_1100_A_SPLIT.jpg;https://raw.githubusercontent.com/cooknation/itv/refs/heads/main/itv_image_2_IQ_1100_A_SPLIT.jpg;https://raw.githubusercontent.com/cooknation/itv/refs/heads/main/itv_image_3_IQ_1100_A_SPLIT.jpg;https://raw.githubusercontent.com/cooknation/itv/refs/heads/main/itv_datasheet_IQ_1100_A_SPLIT.pdf;https://raw.githubusercontent.com/cooknation/itv/refs/heads/main/itv_manual_IQ_1100_A_SPLIT.pdf;https://raw.githubusercontent.com/cooknation/itv/refs/heads/main/itv_technicalmanual_IQ_1100_A_SPLIT.pdf;https://raw.githubusercontent.com/cooknation/itv/refs/heads/main/itv_drawing_IQ_1100_A_SPLIT.pdf;https://raw.githubusercontent.com/cooknation/itv/refs/heads/main/itv_catalogue_IQ_1100_A_SPLIT.pdf;https://raw.githubusercontent.com/cooknation/itv/refs/heads/main/itv_photo_IQ_1100_A_SPLIT.jpg;https://raw.githubusercontent.com/cooknation/itv/refs/heads/main/itv_card_IQ_1100_A_SPLIT.pdf;https://raw.githubusercontent.com/cooknation/itv/refs/heads/main/itv_brandcatalogue.pdf;https://raw.githubusercontent.com/cooknation/itv/refs/heads/main/itv_price.pdf
CKNITVIQ_1100_A_SPLIT_REMOTE;IQ_1100_A_SPLIT_REMOTE;ITV;Ice maker;Ice maker, axial system, granular ice, air cooling, voltage 380/50/3;GRANULAR ICE IN THE FISH MARKET, THE SPA OR THE COCKTAIL SHAKER. The ICE QUEEN series produces ice diced or granular ice, while benefiting from its vertical cylindrical evaporator and high resistance spindle. In addition to its traditional uses in the food and health sectors, granular ice has been keenly incorporated into other activities such as spas and therapeutic treatments. ICE QUEEN machines can produce two types of ice: DIAMOND ICE OR DRY GRANULAR ICE, models IQ50C and IQ85C, specially designed for cocktails. The ideal type of ice for the latest trend in international hospitality: cocktails! WET GRANULAR ICE, produced by all of the other machines in the the ICE QUEEN range. This ice has a higher percentage of moisture, which means it is perfect for supermarkets, for transporting fish, fruit or vegetables, and for industrial applications in the food sector.;790;mm;505;mm;815;mm;140;Kg;13485;;EUR;;;cold>ice maker;ITV, icemaker, bar, granular, ice;;;;simple;;Production (kg/24h);1160;Ice type;Granular;Storage;Modular;;;Condensation;-;Gas type;R 452A;active;https://raw.githubusercontent.com/cooknation/itv/refs/heads/main/itv_video_IQ_1100_A_SPLIT_REMOTE.mp4;https://raw.githubusercontent.com/cooknation/itv/refs/heads/main/itv_image_IQ_1100_A_SPLIT_REMOTE.jpg;https://raw.githubusercontent.com/cooknation/itv/refs/heads/main/itv_image_2_IQ_1100_A_SPLIT_REMOTE.jpg;https://raw.githubusercontent.com/cooknation/itv/refs/heads/main/itv_image_3_IQ_1100_A_SPLIT_REMOTE.jpg;https://raw.githubusercontent.com/cooknation/itv/refs/heads/main/itv_datasheet_IQ_1100_A_SPLIT_REMOTE.pdf;https://raw.githubusercontent.com/cooknation/itv/refs/heads/main/itv_manual_IQ_1100_A_SPLIT_REMOTE.pdf;https://raw.githubusercontent.com/cooknation/itv/refs/heads/main/itv_technicalmanual_IQ_1100_A_SPLIT_REMOTE.pdf;https://raw.githubusercontent.com/cooknation/itv/refs/heads/main/itv_drawing_IQ_1100_A_SPLIT_REMOTE.pdf;https://raw.githubusercontent.com/cooknation/itv/refs/heads/main/itv_catalogue_IQ_1100_A_SPLIT_REMOTE.pdf;https://raw.githubusercontent.com/cooknation/itv/refs/heads/main/itv_photo_IQ_1100_A_SPLIT_REMOTE.jpg;https://raw.githubusercontent.com/cooknation/itv/refs/heads/main/itv_card_IQ_1100_A_SPLIT_REMOTE.pdf;https://raw.githubusercontent.com/cooknation/itv/refs/heads/main/itv_brandcatalogue.pdf;https://raw.githubusercontent.com/cooknation/itv/refs/heads/main/itv_price.pdf
CKNITVIQ_1100_W;IQ_1100_W;ITV;Ice maker;Ice maker, axial system, granular ice, water cooling ;GRANULAR ICE IN THE FISH MARKET, THE SPA OR THE COCKTAIL SHAKER. The ICE QUEEN series produces ice diced or granular ice, while benefiting from its vertical cylindrical evaporator and high resistance spindle. In addition to its traditional uses in the food and health sectors, granular ice has been keenly incorporated into other activities such as spas and therapeutic treatments. ICE QUEEN machines can produce two types of ice: DIAMOND ICE OR DRY GRANULAR ICE, models IQ50C and IQ85C, specially designed for cocktails. The ideal type of ice for the latest trend in international hospitality: cocktails! WET GRANULAR ICE, produced by all of the other machines in the the ICE QUEEN range. This ice has a higher percentage of moisture, which means it is perfect for supermarkets, for transporting fish, fruit or vegetables, and for industrial applications in the food sector.;1335;mm;610;mm;815;mm;210;Kg;ASK;;EUR;;;cold>ice maker;ITV, icemaker, bar, granular, ice;;;;simple;;Production (kg/24h);1255;Ice type;Granular;Storage;Modular;;;Condensation;Water;Gas type;R 290;active;https://raw.githubusercontent.com/cooknation/itv/refs/heads/main/itv_video_IQ_1100_W.mp4;https://raw.githubusercontent.com/cooknation/itv/refs/heads/main/itv_image_IQ_1100_W.jpg;https://raw.githubusercontent.com/cooknation/itv/refs/heads/main/itv_image_2_IQ_1100_W.jpg;https://raw.githubusercontent.com/cooknation/itv/refs/heads/main/itv_image_3_IQ_1100_W.jpg;https://raw.githubusercontent.com/cooknation/itv/refs/heads/main/itv_datasheet_IQ_1100_W.pdf;https://raw.githubusercontent.com/cooknation/itv/refs/heads/main/itv_manual_IQ_1100_W.pdf;https://raw.githubusercontent.com/cooknation/itv/refs/heads/main/itv_technicalmanual_IQ_1100_W.pdf;https://raw.githubusercontent.com/cooknation/itv/refs/heads/main/itv_drawing_IQ_1100_W.pdf;https://raw.githubusercontent.com/cooknation/itv/refs/heads/main/itv_catalogue_IQ_1100_W.pdf;https://raw.githubusercontent.com/cooknation/itv/refs/heads/main/itv_photo_IQ_1100_W.jpg;https://raw.githubusercontent.com/cooknation/itv/refs/heads/main/itv_card_IQ_1100_W.pdf;https://raw.githubusercontent.com/cooknation/itv/refs/heads/main/itv_brandcatalogue.pdf;https://raw.githubusercontent.com/cooknation/itv/refs/heads/main/itv_price.pdf
CKNITVIQ_180_A;IQ_180_A;ITV;Ice maker;Ice maker, axial system, granular ice, air cooling, modular;GRANULAR ICE IN THE FISH MARKET, THE SPA OR THE COCKTAIL SHAKER. The ICE QUEEN series produces ice diced or granular ice, while benefiting from its vertical cylindrical evaporator and high resistance spindle. In addition to its traditional uses in the food and health sectors, granular ice has been keenly incorporated into other activities such as spas and therapeutic treatments. ICE QUEEN machines can produce two types of ice: DIAMOND ICE OR DRY GRANULAR ICE, models IQ50C and IQ85C, specially designed for cocktails. The ideal type of ice for the latest trend in international hospitality: cocktails! WET GRANULAR ICE, produced by all of the other machines in the the ICE QUEEN range. This ice has a higher percentage of moisture, which means it is perfect for supermarkets, for transporting fish, fruit or vegetables, and for industrial applications in the food sector.;515;mm;550;mm;486;mm;46;Kg;4895;;EUR;;;cold>ice maker;ITV, icemaker, bar, granular, ice;;;;simple;;Production (kg/24h);182;Ice type;Granular;Storage;Modular;;;Condensation;Air;Gas type;R 290;active;https://raw.githubusercontent.com/cooknation/itv/refs/heads/main/itv_video_IQ_180_A.mp4;https://raw.githubusercontent.com/cooknation/itv/refs/heads/main/itv_image_IQ_180_A.jpg;https://raw.githubusercontent.com/cooknation/itv/refs/heads/main/itv_image_2_IQ_180_A.jpg;https://raw.githubusercontent.com/cooknation/itv/refs/heads/main/itv_image_3_IQ_180_A.jpg;https://raw.githubusercontent.com/cooknation/itv/refs/heads/main/itv_datasheet_IQ_180_A.pdf;https://raw.githubusercontent.com/cooknation/itv/refs/heads/main/itv_manual_IQ_180_A.pdf;https://raw.githubusercontent.com/cooknation/itv/refs/heads/main/itv_technicalmanual_IQ_180_A.pdf;https://raw.githubusercontent.com/cooknation/itv/refs/heads/main/itv_drawing_IQ_180_A.pdf;https://raw.githubusercontent.com/cooknation/itv/refs/heads/main/itv_catalogue_IQ_180_A.pdf;https://raw.githubusercontent.com/cooknation/itv/refs/heads/main/itv_photo_IQ_180_A.jpg;https://raw.githubusercontent.com/cooknation/itv/refs/heads/main/itv_card_IQ_180_A.pdf;https://raw.githubusercontent.com/cooknation/itv/refs/heads/main/itv_brandcatalogue.pdf;https://raw.githubusercontent.com/cooknation/itv/refs/heads/main/itv_price.pdf
CKNITVIQ_180_W;IQ_180_W;ITV;Ice maker;Ice maker, axial system, granular ice, water cooling, modular;GRANULAR ICE IN THE FISH MARKET, THE SPA OR THE COCKTAIL SHAKER. The ICE QUEEN series produces ice diced or granular ice, while benefiting from its vertical cylindrical evaporator and high resistance spindle. In addition to its traditional uses in the food and health sectors, granular ice has been keenly incorporated into other activities such as spas and therapeutic treatments. ICE QUEEN machines can produce two types of ice: DIAMOND ICE OR DRY GRANULAR ICE, models IQ50C and IQ85C, specially designed for cocktails. The ideal type of ice for the latest trend in international hospitality: cocktails! WET GRANULAR ICE, produced by all of the other machines in the the ICE QUEEN range. This ice has a higher percentage of moisture, which means it is perfect for supermarkets, for transporting fish, fruit or vegetables, and for industrial applications in the food sector.;515;mm;550;mm;486;mm;46;Kg;5004;;EUR;;;cold>ice maker;ITV, icemaker, bar, granular, ice;;;;simple;;Production (kg/24h);178;Ice type;Granular;Storage;Modular;;;Condensation;Water;Gas type;R 290;active;https://raw.githubusercontent.com/cooknation/itv/refs/heads/main/itv_video_IQ_180_W.mp4;https://raw.githubusercontent.com/cooknation/itv/refs/heads/main/itv_image_IQ_180_W.jpg;https://raw.githubusercontent.com/cooknation/itv/refs/heads/main/itv_image_2_IQ_180_W.jpg;https://raw.githubusercontent.com/cooknation/itv/refs/heads/main/itv_image_3_IQ_180_W.jpg;https://raw.githubusercontent.com/cooknation/itv/refs/heads/main/itv_datasheet_IQ_180_W.pdf;https://raw.githubusercontent.com/cooknation/itv/refs/heads/main/itv_manual_IQ_180_W.pdf;https://raw.githubusercontent.com/cooknation/itv/refs/heads/main/itv_technicalmanual_IQ_180_W.pdf;https://raw.githubusercontent.com/cooknation/itv/refs/heads/main/itv_drawing_IQ_180_W.pdf;https://raw.githubusercontent.com/cooknation/itv/refs/heads/main/itv_catalogue_IQ_180_W.pdf;https://raw.githubusercontent.com/cooknation/itv/refs/heads/main/itv_photo_IQ_180_W.jpg;https://raw.githubusercontent.com/cooknation/itv/refs/heads/main/itv_card_IQ_180_W.pdf;https://raw.githubusercontent.com/cooknation/itv/refs/heads/main/itv_brandcatalogue.pdf;https://raw.githubusercontent.com/cooknation/itv/refs/heads/main/itv_price.pdf
CKNITVIQ_180C_A;IQ_180C_A;ITV;Ice maker;Ice maker, axial system, granular ice, air cooling ;GRANULAR ICE IN THE FISH MARKET, THE SPA OR THE COCKTAIL SHAKER. The ICE QUEEN series produces ice diced or granular ice, while benefiting from its vertical cylindrical evaporator and high resistance spindle. In addition to its traditional uses in the food and health sectors, granular ice has been keenly incorporated into other activities such as spas and therapeutic treatments. ICE QUEEN machines can produce two types of ice: DIAMOND ICE OR DRY GRANULAR ICE, models IQ50C and IQ85C, specially designed for cocktails. The ideal type of ice for the latest trend in international hospitality: cocktails! WET GRANULAR ICE, produced by all of the other machines in the the ICE QUEEN range. This ice has a higher percentage of moisture, which means it is perfect for supermarkets, for transporting fish, fruit or vegetables, and for industrial applications in the food sector.;515;mm;550;mm;1355;mm;84;Kg;5085;;EUR;;;cold>ice maker;ITV, icemaker, bar, granular, ice;;;;simple;;Production (kg/24h);182;Ice type;Granular;Storage;60;;;Condensation;Air;Gas type;R 290;active;https://raw.githubusercontent.com/cooknation/itv/refs/heads/main/itv_video_IQ_180C_A.mp4;https://raw.githubusercontent.com/cooknation/itv/refs/heads/main/itv_image_IQ_180C_A.jpg;https://raw.githubusercontent.com/cooknation/itv/refs/heads/main/itv_image_2_IQ_180C_A.jpg;https://raw.githubusercontent.com/cooknation/itv/refs/heads/main/itv_image_3_IQ_180C_A.jpg;https://raw.githubusercontent.com/cooknation/itv/refs/heads/main/itv_datasheet_IQ_180C_A.pdf;https://raw.githubusercontent.com/cooknation/itv/refs/heads/main/itv_manual_IQ_180C_A.pdf;https://raw.githubusercontent.com/cooknation/itv/refs/heads/main/itv_technicalmanual_IQ_180C_A.pdf;https://raw.githubusercontent.com/cooknation/itv/refs/heads/main/itv_drawing_IQ_180C_A.pdf;https://raw.githubusercontent.com/cooknation/itv/refs/heads/main/itv_catalogue_IQ_180C_A.pdf;https://raw.githubusercontent.com/cooknation/itv/refs/heads/main/itv_photo_IQ_180C_A.jpg;https://raw.githubusercontent.com/cooknation/itv/refs/heads/main/itv_card_IQ_180C_A.pdf;https://raw.githubusercontent.com/cooknation/itv/refs/heads/main/itv_brandcatalogue.pdf;https://raw.githubusercontent.com/cooknation/itv/refs/heads/main/itv_price.pdf
CKNITVIQ_180C_W;IQ_180C_W;ITV;Ice maker;Ice maker, axial system, granular ice, water cooling ;GRANULAR ICE IN THE FISH MARKET, THE SPA OR THE COCKTAIL SHAKER. The ICE QUEEN series produces ice diced or granular ice, while benefiting from its vertical cylindrical evaporator and high resistance spindle. In addition to its traditional uses in the food and health sectors, granular ice has been keenly incorporated into other activities such as spas and therapeutic treatments. ICE QUEEN machines can produce two types of ice: DIAMOND ICE OR DRY GRANULAR ICE, models IQ50C and IQ85C, specially designed for cocktails. The ideal type of ice for the latest trend in international hospitality: cocktails! WET GRANULAR ICE, produced by all of the other machines in the the ICE QUEEN range. This ice has a higher percentage of moisture, which means it is perfect for supermarkets, for transporting fish, fruit or vegetables, and for industrial applications in the food sector.;515;mm;550;mm;1355;mm;75;Kg;5252;;EUR;;;cold>ice maker;ITV, icemaker, bar, granular, ice;;;;simple;;Production (kg/24h);178;Ice type;Granular;Storage;60;;;Condensation;Water;Gas type;R 290;active;https://raw.githubusercontent.com/cooknation/itv/refs/heads/main/itv_video_IQ_180C_W.mp4;https://raw.githubusercontent.com/cooknation/itv/refs/heads/main/itv_image_IQ_180C_W.jpg;https://raw.githubusercontent.com/cooknation/itv/refs/heads/main/itv_image_2_IQ_180C_W.jpg;https://raw.githubusercontent.com/cooknation/itv/refs/heads/main/itv_image_3_IQ_180C_W.jpg;https://raw.githubusercontent.com/cooknation/itv/refs/heads/main/itv_datasheet_IQ_180C_W.pdf;https://raw.githubusercontent.com/cooknation/itv/refs/heads/main/itv_manual_IQ_180C_W.pdf;https://raw.githubusercontent.com/cooknation/itv/refs/heads/main/itv_technicalmanual_IQ_180C_W.pdf;https://raw.githubusercontent.com/cooknation/itv/refs/heads/main/itv_drawing_IQ_180C_W.pdf;https://raw.githubusercontent.com/cooknation/itv/refs/heads/main/itv_catalogue_IQ_180C_W.pdf;https://raw.githubusercontent.com/cooknation/itv/refs/heads/main/itv_photo_IQ_180C_W.jpg;https://raw.githubusercontent.com/cooknation/itv/refs/heads/main/itv_card_IQ_180C_W.pdf;https://raw.githubusercontent.com/cooknation/itv/refs/heads/main/itv_brandcatalogue.pdf;https://raw.githubusercontent.com/cooknation/itv/refs/heads/main/itv_price.pdf
CKNITVIQ_230_A;IQ_230_A;ITV;Ice maker;Ice maker, axial system, granular ice, air cooling, modular;GRANULAR ICE IN THE FISH MARKET, THE SPA OR THE COCKTAIL SHAKER. The ICE QUEEN series produces ice diced or granular ice, while benefiting from its vertical cylindrical evaporator and high resistance spindle. In addition to its traditional uses in the food and health sectors, granular ice has been keenly incorporated into other activities such as spas and therapeutic treatments. ICE QUEEN machines can produce two types of ice: DIAMOND ICE OR DRY GRANULAR ICE, models IQ50C and IQ85C, specially designed for cocktails. The ideal type of ice for the latest trend in international hospitality: cocktails! WET GRANULAR ICE, produced by all of the other machines in the the ICE QUEEN range. This ice has a higher percentage of moisture, which means it is perfect for supermarkets, for transporting fish, fruit or vegetables, and for industrial applications in the food sector.;515;mm;550;mm;575;mm;53;Kg;5386;;EUR;;;cold>ice maker;ITV, icemaker, bar, granular, ice;;;;simple;;Production (kg/24h);230;Ice type;Granular;Storage;Modular;;;Condensation;Air;Gas type;R 290;active;https://raw.githubusercontent.com/cooknation/itv/refs/heads/main/itv_video_IQ_230_A.mp4;https://raw.githubusercontent.com/cooknation/itv/refs/heads/main/itv_image_IQ_230_A.jpg;https://raw.githubusercontent.com/cooknation/itv/refs/heads/main/itv_image_2_IQ_230_A.jpg;https://raw.githubusercontent.com/cooknation/itv/refs/heads/main/itv_image_3_IQ_230_A.jpg;https://raw.githubusercontent.com/cooknation/itv/refs/heads/main/itv_datasheet_IQ_230_A.pdf;https://raw.githubusercontent.com/cooknation/itv/refs/heads/main/itv_manual_IQ_230_A.pdf;https://raw.githubusercontent.com/cooknation/itv/refs/heads/main/itv_technicalmanual_IQ_230_A.pdf;https://raw.githubusercontent.com/cooknation/itv/refs/heads/main/itv_drawing_IQ_230_A.pdf;https://raw.githubusercontent.com/cooknation/itv/refs/heads/main/itv_catalogue_IQ_230_A.pdf;https://raw.githubusercontent.com/cooknation/itv/refs/heads/main/itv_photo_IQ_230_A.jpg;https://raw.githubusercontent.com/cooknation/itv/refs/heads/main/itv_card_IQ_230_A.pdf;https://raw.githubusercontent.com/cooknation/itv/refs/heads/main/itv_brandcatalogue.pdf;https://raw.githubusercontent.com/cooknation/itv/refs/heads/main/itv_price.pdf
CKNITVIQ_230_W;IQ_230_W;ITV;Ice maker;Ice maker, axial system, granular ice, water cooling, modular;GRANULAR ICE IN THE FISH MARKET, THE SPA OR THE COCKTAIL SHAKER. The ICE QUEEN series produces ice diced or granular ice, while benefiting from its vertical cylindrical evaporator and high resistance spindle. In addition to its traditional uses in the food and health sectors, granular ice has been keenly incorporated into other activities such as spas and therapeutic treatments. ICE QUEEN machines can produce two types of ice: DIAMOND ICE OR DRY GRANULAR ICE, models IQ50C and IQ85C, specially designed for cocktails. The ideal type of ice for the latest trend in international hospitality: cocktails! WET GRANULAR ICE, produced by all of the other machines in the the ICE QUEEN range. This ice has a higher percentage of moisture, which means it is perfect for supermarkets, for transporting fish, fruit or vegetables, and for industrial applications in the food sector.;515;mm;550;mm;575;mm;53;Kg;5504;;EUR;;;cold>ice maker;ITV, icemaker, bar, granular, ice;;;;simple;;Production (kg/24h);234;Ice type;Granular;Storage;Modular;;;Condensation;Water;Gas type;R 290;active;https://raw.githubusercontent.com/cooknation/itv/refs/heads/main/itv_video_IQ_230_W.mp4;https://raw.githubusercontent.com/cooknation/itv/refs/heads/main/itv_image_IQ_230_W.jpg;https://raw.githubusercontent.com/cooknation/itv/refs/heads/main/itv_image_2_IQ_230_W.jpg;https://raw.githubusercontent.com/cooknation/itv/refs/heads/main/itv_image_3_IQ_230_W.jpg;https://raw.githubusercontent.com/cooknation/itv/refs/heads/main/itv_datasheet_IQ_230_W.pdf;https://raw.githubusercontent.com/cooknation/itv/refs/heads/main/itv_manual_IQ_230_W.pdf;https://raw.githubusercontent.com/cooknation/itv/refs/heads/main/itv_technicalmanual_IQ_230_W.pdf;https://raw.githubusercontent.com/cooknation/itv/refs/heads/main/itv_drawing_IQ_230_W.pdf;https://raw.githubusercontent.com/cooknation/itv/refs/heads/main/itv_catalogue_IQ_230_W.pdf;https://raw.githubusercontent.com/cooknation/itv/refs/heads/main/itv_photo_IQ_230_W.jpg;https://raw.githubusercontent.com/cooknation/itv/refs/heads/main/itv_card_IQ_230_W.pdf;https://raw.githubusercontent.com/cooknation/itv/refs/heads/main/itv_brandcatalogue.pdf;https://raw.githubusercontent.com/cooknation/itv/refs/heads/main/itv_price.pdf
CKNITVIQ_450_A_1PH;IQ_450_A_1PH;ITV;Ice maker;Ice maker, axial system, granular ice, air cooling, voltage 230/50/1;GRANULAR ICE IN THE FISH MARKET, THE SPA OR THE COCKTAIL SHAKER. The ICE QUEEN series produces ice diced or granular ice, while benefiting from its vertical cylindrical evaporator and high resistance spindle. In addition to its traditional uses in the food and health sectors, granular ice has been keenly incorporated into other activities such as spas and therapeutic treatments. ICE QUEEN machines can produce two types of ice: DIAMOND ICE OR DRY GRANULAR ICE, models IQ50C and IQ85C, specially designed for cocktails. The ideal type of ice for the latest trend in international hospitality: cocktails! WET GRANULAR ICE, produced by all of the other machines in the the ICE QUEEN range. This ice has a higher percentage of moisture, which means it is perfect for supermarkets, for transporting fish, fruit or vegetables, and for industrial applications in the food sector.;675;mm;550;mm;660;mm;93;Kg;7166;;EUR;;;cold>ice maker;ITV, icemaker, bar, granular, ice;;;;simple;;Production (kg/24h);482;Ice type;Granular;Storage;Modular;;;Condensation;Air;Gas type;R 290;active;https://raw.githubusercontent.com/cooknation/itv/refs/heads/main/itv_video_IQ_450_A_1PH.mp4;https://raw.githubusercontent.com/cooknation/itv/refs/heads/main/itv_image_IQ_450_A_1PH.jpg;https://raw.githubusercontent.com/cooknation/itv/refs/heads/main/itv_image_2_IQ_450_A_1PH.jpg;https://raw.githubusercontent.com/cooknation/itv/refs/heads/main/itv_image_3_IQ_450_A_1PH.jpg;https://raw.githubusercontent.com/cooknation/itv/refs/heads/main/itv_datasheet_IQ_450_A_1PH.pdf;https://raw.githubusercontent.com/cooknation/itv/refs/heads/main/itv_manual_IQ_450_A_1PH.pdf;https://raw.githubusercontent.com/cooknation/itv/refs/heads/main/itv_technicalmanual_IQ_450_A_1PH.pdf;https://raw.githubusercontent.com/cooknation/itv/refs/heads/main/itv_drawing_IQ_450_A_1PH.pdf;https://raw.githubusercontent.com/cooknation/itv/refs/heads/main/itv_catalogue_IQ_450_A_1PH.pdf;https://raw.githubusercontent.com/cooknation/itv/refs/heads/main/itv_photo_IQ_450_A_1PH.jpg;https://raw.githubusercontent.com/cooknation/itv/refs/heads/main/itv_card_IQ_450_A_1PH.pdf;https://raw.githubusercontent.com/cooknation/itv/refs/heads/main/itv_brandcatalogue.pdf;https://raw.githubusercontent.com/cooknation/itv/refs/heads/main/itv_price.pdf
CKNITVIQ_450_A_3PH;IQ_450_A_3PH;ITV;Ice maker;Ice maker, axial system, granular ice, air cooling. voltage 380/50/3 ;GRANULAR ICE IN THE FISH MARKET, THE SPA OR THE COCKTAIL SHAKER. The ICE QUEEN series produces ice diced or granular ice, while benefiting from its vertical cylindrical evaporator and high resistance spindle. In addition to its traditional uses in the food and health sectors, granular ice has been keenly incorporated into other activities such as spas and therapeutic treatments. ICE QUEEN machines can produce two types of ice: DIAMOND ICE OR DRY GRANULAR ICE, models IQ50C and IQ85C, specially designed for cocktails. The ideal type of ice for the latest trend in international hospitality: cocktails! WET GRANULAR ICE, produced by all of the other machines in the the ICE QUEEN range. This ice has a higher percentage of moisture, which means it is perfect for supermarkets, for transporting fish, fruit or vegetables, and for industrial applications in the food sector.;675;mm;550;mm;660;mm;93;Kg;7166;;EUR;;;cold>ice maker;ITV, icemaker, bar, granular, ice;;;;simple;;Production (kg/24h);482;Ice type;Granular;Storage;Modular;;;Condensation;Air;Gas type;R 290;active;https://raw.githubusercontent.com/cooknation/itv/refs/heads/main/itv_video_IQ_450_A_3PH.mp4;https://raw.githubusercontent.com/cooknation/itv/refs/heads/main/itv_image_IQ_450_A_3PH.jpg;https://raw.githubusercontent.com/cooknation/itv/refs/heads/main/itv_image_2_IQ_450_A_3PH.jpg;https://raw.githubusercontent.com/cooknation/itv/refs/heads/main/itv_image_3_IQ_450_A_3PH.jpg;https://raw.githubusercontent.com/cooknation/itv/refs/heads/main/itv_datasheet_IQ_450_A_3PH.pdf;https://raw.githubusercontent.com/cooknation/itv/refs/heads/main/itv_manual_IQ_450_A_3PH.pdf;https://raw.githubusercontent.com/cooknation/itv/refs/heads/main/itv_technicalmanual_IQ_450_A_3PH.pdf;https://raw.githubusercontent.com/cooknation/itv/refs/heads/main/itv_drawing_IQ_450_A_3PH.pdf;https://raw.githubusercontent.com/cooknation/itv/refs/heads/main/itv_catalogue_IQ_450_A_3PH.pdf;https://raw.githubusercontent.com/cooknation/itv/refs/heads/main/itv_photo_IQ_450_A_3PH.jpg;https://raw.githubusercontent.com/cooknation/itv/refs/heads/main/itv_card_IQ_450_A_3PH.pdf;https://raw.githubusercontent.com/cooknation/itv/refs/heads/main/itv_brandcatalogue.pdf;https://raw.githubusercontent.com/cooknation/itv/refs/heads/main/itv_price.pdf
CKNITVIQ_450_W_1PH;IQ_450_W_1PH;ITV;Ice maker;Ice maker, axial system, granular ice, water cooling, voltage 230/50/1 ;GRANULAR ICE IN THE FISH MARKET, THE SPA OR THE COCKTAIL SHAKER. The ICE QUEEN series produces ice diced or granular ice, while benefiting from its vertical cylindrical evaporator and high resistance spindle. In addition to its traditional uses in the food and health sectors, granular ice has been keenly incorporated into other activities such as spas and therapeutic treatments. ICE QUEEN machines can produce two types of ice: DIAMOND ICE OR DRY GRANULAR ICE, models IQ50C and IQ85C, specially designed for cocktails. The ideal type of ice for the latest trend in international hospitality: cocktails! WET GRANULAR ICE, produced by all of the other machines in the the ICE QUEEN range. This ice has a higher percentage of moisture, which means it is perfect for supermarkets, for transporting fish, fruit or vegetables, and for industrial applications in the food sector.;675;mm;550;mm;660;mm;93;Kg;7315;;EUR;;;cold>ice maker;ITV, icemaker, bar, granular, ice;;;;simple;;Production (kg/24h);502;Ice type;Granular;Storage;Modular;;;Condensation;Water;Gas type;R 290;active;https://raw.githubusercontent.com/cooknation/itv/refs/heads/main/itv_video_IQ_450_W_1PH.mp4;https://raw.githubusercontent.com/cooknation/itv/refs/heads/main/itv_image_IQ_450_W_1PH.jpg;https://raw.githubusercontent.com/cooknation/itv/refs/heads/main/itv_image_2_IQ_450_W_1PH.jpg;https://raw.githubusercontent.com/cooknation/itv/refs/heads/main/itv_image_3_IQ_450_W_1PH.jpg;https://raw.githubusercontent.com/cooknation/itv/refs/heads/main/itv_datasheet_IQ_450_W_1PH.pdf;https://raw.githubusercontent.com/cooknation/itv/refs/heads/main/itv_manual_IQ_450_W_1PH.pdf;https://raw.githubusercontent.com/cooknation/itv/refs/heads/main/itv_technicalmanual_IQ_450_W_1PH.pdf;https://raw.githubusercontent.com/cooknation/itv/refs/heads/main/itv_drawing_IQ_450_W_1PH.pdf;https://raw.githubusercontent.com/cooknation/itv/refs/heads/main/itv_catalogue_IQ_450_W_1PH.pdf;https://raw.githubusercontent.com/cooknation/itv/refs/heads/main/itv_photo_IQ_450_W_1PH.jpg;https://raw.githubusercontent.com/cooknation/itv/refs/heads/main/itv_card_IQ_450_W_1PH.pdf;https://raw.githubusercontent.com/cooknation/itv/refs/heads/main/itv_brandcatalogue.pdf;https://raw.githubusercontent.com/cooknation/itv/refs/heads/main/itv_price.pdf
CKNITVIQ_450_W_3PH;IQ_450_W_3PH;ITV;Ice maker;Ice maker, axial system, granular ice, water cooling, voltage 380/50/3 ;GRANULAR ICE IN THE FISH MARKET, THE SPA OR THE COCKTAIL SHAKER. The ICE QUEEN series produces ice diced or granular ice, while benefiting from its vertical cylindrical evaporator and high resistance spindle. In addition to its traditional uses in the food and health sectors, granular ice has been keenly incorporated into other activities such as spas and therapeutic treatments. ICE QUEEN machines can produce two types of ice: DIAMOND ICE OR DRY GRANULAR ICE, models IQ50C and IQ85C, specially designed for cocktails. The ideal type of ice for the latest trend in international hospitality: cocktails! WET GRANULAR ICE, produced by all of the other machines in the the ICE QUEEN range. This ice has a higher percentage of moisture, which means it is perfect for supermarkets, for transporting fish, fruit or vegetables, and for industrial applications in the food sector.;675;mm;550;mm;660;mm;93;Kg;7315;;EUR;;;cold>ice maker;ITV, icemaker, bar, granular, ice;;;;simple;;Production (kg/24h);502;Ice type;Granular;Storage;Modular;;;Condensation;Water;Gas type;R 290;active;https://raw.githubusercontent.com/cooknation/itv/refs/heads/main/itv_video_IQ_450_W_3PH.mp4;https://raw.githubusercontent.com/cooknation/itv/refs/heads/main/itv_image_IQ_450_W_3PH.jpg;https://raw.githubusercontent.com/cooknation/itv/refs/heads/main/itv_image_2_IQ_450_W_3PH.jpg;https://raw.githubusercontent.com/cooknation/itv/refs/heads/main/itv_image_3_IQ_450_W_3PH.jpg;https://raw.githubusercontent.com/cooknation/itv/refs/heads/main/itv_datasheet_IQ_450_W_3PH.pdf;https://raw.githubusercontent.com/cooknation/itv/refs/heads/main/itv_manual_IQ_450_W_3PH.pdf;https://raw.githubusercontent.com/cooknation/itv/refs/heads/main/itv_technicalmanual_IQ_450_W_3PH.pdf;https://raw.githubusercontent.com/cooknation/itv/refs/heads/main/itv_drawing_IQ_450_W_3PH.pdf;https://raw.githubusercontent.com/cooknation/itv/refs/heads/main/itv_catalogue_IQ_450_W_3PH.pdf;https://raw.githubusercontent.com/cooknation/itv/refs/heads/main/itv_photo_IQ_450_W_3PH.jpg;https://raw.githubusercontent.com/cooknation/itv/refs/heads/main/itv_card_IQ_450_W_3PH.pdf;https://raw.githubusercontent.com/cooknation/itv/refs/heads/main/itv_brandcatalogue.pdf;https://raw.githubusercontent.com/cooknation/itv/refs/heads/main/itv_price.pdf
CKNITVIQ_50C_A;IQ_50C_A;ITV;Ice maker;Ice maker, axial system, diamond ice, air cooling ;GRANULAR ICE IN THE FISH MARKET, THE SPA OR THE COCKTAIL SHAKER. The ICE QUEEN series produces ice diced or granular ice, while benefiting from its vertical cylindrical evaporator and high resistance spindle. In addition to its traditional uses in the food and health sectors, granular ice has been keenly incorporated into other activities such as spas and therapeutic treatments. ICE QUEEN machines can produce two types of ice: DIAMOND ICE OR DRY GRANULAR ICE, models IQ50C and IQ85C, specially designed for cocktails. The ideal type of ice for the latest trend in international hospitality: cocktails! WET GRANULAR ICE, produced by all of the other machines in the the ICE QUEEN range. This ice has a higher percentage of moisture, which means it is perfect for supermarkets, for transporting fish, fruit or vegetables, and for industrial applications in the food sector.;465;mm;595;mm;784;mm;53;Kg;3703;;EUR;;;cold>ice maker;ITV, icemaker, bar, granular, ice;;;;simple;;Production (kg/24h);55;Ice type;Diamond;Storage;20;;;Condensation;Air;Gas type;R 290;active;https://raw.githubusercontent.com/cooknation/itv/refs/heads/main/itv_video_IQ_50C_A.mp4;https://raw.githubusercontent.com/cooknation/itv/refs/heads/main/itv_image_IQ_50C_A.jpg;https://raw.githubusercontent.com/cooknation/itv/refs/heads/main/itv_image_2_IQ_50C_A.jpg;https://raw.githubusercontent.com/cooknation/itv/refs/heads/main/itv_image_3_IQ_50C_A.jpg;https://raw.githubusercontent.com/cooknation/itv/refs/heads/main/itv_datasheet_IQ_50C_A.pdf;https://raw.githubusercontent.com/cooknation/itv/refs/heads/main/itv_manual_IQ_50C_A.pdf;https://raw.githubusercontent.com/cooknation/itv/refs/heads/main/itv_technicalmanual_IQ_50C_A.pdf;https://raw.githubusercontent.com/cooknation/itv/refs/heads/main/itv_drawing_IQ_50C_A.pdf;https://raw.githubusercontent.com/cooknation/itv/refs/heads/main/itv_catalogue_IQ_50C_A.pdf;https://raw.githubusercontent.com/cooknation/itv/refs/heads/main/itv_photo_IQ_50C_A.jpg;https://raw.githubusercontent.com/cooknation/itv/refs/heads/main/itv_card_IQ_50C_A.pdf;https://raw.githubusercontent.com/cooknation/itv/refs/heads/main/itv_brandcatalogue.pdf;https://raw.githubusercontent.com/cooknation/itv/refs/heads/main/itv_price.pdf
CKNITVIQ_50C_A_DP;IQ_50C_A_DP;ITV;Ice maker;Ice maker, axial system, diamond ice, air cooling drainage pump ;GRANULAR ICE IN THE FISH MARKET, THE SPA OR THE COCKTAIL SHAKER. The ICE QUEEN series produces ice diced or granular ice, while benefiting from its vertical cylindrical evaporator and high resistance spindle. In addition to its traditional uses in the food and health sectors, granular ice has been keenly incorporated into other activities such as spas and therapeutic treatments. ICE QUEEN machines can produce two types of ice: DIAMOND ICE OR DRY GRANULAR ICE, models IQ50C and IQ85C, specially designed for cocktails. The ideal type of ice for the latest trend in international hospitality: cocktails! WET GRANULAR ICE, produced by all of the other machines in the the ICE QUEEN range. This ice has a higher percentage of moisture, which means it is perfect for supermarkets, for transporting fish, fruit or vegetables, and for industrial applications in the food sector.;465;mm;595;mm;784;mm;53;Kg;3824;;EUR;;;cold>ice maker;ITV, icemaker, bar, granular, ice;;;;simple;;Production (kg/24h);55;Ice type;Diamond;Storage;20;;;Condensation;Air;Gas type;R 290;active;https://raw.githubusercontent.com/cooknation/itv/refs/heads/main/itv_video_IQ_50C_A_DP.mp4;https://raw.githubusercontent.com/cooknation/itv/refs/heads/main/itv_image_IQ_50C_A_DP.jpg;https://raw.githubusercontent.com/cooknation/itv/refs/heads/main/itv_image_2_IQ_50C_A_DP.jpg;https://raw.githubusercontent.com/cooknation/itv/refs/heads/main/itv_image_3_IQ_50C_A_DP.jpg;https://raw.githubusercontent.com/cooknation/itv/refs/heads/main/itv_datasheet_IQ_50C_A_DP.pdf;https://raw.githubusercontent.com/cooknation/itv/refs/heads/main/itv_manual_IQ_50C_A_DP.pdf;https://raw.githubusercontent.com/cooknation/itv/refs/heads/main/itv_technicalmanual_IQ_50C_A_DP.pdf;https://raw.githubusercontent.com/cooknation/itv/refs/heads/main/itv_drawing_IQ_50C_A_DP.pdf;https://raw.githubusercontent.com/cooknation/itv/refs/heads/main/itv_catalogue_IQ_50C_A_DP.pdf;https://raw.githubusercontent.com/cooknation/itv/refs/heads/main/itv_photo_IQ_50C_A_DP.jpg;https://raw.githubusercontent.com/cooknation/itv/refs/heads/main/itv_card_IQ_50C_A_DP.pdf;https://raw.githubusercontent.com/cooknation/itv/refs/heads/main/itv_brandcatalogue.pdf;https://raw.githubusercontent.com/cooknation/itv/refs/heads/main/itv_price.pdf
CKNITVIQ_50C_W;IQ_50C_W;ITV;Ice maker;Ice maker, axial system, diamond ice, water cooling ;GRANULAR ICE IN THE FISH MARKET, THE SPA OR THE COCKTAIL SHAKER. The ICE QUEEN series produces ice diced or granular ice, while benefiting from its vertical cylindrical evaporator and high resistance spindle. In addition to its traditional uses in the food and health sectors, granular ice has been keenly incorporated into other activities such as spas and therapeutic treatments. ICE QUEEN machines can produce two types of ice: DIAMOND ICE OR DRY GRANULAR ICE, models IQ50C and IQ85C, specially designed for cocktails. The ideal type of ice for the latest trend in international hospitality: cocktails! WET GRANULAR ICE, produced by all of the other machines in the the ICE QUEEN range. This ice has a higher percentage of moisture, which means it is perfect for supermarkets, for transporting fish, fruit or vegetables, and for industrial applications in the food sector.;465;mm;595;mm;784;mm;53;Kg;3865;;EUR;;;cold>ice maker;ITV, icemaker, bar, granular, ice;;;;simple;;Production (kg/24h);58;Ice type;Diamond;Storage;20;;;Condensation;Water;Gas type;R 290;active;https://raw.githubusercontent.com/cooknation/itv/refs/heads/main/itv_video_IQ_50C_W.mp4;https://raw.githubusercontent.com/cooknation/itv/refs/heads/main/itv_image_IQ_50C_W.jpg;https://raw.githubusercontent.com/cooknation/itv/refs/heads/main/itv_image_2_IQ_50C_W.jpg;https://raw.githubusercontent.com/cooknation/itv/refs/heads/main/itv_image_3_IQ_50C_W.jpg;https://raw.githubusercontent.com/cooknation/itv/refs/heads/main/itv_datasheet_IQ_50C_W.pdf;https://raw.githubusercontent.com/cooknation/itv/refs/heads/main/itv_manual_IQ_50C_W.pdf;https://raw.githubusercontent.com/cooknation/itv/refs/heads/main/itv_technicalmanual_IQ_50C_W.pdf;https://raw.githubusercontent.com/cooknation/itv/refs/heads/main/itv_drawing_IQ_50C_W.pdf;https://raw.githubusercontent.com/cooknation/itv/refs/heads/main/itv_catalogue_IQ_50C_W.pdf;https://raw.githubusercontent.com/cooknation/itv/refs/heads/main/itv_photo_IQ_50C_W.jpg;https://raw.githubusercontent.com/cooknation/itv/refs/heads/main/itv_card_IQ_50C_W.pdf;https://raw.githubusercontent.com/cooknation/itv/refs/heads/main/itv_brandcatalogue.pdf;https://raw.githubusercontent.com/cooknation/itv/refs/heads/main/itv_price.pdf
CKNITVIQ_550_A_SPLIT;IQ_550_A_SPLIT;ITV;Ice maker;Ice maker, axial system, granular ice, air cooling, voltage 380/50/1;GRANULAR ICE IN THE FISH MARKET, THE SPA OR THE COCKTAIL SHAKER. The ICE QUEEN series produces ice diced or granular ice, while benefiting from its vertical cylindrical evaporator and high resistance spindle. In addition to its traditional uses in the food and health sectors, granular ice has been keenly incorporated into other activities such as spas and therapeutic treatments. ICE QUEEN machines can produce two types of ice: DIAMOND ICE OR DRY GRANULAR ICE, models IQ50C and IQ85C, specially designed for cocktails. The ideal type of ice for the latest trend in international hospitality: cocktails! WET GRANULAR ICE, produced by all of the other machines in the the ICE QUEEN range. This ice has a higher percentage of moisture, which means it is perfect for supermarkets, for transporting fish, fruit or vegetables, and for industrial applications in the food sector.;525;mm;410;mm;815;mm;70;Kg;7304;;EUR;;;cold>ice maker;ITV, icemaker, bar, granular, ice;;;;simple;;Production (kg/24h);560;Ice type;Granular;Storage;Modular;;;Condensation;;Gas type;R 452A;active;https://raw.githubusercontent.com/cooknation/itv/refs/heads/main/itv_video_IQ_550_A_SPLIT.mp4;https://raw.githubusercontent.com/cooknation/itv/refs/heads/main/itv_image_IQ_550_A_SPLIT.jpg;https://raw.githubusercontent.com/cooknation/itv/refs/heads/main/itv_image_2_IQ_550_A_SPLIT.jpg;https://raw.githubusercontent.com/cooknation/itv/refs/heads/main/itv_image_3_IQ_550_A_SPLIT.jpg;https://raw.githubusercontent.com/cooknation/itv/refs/heads/main/itv_datasheet_IQ_550_A_SPLIT.pdf;https://raw.githubusercontent.com/cooknation/itv/refs/heads/main/itv_manual_IQ_550_A_SPLIT.pdf;https://raw.githubusercontent.com/cooknation/itv/refs/heads/main/itv_technicalmanual_IQ_550_A_SPLIT.pdf;https://raw.githubusercontent.com/cooknation/itv/refs/heads/main/itv_drawing_IQ_550_A_SPLIT.pdf;https://raw.githubusercontent.com/cooknation/itv/refs/heads/main/itv_catalogue_IQ_550_A_SPLIT.pdf;https://raw.githubusercontent.com/cooknation/itv/refs/heads/main/itv_photo_IQ_550_A_SPLIT.jpg;https://raw.githubusercontent.com/cooknation/itv/refs/heads/main/itv_card_IQ_550_A_SPLIT.pdf;https://raw.githubusercontent.com/cooknation/itv/refs/heads/main/itv_brandcatalogue.pdf;https://raw.githubusercontent.com/cooknation/itv/refs/heads/main/itv_price.pdf
CKNITVIQ_550_A_SPLIT_REMOTE;IQ_550_A_SPLIT_REMOTE;ITV;Ice maker;Ice maker, axial system, granular ice, air cooling, voltage 380/50/1;GRANULAR ICE IN THE FISH MARKET, THE SPA OR THE COCKTAIL SHAKER. The ICE QUEEN series produces ice diced or granular ice, while benefiting from its vertical cylindrical evaporator and high resistance spindle. In addition to its traditional uses in the food and health sectors, granular ice has been keenly incorporated into other activities such as spas and therapeutic treatments. ICE QUEEN machines can produce two types of ice: DIAMOND ICE OR DRY GRANULAR ICE, models IQ50C and IQ85C, specially designed for cocktails. The ideal type of ice for the latest trend in international hospitality: cocktails! WET GRANULAR ICE, produced by all of the other machines in the the ICE QUEEN range. This ice has a higher percentage of moisture, which means it is perfect for supermarkets, for transporting fish, fruit or vegetables, and for industrial applications in the food sector.;525;mm;410;mm;815;mm;70;Kg;7304;;EUR;;;cold>ice maker;ITV, icemaker, bar, granular, ice;;;;simple;;Production (kg/24h);560;Ice type;Granular;Storage;Modular;;;Condensation;;Gas type;R 452A;active;https://raw.githubusercontent.com/cooknation/itv/refs/heads/main/itv_video_IQ_550_A_SPLIT_REMOTE.mp4;https://raw.githubusercontent.com/cooknation/itv/refs/heads/main/itv_image_IQ_550_A_SPLIT_REMOTE.jpg;https://raw.githubusercontent.com/cooknation/itv/refs/heads/main/itv_image_2_IQ_550_A_SPLIT_REMOTE.jpg;https://raw.githubusercontent.com/cooknation/itv/refs/heads/main/itv_image_3_IQ_550_A_SPLIT_REMOTE.jpg;https://raw.githubusercontent.com/cooknation/itv/refs/heads/main/itv_datasheet_IQ_550_A_SPLIT_REMOTE.pdf;https://raw.githubusercontent.com/cooknation/itv/refs/heads/main/itv_manual_IQ_550_A_SPLIT_REMOTE.pdf;https://raw.githubusercontent.com/cooknation/itv/refs/heads/main/itv_technicalmanual_IQ_550_A_SPLIT_REMOTE.pdf;https://raw.githubusercontent.com/cooknation/itv/refs/heads/main/itv_drawing_IQ_550_A_SPLIT_REMOTE.pdf;https://raw.githubusercontent.com/cooknation/itv/refs/heads/main/itv_catalogue_IQ_550_A_SPLIT_REMOTE.pdf;https://raw.githubusercontent.com/cooknation/itv/refs/heads/main/itv_photo_IQ_550_A_SPLIT_REMOTE.jpg;https://raw.githubusercontent.com/cooknation/itv/refs/heads/main/itv_card_IQ_550_A_SPLIT_REMOTE.pdf;https://raw.githubusercontent.com/cooknation/itv/refs/heads/main/itv_brandcatalogue.pdf;https://raw.githubusercontent.com/cooknation/itv/refs/heads/main/itv_price.pdf
CKNITVIQ_650_A_1PH;IQ_650_A_1PH;ITV;Ice maker;Ice maker, axial system, granular ice, air cooling 230/50/1 ;GRANULAR ICE IN THE FISH MARKET, THE SPA OR THE COCKTAIL SHAKER. The ICE QUEEN series produces ice diced or granular ice, while benefiting from its vertical cylindrical evaporator and high resistance spindle. In addition to its traditional uses in the food and health sectors, granular ice has been keenly incorporated into other activities such as spas and therapeutic treatments. ICE QUEEN machines can produce two types of ice: DIAMOND ICE OR DRY GRANULAR ICE, models IQ50C and IQ85C, specially designed for cocktails. The ideal type of ice for the latest trend in international hospitality: cocktails! WET GRANULAR ICE, produced by all of the other machines in the the ICE QUEEN range. This ice has a higher percentage of moisture, which means it is perfect for supermarkets, for transporting fish, fruit or vegetables, and for industrial applications in the food sector.;675;mm;550;mm;800;mm;111;Kg;8410;;EUR;;;cold>ice maker;ITV, icemaker, bar, granular, ice;;;;simple;;Production (kg/24h);655;Ice type;Granular;Storage;Modular;;;Condensation;Air;Gas type;R 290;active;https://raw.githubusercontent.com/cooknation/itv/refs/heads/main/itv_video_IQ_650_A_1PH.mp4;https://raw.githubusercontent.com/cooknation/itv/refs/heads/main/itv_image_IQ_650_A_1PH.jpg;https://raw.githubusercontent.com/cooknation/itv/refs/heads/main/itv_image_2_IQ_650_A_1PH.jpg;https://raw.githubusercontent.com/cooknation/itv/refs/heads/main/itv_image_3_IQ_650_A_1PH.jpg;https://raw.githubusercontent.com/cooknation/itv/refs/heads/main/itv_datasheet_IQ_650_A_1PH.pdf;https://raw.githubusercontent.com/cooknation/itv/refs/heads/main/itv_manual_IQ_650_A_1PH.pdf;https://raw.githubusercontent.com/cooknation/itv/refs/heads/main/itv_technicalmanual_IQ_650_A_1PH.pdf;https://raw.githubusercontent.com/cooknation/itv/refs/heads/main/itv_drawing_IQ_650_A_1PH.pdf;https://raw.githubusercontent.com/cooknation/itv/refs/heads/main/itv_catalogue_IQ_650_A_1PH.pdf;https://raw.githubusercontent.com/cooknation/itv/refs/heads/main/itv_photo_IQ_650_A_1PH.jpg;https://raw.githubusercontent.com/cooknation/itv/refs/heads/main/itv_card_IQ_650_A_1PH.pdf;https://raw.githubusercontent.com/cooknation/itv/refs/heads/main/itv_brandcatalogue.pdf;https://raw.githubusercontent.com/cooknation/itv/refs/heads/main/itv_price.pdf
CKNITVIQ_650_A_3PH;IQ_650_A_3PH;ITV;Ice maker;Ice maker, axial system, granular ice, air cooling 400/50/3 ;GRANULAR ICE IN THE FISH MARKET, THE SPA OR THE COCKTAIL SHAKER. The ICE QUEEN series produces ice diced or granular ice, while benefiting from its vertical cylindrical evaporator and high resistance spindle. In addition to its traditional uses in the food and health sectors, granular ice has been keenly incorporated into other activities such as spas and therapeutic treatments. ICE QUEEN machines can produce two types of ice: DIAMOND ICE OR DRY GRANULAR ICE, models IQ50C and IQ85C, specially designed for cocktails. The ideal type of ice for the latest trend in international hospitality: cocktails! WET GRANULAR ICE, produced by all of the other machines in the the ICE QUEEN range. This ice has a higher percentage of moisture, which means it is perfect for supermarkets, for transporting fish, fruit or vegetables, and for industrial applications in the food sector.;675;mm;550;mm;800;mm;111;Kg;8324;;EUR;;;cold>ice maker;ITV, icemaker, bar, granular, ice;;;;simple;;Production (kg/24h);655;Ice type;Granular;Storage;Modular;;;Condensation;Air;Gas type;R 290;active;https://raw.githubusercontent.com/cooknation/itv/refs/heads/main/itv_video_IQ_650_A_3PH.mp4;https://raw.githubusercontent.com/cooknation/itv/refs/heads/main/itv_image_IQ_650_A_3PH.jpg;https://raw.githubusercontent.com/cooknation/itv/refs/heads/main/itv_image_2_IQ_650_A_3PH.jpg;https://raw.githubusercontent.com/cooknation/itv/refs/heads/main/itv_image_3_IQ_650_A_3PH.jpg;https://raw.githubusercontent.com/cooknation/itv/refs/heads/main/itv_datasheet_IQ_650_A_3PH.pdf;https://raw.githubusercontent.com/cooknation/itv/refs/heads/main/itv_manual_IQ_650_A_3PH.pdf;https://raw.githubusercontent.com/cooknation/itv/refs/heads/main/itv_technicalmanual_IQ_650_A_3PH.pdf;https://raw.githubusercontent.com/cooknation/itv/refs/heads/main/itv_drawing_IQ_650_A_3PH.pdf;https://raw.githubusercontent.com/cooknation/itv/refs/heads/main/itv_catalogue_IQ_650_A_3PH.pdf;https://raw.githubusercontent.com/cooknation/itv/refs/heads/main/itv_photo_IQ_650_A_3PH.jpg;https://raw.githubusercontent.com/cooknation/itv/refs/heads/main/itv_card_IQ_650_A_3PH.pdf;https://raw.githubusercontent.com/cooknation/itv/refs/heads/main/itv_brandcatalogue.pdf;https://raw.githubusercontent.com/cooknation/itv/refs/heads/main/itv_price.pdf
CKNITVIQ_650_W_1PH;IQ_650_W_1PH;ITV;Ice maker;Ice maker, axial system, granular ice, water cooling, voltage 230/50/1;GRANULAR ICE IN THE FISH MARKET, THE SPA OR THE COCKTAIL SHAKER. The ICE QUEEN series produces ice diced or granular ice, while benefiting from its vertical cylindrical evaporator and high resistance spindle. In addition to its traditional uses in the food and health sectors, granular ice has been keenly incorporated into other activities such as spas and therapeutic treatments. ICE QUEEN machines can produce two types of ice: DIAMOND ICE OR DRY GRANULAR ICE, models IQ50C and IQ85C, specially designed for cocktails. The ideal type of ice for the latest trend in international hospitality: cocktails! WET GRANULAR ICE, produced by all of the other machines in the the ICE QUEEN range. This ice has a higher percentage of moisture, which means it is perfect for supermarkets, for transporting fish, fruit or vegetables, and for industrial applications in the food sector.;675;mm;550;mm;800;mm;111;Kg;8410;;EUR;;;cold>ice maker;ITV, icemaker, bar, granular, ice;;;;simple;;Production (kg/24h);632;Ice type;Granular;Storage;Modular;;;Condensation;Water;Gas type;R 290;active;https://raw.githubusercontent.com/cooknation/itv/refs/heads/main/itv_video_IQ_650_W_1PH.mp4;https://raw.githubusercontent.com/cooknation/itv/refs/heads/main/itv_image_IQ_650_W_1PH.jpg;https://raw.githubusercontent.com/cooknation/itv/refs/heads/main/itv_image_2_IQ_650_W_1PH.jpg;https://raw.githubusercontent.com/cooknation/itv/refs/heads/main/itv_image_3_IQ_650_W_1PH.jpg;https://raw.githubusercontent.com/cooknation/itv/refs/heads/main/itv_datasheet_IQ_650_W_1PH.pdf;https://raw.githubusercontent.com/cooknation/itv/refs/heads/main/itv_manual_IQ_650_W_1PH.pdf;https://raw.githubusercontent.com/cooknation/itv/refs/heads/main/itv_technicalmanual_IQ_650_W_1PH.pdf;https://raw.githubusercontent.com/cooknation/itv/refs/heads/main/itv_drawing_IQ_650_W_1PH.pdf;https://raw.githubusercontent.com/cooknation/itv/refs/heads/main/itv_catalogue_IQ_650_W_1PH.pdf;https://raw.githubusercontent.com/cooknation/itv/refs/heads/main/itv_photo_IQ_650_W_1PH.jpg;https://raw.githubusercontent.com/cooknation/itv/refs/heads/main/itv_card_IQ_650_W_1PH.pdf;https://raw.githubusercontent.com/cooknation/itv/refs/heads/main/itv_brandcatalogue.pdf;https://raw.githubusercontent.com/cooknation/itv/refs/heads/main/itv_price.pdf
CKNITVIQ_650_W_3PH;IQ_650_W_3PH;ITV;Ice maker;Ice maker, axial system, granular ice, water cooling, voltage 400/50/3 ;GRANULAR ICE IN THE FISH MARKET, THE SPA OR THE COCKTAIL SHAKER. The ICE QUEEN series produces ice diced or granular ice, while benefiting from its vertical cylindrical evaporator and high resistance spindle. In addition to its traditional uses in the food and health sectors, granular ice has been keenly incorporated into other activities such as spas and therapeutic treatments. ICE QUEEN machines can produce two types of ice: DIAMOND ICE OR DRY GRANULAR ICE, models IQ50C and IQ85C, specially designed for cocktails. The ideal type of ice for the latest trend in international hospitality: cocktails! WET GRANULAR ICE, produced by all of the other machines in the the ICE QUEEN range. This ice has a higher percentage of moisture, which means it is perfect for supermarkets, for transporting fish, fruit or vegetables, and for industrial applications in the food sector.;675;mm;550;mm;800;mm;111;Kg;8324;;EUR;;;cold>ice maker;ITV, icemaker, bar, granular, ice;;;;simple;;Production (kg/24h);632;Ice type;Granular;Storage;Modular;;;Condensation;Water;Gas type;R 290;active;https://raw.githubusercontent.com/cooknation/itv/refs/heads/main/itv_video_IQ_650_W_3PH.mp4;https://raw.githubusercontent.com/cooknation/itv/refs/heads/main/itv_image_IQ_650_W_3PH.jpg;https://raw.githubusercontent.com/cooknation/itv/refs/heads/main/itv_image_2_IQ_650_W_3PH.jpg;https://raw.githubusercontent.com/cooknation/itv/refs/heads/main/itv_image_3_IQ_650_W_3PH.jpg;https://raw.githubusercontent.com/cooknation/itv/refs/heads/main/itv_datasheet_IQ_650_W_3PH.pdf;https://raw.githubusercontent.com/cooknation/itv/refs/heads/main/itv_manual_IQ_650_W_3PH.pdf;https://raw.githubusercontent.com/cooknation/itv/refs/heads/main/itv_technicalmanual_IQ_650_W_3PH.pdf;https://raw.githubusercontent.com/cooknation/itv/refs/heads/main/itv_drawing_IQ_650_W_3PH.pdf;https://raw.githubusercontent.com/cooknation/itv/refs/heads/main/itv_catalogue_IQ_650_W_3PH.pdf;https://raw.githubusercontent.com/cooknation/itv/refs/heads/main/itv_photo_IQ_650_W_3PH.jpg;https://raw.githubusercontent.com/cooknation/itv/refs/heads/main/itv_card_IQ_650_W_3PH.pdf;https://raw.githubusercontent.com/cooknation/itv/refs/heads/main/itv_brandcatalogue.pdf;https://raw.githubusercontent.com/cooknation/itv/refs/heads/main/itv_price.pdf
CKNITVIQ_850_A_SPLIT;IQ_850_A_SPLIT;ITV;Ice maker;Ice maker, axial system, granular ice, ;GRANULAR ICE IN THE FISH MARKET, THE SPA OR THE COCKTAIL SHAKER. The ICE QUEEN series produces ice diced or granular ice, while benefiting from its vertical cylindrical evaporator and high resistance spindle. In addition to its traditional uses in the food and health sectors, granular ice has been keenly incorporated into other activities such as spas and therapeutic treatments. ICE QUEEN machines can produce two types of ice: DIAMOND ICE OR DRY GRANULAR ICE, models IQ50C and IQ85C, specially designed for cocktails. The ideal type of ice for the latest trend in international hospitality: cocktails! WET GRANULAR ICE, produced by all of the other machines in the the ICE QUEEN range. This ice has a higher percentage of moisture, which means it is perfect for supermarkets, for transporting fish, fruit or vegetables, and for industrial applications in the food sector.;525;mm;410;mm;815;mm;57;Kg;12375;;EUR;;;cold>ice maker;ITV, icemaker, bar, granular, ice;;;;simple;;Production (kg/24h);850;Ice type;Granular;Storage;Modular;;;Condensation;-;Gas type;R449A;active;https://raw.githubusercontent.com/cooknation/itv/refs/heads/main/itv_video_IQ_850_A_SPLIT.mp4;https://raw.githubusercontent.com/cooknation/itv/refs/heads/main/itv_image_IQ_850_A_SPLIT.jpg;https://raw.githubusercontent.com/cooknation/itv/refs/heads/main/itv_image_2_IQ_850_A_SPLIT.jpg;https://raw.githubusercontent.com/cooknation/itv/refs/heads/main/itv_image_3_IQ_850_A_SPLIT.jpg;https://raw.githubusercontent.com/cooknation/itv/refs/heads/main/itv_datasheet_IQ_850_A_SPLIT.pdf;https://raw.githubusercontent.com/cooknation/itv/refs/heads/main/itv_manual_IQ_850_A_SPLIT.pdf;https://raw.githubusercontent.com/cooknation/itv/refs/heads/main/itv_technicalmanual_IQ_850_A_SPLIT.pdf;https://raw.githubusercontent.com/cooknation/itv/refs/heads/main/itv_drawing_IQ_850_A_SPLIT.pdf;https://raw.githubusercontent.com/cooknation/itv/refs/heads/main/itv_catalogue_IQ_850_A_SPLIT.pdf;https://raw.githubusercontent.com/cooknation/itv/refs/heads/main/itv_photo_IQ_850_A_SPLIT.jpg;https://raw.githubusercontent.com/cooknation/itv/refs/heads/main/itv_card_IQ_850_A_SPLIT.pdf;https://raw.githubusercontent.com/cooknation/itv/refs/heads/main/itv_brandcatalogue.pdf;https://raw.githubusercontent.com/cooknation/itv/refs/heads/main/itv_price.pdf
CKNITVIQ_850_A_SPLIT_CO2;IQ_850_A_SPLIT_CO2;ITV;Ice maker;Ice maker, axial system, granular ice, air cooling, voltage 380/50/4;GRANULAR ICE IN THE FISH MARKET, THE SPA OR THE COCKTAIL SHAKER. The ICE QUEEN series produces ice diced or granular ice, while benefiting from its vertical cylindrical evaporator and high resistance spindle. In addition to its traditional uses in the food and health sectors, granular ice has been keenly incorporated into other activities such as spas and therapeutic treatments. ICE QUEEN machines can produce two types of ice: DIAMOND ICE OR DRY GRANULAR ICE, models IQ50C and IQ85C, specially designed for cocktails. The ideal type of ice for the latest trend in international hospitality: cocktails! WET GRANULAR ICE, produced by all of the other machines in the the ICE QUEEN range. This ice has a higher percentage of moisture, which means it is perfect for supermarkets, for transporting fish, fruit or vegetables, and for industrial applications in the food sector.;525;mm;410;mm;815;mm;57;Kg;12645;;EUR;;;cold>ice maker;ITV, icemaker, bar, granular, ice;;;;simple;;Production (kg/24h);850;Ice type;Granular;Storage;Modular;;;Condensation;-;Gas type;CO2;active;https://raw.githubusercontent.com/cooknation/itv/refs/heads/main/itv_video_IQ_850_A_SPLIT_CO2.mp4;https://raw.githubusercontent.com/cooknation/itv/refs/heads/main/itv_image_IQ_850_A_SPLIT_CO2.jpg;https://raw.githubusercontent.com/cooknation/itv/refs/heads/main/itv_image_2_IQ_850_A_SPLIT_CO2.jpg;https://raw.githubusercontent.com/cooknation/itv/refs/heads/main/itv_image_3_IQ_850_A_SPLIT_CO2.jpg;https://raw.githubusercontent.com/cooknation/itv/refs/heads/main/itv_datasheet_IQ_850_A_SPLIT_CO2.pdf;https://raw.githubusercontent.com/cooknation/itv/refs/heads/main/itv_manual_IQ_850_A_SPLIT_CO2.pdf;https://raw.githubusercontent.com/cooknation/itv/refs/heads/main/itv_technicalmanual_IQ_850_A_SPLIT_CO2.pdf;https://raw.githubusercontent.com/cooknation/itv/refs/heads/main/itv_drawing_IQ_850_A_SPLIT_CO2.pdf;https://raw.githubusercontent.com/cooknation/itv/refs/heads/main/itv_catalogue_IQ_850_A_SPLIT_CO2.pdf;https://raw.githubusercontent.com/cooknation/itv/refs/heads/main/itv_photo_IQ_850_A_SPLIT_CO2.jpg;https://raw.githubusercontent.com/cooknation/itv/refs/heads/main/itv_card_IQ_850_A_SPLIT_CO2.pdf;https://raw.githubusercontent.com/cooknation/itv/refs/heads/main/itv_brandcatalogue.pdf;https://raw.githubusercontent.com/cooknation/itv/refs/heads/main/itv_price.pdf
CKNITVIQ_90C_A;IQ_90C_A;ITV;Ice maker;Ice maker, axial system, diamond ice, air cooling ;GRANULAR ICE IN THE FISH MARKET, THE SPA OR THE COCKTAIL SHAKER. The ICE QUEEN series produces ice diced or granular ice, while benefiting from its vertical cylindrical evaporator and high resistance spindle. In addition to its traditional uses in the food and health sectors, granular ice has been keenly incorporated into other activities such as spas and therapeutic treatments. ICE QUEEN machines can produce two types of ice: DIAMOND ICE OR DRY GRANULAR ICE, models IQ50C and IQ85C, specially designed for cocktails. The ideal type of ice for the latest trend in international hospitality: cocktails! WET GRANULAR ICE, produced by all of the other machines in the the ICE QUEEN range. This ice has a higher percentage of moisture, which means it is perfect for supermarkets, for transporting fish, fruit or vegetables, and for industrial applications in the food sector.;465;mm;595;mm;784;mm;53;Kg;4231;;EUR;;;cold>ice maker;ITV, icemaker, bar, granular, ice;;;;simple;;Production (kg/24h);94;Ice type;Diamond;Storage;20;;;Condensation;Air;Gas type;R 290;active;https://raw.githubusercontent.com/cooknation/itv/refs/heads/main/itv_video_IQ_90C_A.mp4;https://raw.githubusercontent.com/cooknation/itv/refs/heads/main/itv_image_IQ_90C_A.jpg;https://raw.githubusercontent.com/cooknation/itv/refs/heads/main/itv_image_2_IQ_90C_A.jpg;https://raw.githubusercontent.com/cooknation/itv/refs/heads/main/itv_image_3_IQ_90C_A.jpg;https://raw.githubusercontent.com/cooknation/itv/refs/heads/main/itv_datasheet_IQ_90C_A.pdf;https://raw.githubusercontent.com/cooknation/itv/refs/heads/main/itv_manual_IQ_90C_A.pdf;https://raw.githubusercontent.com/cooknation/itv/refs/heads/main/itv_technicalmanual_IQ_90C_A.pdf;https://raw.githubusercontent.com/cooknation/itv/refs/heads/main/itv_drawing_IQ_90C_A.pdf;https://raw.githubusercontent.com/cooknation/itv/refs/heads/main/itv_catalogue_IQ_90C_A.pdf;https://raw.githubusercontent.com/cooknation/itv/refs/heads/main/itv_photo_IQ_90C_A.jpg;https://raw.githubusercontent.com/cooknation/itv/refs/heads/main/itv_card_IQ_90C_A.pdf;https://raw.githubusercontent.com/cooknation/itv/refs/heads/main/itv_brandcatalogue.pdf;https://raw.githubusercontent.com/cooknation/itv/refs/heads/main/itv_price.pdf
CKNITVIQ_90C_A_DP;IQ_90C_A_DP;ITV;Ice maker;Ice maker, axial system, diamond ice, air cooling drainage pump ;GRANULAR ICE IN THE FISH MARKET, THE SPA OR THE COCKTAIL SHAKER. The ICE QUEEN series produces ice diced or granular ice, while benefiting from its vertical cylindrical evaporator and high resistance spindle. In addition to its traditional uses in the food and health sectors, granular ice has been keenly incorporated into other activities such as spas and therapeutic treatments. ICE QUEEN machines can produce two types of ice: DIAMOND ICE OR DRY GRANULAR ICE, models IQ50C and IQ85C, specially designed for cocktails. The ideal type of ice for the latest trend in international hospitality: cocktails! WET GRANULAR ICE, produced by all of the other machines in the the ICE QUEEN range. This ice has a higher percentage of moisture, which means it is perfect for supermarkets, for transporting fish, fruit or vegetables, and for industrial applications in the food sector.;465;mm;595;mm;784;mm;53;Kg;4376;;EUR;;;cold>ice maker;ITV, icemaker, bar, granular, ice;;;;simple;;Production (kg/24h);94;Ice type;Diamond;Storage;20;;;Condensation;Air;Gas type;R 290;active;https://raw.githubusercontent.com/cooknation/itv/refs/heads/main/itv_video_IQ_90C_A_DP.mp4;https://raw.githubusercontent.com/cooknation/itv/refs/heads/main/itv_image_IQ_90C_A_DP.jpg;https://raw.githubusercontent.com/cooknation/itv/refs/heads/main/itv_image_2_IQ_90C_A_DP.jpg;https://raw.githubusercontent.com/cooknation/itv/refs/heads/main/itv_image_3_IQ_90C_A_DP.jpg;https://raw.githubusercontent.com/cooknation/itv/refs/heads/main/itv_datasheet_IQ_90C_A_DP.pdf;https://raw.githubusercontent.com/cooknation/itv/refs/heads/main/itv_manual_IQ_90C_A_DP.pdf;https://raw.githubusercontent.com/cooknation/itv/refs/heads/main/itv_technicalmanual_IQ_90C_A_DP.pdf;https://raw.githubusercontent.com/cooknation/itv/refs/heads/main/itv_drawing_IQ_90C_A_DP.pdf;https://raw.githubusercontent.com/cooknation/itv/refs/heads/main/itv_catalogue_IQ_90C_A_DP.pdf;https://raw.githubusercontent.com/cooknation/itv/refs/heads/main/itv_photo_IQ_90C_A_DP.jpg;https://raw.githubusercontent.com/cooknation/itv/refs/heads/main/itv_card_IQ_90C_A_DP.pdf;https://raw.githubusercontent.com/cooknation/itv/refs/heads/main/itv_brandcatalogue.pdf;https://raw.githubusercontent.com/cooknation/itv/refs/heads/main/itv_price.pdf
CKNITVIQ_90C_W;IQ_90C_W;ITV;Ice maker;Ice maker, axial system, diamond ice, water cooling;GRANULAR ICE IN THE FISH MARKET, THE SPA OR THE COCKTAIL SHAKER. The ICE QUEEN series produces ice diced or granular ice, while benefiting from its vertical cylindrical evaporator and high resistance spindle. In addition to its traditional uses in the food and health sectors, granular ice has been keenly incorporated into other activities such as spas and therapeutic treatments. ICE QUEEN machines can produce two types of ice: DIAMOND ICE OR DRY GRANULAR ICE, models IQ50C and IQ85C, specially designed for cocktails. The ideal type of ice for the latest trend in international hospitality: cocktails! WET GRANULAR ICE, produced by all of the other machines in the the ICE QUEEN range. This ice has a higher percentage of moisture, which means it is perfect for supermarkets, for transporting fish, fruit or vegetables, and for industrial applications in the food sector.;465;mm;595;mm;784;mm;53;Kg;4347;;EUR;;;cold>ice maker;ITV, icemaker, bar, granular, ice;;;;simple;;Production (kg/24h);88;Ice type;Diamond;Storage;20;;;Condensation;Water;Gas type;R 290;active;https://raw.githubusercontent.com/cooknation/itv/refs/heads/main/itv_video_IQ_90C_W.mp4;https://raw.githubusercontent.com/cooknation/itv/refs/heads/main/itv_image_IQ_90C_W.jpg;https://raw.githubusercontent.com/cooknation/itv/refs/heads/main/itv_image_2_IQ_90C_W.jpg;https://raw.githubusercontent.com/cooknation/itv/refs/heads/main/itv_image_3_IQ_90C_W.jpg;https://raw.githubusercontent.com/cooknation/itv/refs/heads/main/itv_datasheet_IQ_90C_W.pdf;https://raw.githubusercontent.com/cooknation/itv/refs/heads/main/itv_manual_IQ_90C_W.pdf;https://raw.githubusercontent.com/cooknation/itv/refs/heads/main/itv_technicalmanual_IQ_90C_W.pdf;https://raw.githubusercontent.com/cooknation/itv/refs/heads/main/itv_drawing_IQ_90C_W.pdf;https://raw.githubusercontent.com/cooknation/itv/refs/heads/main/itv_catalogue_IQ_90C_W.pdf;https://raw.githubusercontent.com/cooknation/itv/refs/heads/main/itv_photo_IQ_90C_W.jpg;https://raw.githubusercontent.com/cooknation/itv/refs/heads/main/itv_card_IQ_90C_W.pdf;https://raw.githubusercontent.com/cooknation/itv/refs/heads/main/itv_brandcatalogue.pdf;https://raw.githubusercontent.com/cooknation/itv/refs/heads/main/itv_price.pdf
CKNITVIQF_300_A;IQF_300_A;ITV;Ice maker;Ice maker, axial system, chip ice, air cooling;BEST DRY GRANULAR ICE TECHNOLOGY FOR LARGE QUANTITIES.  The IQF range of machines produces chip ice with 20% humidity, perfect for the food, health, spa, hospital or laboratory sectors. It has a high efficiency evaporator that produces uniform and dry chip ice. In addition, it has a stainless steel spindle with a surface treatment that increases its useful life. IQF ice machines feature electronic machine control that allows the machine to be turned on and off from the front panel for user convenience.  In addition, the self-diagnostic LED signals provide information on the machine status, operation and possible alerts, facilitating the technician’s assistance. The bodywork is made entirely of AISI 304 stainless steel, easily removable and more resistant.;559;mm;622;mm;712;mm;84;Kg;7381;;EUR;;;cold>ice maker;ITV, icemaker, bar, chip, ice;;;;simple;;Production (kg/24h);382;Ice type;Chip;Storage;Modular;;;Condensation;Air;Gas type;R 290;active;https://raw.githubusercontent.com/cooknation/itv/refs/heads/main/itv_video_IQF_300_A.mp4;https://raw.githubusercontent.com/cooknation/itv/refs/heads/main/itv_image_IQF_300_A.jpg;https://raw.githubusercontent.com/cooknation/itv/refs/heads/main/itv_image_2_IQF_300_A.jpg;https://raw.githubusercontent.com/cooknation/itv/refs/heads/main/itv_image_3_IQF_300_A.jpg;https://raw.githubusercontent.com/cooknation/itv/refs/heads/main/itv_datasheet_IQF_300_A.pdf;https://raw.githubusercontent.com/cooknation/itv/refs/heads/main/itv_manual_IQF_300_A.pdf;https://raw.githubusercontent.com/cooknation/itv/refs/heads/main/itv_technicalmanual_IQF_300_A.pdf;https://raw.githubusercontent.com/cooknation/itv/refs/heads/main/itv_drawing_IQF_300_A.pdf;https://raw.githubusercontent.com/cooknation/itv/refs/heads/main/itv_catalogue_IQF_300_A.pdf;https://raw.githubusercontent.com/cooknation/itv/refs/heads/main/itv_photo_IQF_300_A.jpg;https://raw.githubusercontent.com/cooknation/itv/refs/heads/main/itv_card_IQF_300_A.pdf;https://raw.githubusercontent.com/cooknation/itv/refs/heads/main/itv_brandcatalogue.pdf;https://raw.githubusercontent.com/cooknation/itv/refs/heads/main/itv_price.pdf
CKNITVIQF_500_A;IQF_500_A;ITV;Ice maker;Ice maker, axial system, chip ice, air cooling;BEST DRY GRANULAR ICE TECHNOLOGY FOR LARGE QUANTITIES.  The IQF range of machines produces chip ice with 20% humidity, perfect for the food, health, spa, hospital or laboratory sectors. It has a high efficiency evaporator that produces uniform and dry chip ice. In addition, it has a stainless steel spindle with a surface treatment that increases its useful life. IQF ice machines feature electronic machine control that allows the machine to be turned on and off from the front panel for user convenience.  In addition, the self-diagnostic LED signals provide information on the machine status, operation and possible alerts, facilitating the technician’s assistance. The bodywork is made entirely of AISI 304 stainless steel, easily removable and more resistant.;559;mm;622;mm;712;mm;97;Kg;9789;;EUR;;;cold>ice maker;ITV, icemaker, bar, chip, ice;;;;simple;;Production (kg/24h);515;Ice type;Chip;Storage;Modular;;;Condensation;Air;Gas type;R 290;active;https://raw.githubusercontent.com/cooknation/itv/refs/heads/main/itv_video_IQF_500_A.mp4;https://raw.githubusercontent.com/cooknation/itv/refs/heads/main/itv_image_IQF_500_A.jpg;https://raw.githubusercontent.com/cooknation/itv/refs/heads/main/itv_image_2_IQF_500_A.jpg;https://raw.githubusercontent.com/cooknation/itv/refs/heads/main/itv_image_3_IQF_500_A.jpg;https://raw.githubusercontent.com/cooknation/itv/refs/heads/main/itv_datasheet_IQF_500_A.pdf;https://raw.githubusercontent.com/cooknation/itv/refs/heads/main/itv_manual_IQF_500_A.pdf;https://raw.githubusercontent.com/cooknation/itv/refs/heads/main/itv_technicalmanual_IQF_500_A.pdf;https://raw.githubusercontent.com/cooknation/itv/refs/heads/main/itv_drawing_IQF_500_A.pdf;https://raw.githubusercontent.com/cooknation/itv/refs/heads/main/itv_catalogue_IQF_500_A.pdf;https://raw.githubusercontent.com/cooknation/itv/refs/heads/main/itv_photo_IQF_500_A.jpg;https://raw.githubusercontent.com/cooknation/itv/refs/heads/main/itv_card_IQF_500_A.pdf;https://raw.githubusercontent.com/cooknation/itv/refs/heads/main/itv_brandcatalogue.pdf;https://raw.githubusercontent.com/cooknation/itv/refs/heads/main/itv_price.pdf
CKNITVIQN_240_A;IQN_240_A;ITV;Ice maker;Ice maker, axial system, nugget ice, air cooling;NUGGET ICE. THE NEW TREND IN COKCTAILS. Ice Queen N machines produce ice nuggets, perfect for blends, as it gently mixes the flavors of the drink without watering it down. Its moisture content (10%) and its compact texture allow it to keep drinks cold for  longer. The main characteristic is its shape, halfway between an ice cube and crushed ice, although uniformly cut. It is hard on the inside and soft on the outside, and its use has been extended to cool, for example, fruit juices or yoghurts at food exhibitions. The Ice Queen N range has a high efficiency evaporator, reducing the energy consumption while obtaining a greater production of ice. It also has a self diagnosis system with signaling LEDs to indicate the operation of the machine and alert to possible faults in order to be able to respond as quickly as possible. The body is made of AISI 304 stainless steel and has an on /off button for user convenience. This is the new trend in hospitality. Crunchy ice that does not detract from the drink and that can be enjoyed in any leisure environment, as well as in the most select places.;754;mm;715;mm;1044;mm;101;Kg;9371;;EUR;;;cold>ice maker;ITV, icemaker, bar, nugget, ice;;;;simple;;Production (kg/24h);240;Ice type;Nuggets;Storage;55;;;Condensation;Air;Gas type;R 290;active;https://raw.githubusercontent.com/cooknation/itv/refs/heads/main/itv_video_IQN_240_A.mp4;https://raw.githubusercontent.com/cooknation/itv/refs/heads/main/itv_image_IQN_240_A.jpg;https://raw.githubusercontent.com/cooknation/itv/refs/heads/main/itv_image_2_IQN_240_A.jpg;https://raw.githubusercontent.com/cooknation/itv/refs/heads/main/itv_image_3_IQN_240_A.jpg;https://raw.githubusercontent.com/cooknation/itv/refs/heads/main/itv_datasheet_IQN_240_A.pdf;https://raw.githubusercontent.com/cooknation/itv/refs/heads/main/itv_manual_IQN_240_A.pdf;https://raw.githubusercontent.com/cooknation/itv/refs/heads/main/itv_technicalmanual_IQN_240_A.pdf;https://raw.githubusercontent.com/cooknation/itv/refs/heads/main/itv_drawing_IQN_240_A.pdf;https://raw.githubusercontent.com/cooknation/itv/refs/heads/main/itv_catalogue_IQN_240_A.pdf;https://raw.githubusercontent.com/cooknation/itv/refs/heads/main/itv_photo_IQN_240_A.jpg;https://raw.githubusercontent.com/cooknation/itv/refs/heads/main/itv_card_IQN_240_A.pdf;https://raw.githubusercontent.com/cooknation/itv/refs/heads/main/itv_brandcatalogue.pdf;https://raw.githubusercontent.com/cooknation/itv/refs/heads/main/itv_price.pdf
CKNITVIQN_300_A;IQN_300_A;ITV;Ice maker;Ice maker, axial system, nugget ice, air cooling;NUGGET ICE. THE NEW TREND IN COKCTAILS. Ice Queen N machines produce ice nuggets, perfect for blends, as it gently mixes the flavors of the drink without watering it down. Its moisture content (10%) and its compact texture allow it to keep drinks cold for  longer. The main characteristic is its shape, halfway between an ice cube and crushed ice, although uniformly cut. It is hard on the inside and soft on the outside, and its use has been extended to cool, for example, fruit juices or yoghurts at food exhibitions. The Ice Queen N range has a high efficiency evaporator, reducing the energy consumption while obtaining a greater production of ice. It also has a self diagnosis system with signaling LEDs to indicate the operation of the machine and alert to possible faults in order to be able to respond as quickly as possible. The body is made of AISI 304 stainless steel and has an on /off button for user convenience. This is the new trend in hospitality. Crunchy ice that does not detract from the drink and that can be enjoyed in any leisure environment, as well as in the most select places.;559;mm;622;mm;712;mm;84;Kg;8800;;EUR;;;cold>ice maker;ITV, icemaker, bar, nugget, ice;;;;simple;;Production (kg/24h);330;Ice type;Nuggets;Storage;Modular;;;Condensation;Air;Gas type;R 290;active;https://raw.githubusercontent.com/cooknation/itv/refs/heads/main/itv_video_IQN_300_A.mp4;https://raw.githubusercontent.com/cooknation/itv/refs/heads/main/itv_image_IQN_300_A.jpg;https://raw.githubusercontent.com/cooknation/itv/refs/heads/main/itv_image_2_IQN_300_A.jpg;https://raw.githubusercontent.com/cooknation/itv/refs/heads/main/itv_image_3_IQN_300_A.jpg;https://raw.githubusercontent.com/cooknation/itv/refs/heads/main/itv_datasheet_IQN_300_A.pdf;https://raw.githubusercontent.com/cooknation/itv/refs/heads/main/itv_manual_IQN_300_A.pdf;https://raw.githubusercontent.com/cooknation/itv/refs/heads/main/itv_technicalmanual_IQN_300_A.pdf;https://raw.githubusercontent.com/cooknation/itv/refs/heads/main/itv_drawing_IQN_300_A.pdf;https://raw.githubusercontent.com/cooknation/itv/refs/heads/main/itv_catalogue_IQN_300_A.pdf;https://raw.githubusercontent.com/cooknation/itv/refs/heads/main/itv_photo_IQN_300_A.jpg;https://raw.githubusercontent.com/cooknation/itv/refs/heads/main/itv_card_IQN_300_A.pdf;https://raw.githubusercontent.com/cooknation/itv/refs/heads/main/itv_brandcatalogue.pdf;https://raw.githubusercontent.com/cooknation/itv/refs/heads/main/itv_price.pdf
CKNITVIQN_500_A;IQN_500_A;ITV;Ice maker;Ice maker, axial system, nugget ice. air cooling;NUGGET ICE. THE NEW TREND IN COKCTAILS. Ice Queen N machines produce ice nuggets, perfect for blends, as it gently mixes the flavors of the drink without watering it down. Its moisture content (10%) and its compact texture allow it to keep drinks cold for  longer. The main characteristic is its shape, halfway between an ice cube and crushed ice, although uniformly cut. It is hard on the inside and soft on the outside, and its use has been extended to cool, for example, fruit juices or yoghurts at food exhibitions. The Ice Queen N range has a high efficiency evaporator, reducing the energy consumption while obtaining a greater production of ice. It also has a self diagnosis system with signaling LEDs to indicate the operation of the machine and alert to possible faults in order to be able to respond as quickly as possible. The body is made of AISI 304 stainless steel and has an on /off button for user convenience. This is the new trend in hospitality. Crunchy ice that does not detract from the drink and that can be enjoyed in any leisure environment, as well as in the most select places.;559;mm;622;mm;712;mm;97;Kg;10843;;EUR;;;cold>ice maker;ITV, icemaker, bar, nugget, ice;;;;simple;;Production (kg/24h);490;Ice type;Nuggets;Storage;Modular;;;Condensation;Air;Gas type;R 290;active;https://raw.githubusercontent.com/cooknation/itv/refs/heads/main/itv_video_IQN_500_A.mp4;https://raw.githubusercontent.com/cooknation/itv/refs/heads/main/itv_image_IQN_500_A.jpg;https://raw.githubusercontent.com/cooknation/itv/refs/heads/main/itv_image_2_IQN_500_A.jpg;https://raw.githubusercontent.com/cooknation/itv/refs/heads/main/itv_image_3_IQN_500_A.jpg;https://raw.githubusercontent.com/cooknation/itv/refs/heads/main/itv_datasheet_IQN_500_A.pdf;https://raw.githubusercontent.com/cooknation/itv/refs/heads/main/itv_manual_IQN_500_A.pdf;https://raw.githubusercontent.com/cooknation/itv/refs/heads/main/itv_technicalmanual_IQN_500_A.pdf;https://raw.githubusercontent.com/cooknation/itv/refs/heads/main/itv_drawing_IQN_500_A.pdf;https://raw.githubusercontent.com/cooknation/itv/refs/heads/main/itv_catalogue_IQN_500_A.pdf;https://raw.githubusercontent.com/cooknation/itv/refs/heads/main/itv_photo_IQN_500_A.jpg;https://raw.githubusercontent.com/cooknation/itv/refs/heads/main/itv_card_IQN_500_A.pdf;https://raw.githubusercontent.com/cooknation/itv/refs/heads/main/itv_brandcatalogue.pdf;https://raw.githubusercontent.com/cooknation/itv/refs/heads/main/itv_price.pdf
CKNITVIQN_90C_A;IQN_90C_A;ITV;Ice maker;Ice maker, axial system, nugget ice, air cooling;NUGGET ICE. THE NEW TREND IN COKCTAILS. Ice Queen N machines produce ice nuggets, perfect for blends, as it gently mixes the flavors of the drink without watering it down. Its moisture content (10%) and its compact texture allow it to keep drinks cold for  longer. The main characteristic is its shape, halfway between an ice cube and crushed ice, although uniformly cut. It is hard on the inside and soft on the outside, and its use has been extended to cool, for example, fruit juices or yoghurts at food exhibitions. The Ice Queen N range has a high efficiency evaporator, reducing the energy consumption while obtaining a greater production of ice. It also has a self diagnosis system with signaling LEDs to indicate the operation of the machine and alert to possible faults in order to be able to respond as quickly as possible. The body is made of AISI 304 stainless steel and has an on /off button for user convenience. This is the new trend in hospitality. Crunchy ice that does not detract from the drink and that can be enjoyed in any leisure environment, as well as in the most select places.;465;mm;595;mm;784;mm;53;Kg;4575;;EUR;;;cold>ice maker;ITV, icemaker, bar, nugget, ice;;;;simple;;Production (kg/24h);95;Ice type;Nuggets;Storage;20;;;Condensation;Air;Gas type;R 290;active;https://raw.githubusercontent.com/cooknation/itv/refs/heads/main/itv_video_IQN_90C_A.mp4;https://raw.githubusercontent.com/cooknation/itv/refs/heads/main/itv_image_IQN_90C_A.jpg;https://raw.githubusercontent.com/cooknation/itv/refs/heads/main/itv_image_2_IQN_90C_A.jpg;https://raw.githubusercontent.com/cooknation/itv/refs/heads/main/itv_image_3_IQN_90C_A.jpg;https://raw.githubusercontent.com/cooknation/itv/refs/heads/main/itv_datasheet_IQN_90C_A.pdf;https://raw.githubusercontent.com/cooknation/itv/refs/heads/main/itv_manual_IQN_90C_A.pdf;https://raw.githubusercontent.com/cooknation/itv/refs/heads/main/itv_technicalmanual_IQN_90C_A.pdf;https://raw.githubusercontent.com/cooknation/itv/refs/heads/main/itv_drawing_IQN_90C_A.pdf;https://raw.githubusercontent.com/cooknation/itv/refs/heads/main/itv_catalogue_IQN_90C_A.pdf;https://raw.githubusercontent.com/cooknation/itv/refs/heads/main/itv_photo_IQN_90C_A.jpg;https://raw.githubusercontent.com/cooknation/itv/refs/heads/main/itv_card_IQN_90C_A.pdf;https://raw.githubusercontent.com/cooknation/itv/refs/heads/main/itv_brandcatalogue.pdf;https://raw.githubusercontent.com/cooknation/itv/refs/heads/main/itv_price.pdf
CKNITVIQN_90C_A_DP;IQN_90C_A_DP;ITV;Ice maker;Ice maker, axial system, nugget ice, air cooling, drainage pump;NUGGET ICE. THE NEW TREND IN COKCTAILS. Ice Queen N machines produce ice nuggets, perfect for blends, as it gently mixes the flavors of the drink without watering it down. Its moisture content (10%) and its compact texture allow it to keep drinks cold for  longer. The main characteristic is its shape, halfway between an ice cube and crushed ice, although uniformly cut. It is hard on the inside and soft on the outside, and its use has been extended to cool, for example, fruit juices or yoghurts at food exhibitions. The Ice Queen N range has a high efficiency evaporator, reducing the energy consumption while obtaining a greater production of ice. It also has a self diagnosis system with signaling LEDs to indicate the operation of the machine and alert to possible faults in order to be able to respond as quickly as possible. The body is made of AISI 304 stainless steel and has an on /off button for user convenience. This is the new trend in hospitality. Crunchy ice that does not detract from the drink and that can be enjoyed in any leisure environment, as well as in the most select places.;465;mm;595;mm;784;mm;53;Kg;4807;;EUR;;;cold>ice maker;ITV, icemaker, bar, nugget, ice;;;;simple;;Production (kg/24h);95;Ice type;Nuggets;Storage;20;;;Condensation;Air;Gas type;R 290;active;https://raw.githubusercontent.com/cooknation/itv/refs/heads/main/itv_video_IQN_90C_A_DP.mp4;https://raw.githubusercontent.com/cooknation/itv/refs/heads/main/itv_image_IQN_90C_A_DP.jpg;https://raw.githubusercontent.com/cooknation/itv/refs/heads/main/itv_image_2_IQN_90C_A_DP.jpg;https://raw.githubusercontent.com/cooknation/itv/refs/heads/main/itv_image_3_IQN_90C_A_DP.jpg;https://raw.githubusercontent.com/cooknation/itv/refs/heads/main/itv_datasheet_IQN_90C_A_DP.pdf;https://raw.githubusercontent.com/cooknation/itv/refs/heads/main/itv_manual_IQN_90C_A_DP.pdf;https://raw.githubusercontent.com/cooknation/itv/refs/heads/main/itv_technicalmanual_IQN_90C_A_DP.pdf;https://raw.githubusercontent.com/cooknation/itv/refs/heads/main/itv_drawing_IQN_90C_A_DP.pdf;https://raw.githubusercontent.com/cooknation/itv/refs/heads/main/itv_catalogue_IQN_90C_A_DP.pdf;https://raw.githubusercontent.com/cooknation/itv/refs/heads/main/itv_photo_IQN_90C_A_DP.jpg;https://raw.githubusercontent.com/cooknation/itv/refs/heads/main/itv_card_IQN_90C_A_DP.pdf;https://raw.githubusercontent.com/cooknation/itv/refs/heads/main/itv_brandcatalogue.pdf;https://raw.githubusercontent.com/cooknation/itv/refs/heads/main/itv_price.pdf
CKNITVKITCHEN_ICE;KITCHEN_ICE;ITV;Ice maker;Ice maker, spray system, full cube 22gr.;GOURMET ICE AT HOME. Enjoy the comfort of having an ice machine at home. The Kitchen Ice will allow you to have ice at your disposal at any time and with the quality of ITV Ice Makers. In addition to cocktails, ice is perfect for treating health-related issues such as strokes, toning the body or beauty treatments.;458;mm;575;mm;595;mm;37;Kg;2967;;EUR;;;cold>ice maker;ITV, icemaker, bar, cube, ice, full cube;;;;simple;;Production (kg/24h);13;Ice type;Full Cube;Storage;8;ice size (gr);22;Condensation;Air;Gas type;R 290;active;https://raw.githubusercontent.com/cooknation/itv/refs/heads/main/itv_video_KITCHEN_ICE.mp4;https://raw.githubusercontent.com/cooknation/itv/refs/heads/main/itv_image_KITCHEN_ICE.jpg;https://raw.githubusercontent.com/cooknation/itv/refs/heads/main/itv_image_2_KITCHEN_ICE.jpg;https://raw.githubusercontent.com/cooknation/itv/refs/heads/main/itv_image_3_KITCHEN_ICE.jpg;https://raw.githubusercontent.com/cooknation/itv/refs/heads/main/itv_datasheet_KITCHEN_ICE.pdf;https://raw.githubusercontent.com/cooknation/itv/refs/heads/main/itv_manual_KITCHEN_ICE.pdf;https://raw.githubusercontent.com/cooknation/itv/refs/heads/main/itv_technicalmanual_KITCHEN_ICE.pdf;https://raw.githubusercontent.com/cooknation/itv/refs/heads/main/itv_drawing_KITCHEN_ICE.pdf;https://raw.githubusercontent.com/cooknation/itv/refs/heads/main/itv_catalogue_KITCHEN_ICE.pdf;https://raw.githubusercontent.com/cooknation/itv/refs/heads/main/itv_photo_KITCHEN_ICE.jpg;https://raw.githubusercontent.com/cooknation/itv/refs/heads/main/itv_card_KITCHEN_ICE.pdf;https://raw.githubusercontent.com/cooknation/itv/refs/heads/main/itv_brandcatalogue.pdf;https://raw.githubusercontent.com/cooknation/itv/refs/heads/main/itv_price.pdf
CKNITVNG_2CUBE_A_DP;NG_2CUBE_A_DP;ITV;Ice maker;Ice maker, spray system, full square cube 90 gr.,air cooling;"NEW 90g SQUARE ICE CUBE TO TAKE YOUR DRINKS TO THE NEXT LEVEL. The new NG 2CUBE family from ITV revolutionizes ice production with its exclusive 90-gram solid and crystal-clear square cube (5×5 cm), ideal for prolonged cooling without altering the taste of drinks. This high-quality ice is produced through an advanced patented elastic spray system that prevents lime scale buildup via vibration, ensuring optimal performance and easy maintenance. Additionally, the intelligent electronic control allows the machine to adapt to extreme climates, ensuring efficient operation in any environment. Designed for maximum convenience and efficiency, the G2CUBE features a Smart Front Ventilation System (SFVS), enabling built-in installation without compromising performance. Its cleaning button simplifies maintenance by disconnecting the refrigeration and allowing water circulation with descaler.The AISI 304 stainless steel frame supported by four columns provides strength and durability. It also includes an ON-OFF light switch, LED lighting in the storage bin, a drip tray with integrated scoop holder, and uses R290 natural refrigerant gas, which lowers energy consumption and minimizes environmental impact.
";465;mm;595;mm;789;mm;46;Kg;4940;;EUR;;;cold>ice maker;ITV, icemaker, bar, cube, ice, full cube;;;;simple;;Production (kg/24h);29;Ice type;Full Cube;Storage;20;ice size (gr);90;Condensation;Air;Gas type;R 290;active;https://raw.githubusercontent.com/cooknation/itv/refs/heads/main/itv_video_NG_2CUBE_A_DP.mp4;https://raw.githubusercontent.com/cooknation/itv/refs/heads/main/itv_image_NG_2CUBE_A_DP.jpg;https://raw.githubusercontent.com/cooknation/itv/refs/heads/main/itv_image_2_NG_2CUBE_A_DP.jpg;https://raw.githubusercontent.com/cooknation/itv/refs/heads/main/itv_image_3_NG_2CUBE_A_DP.jpg;https://raw.githubusercontent.com/cooknation/itv/refs/heads/main/itv_datasheet_NG_2CUBE_A_DP.pdf;https://raw.githubusercontent.com/cooknation/itv/refs/heads/main/itv_manual_NG_2CUBE_A_DP.pdf;https://raw.githubusercontent.com/cooknation/itv/refs/heads/main/itv_technicalmanual_NG_2CUBE_A_DP.pdf;https://raw.githubusercontent.com/cooknation/itv/refs/heads/main/itv_drawing_NG_2CUBE_A_DP.pdf;https://raw.githubusercontent.com/cooknation/itv/refs/heads/main/itv_catalogue_NG_2CUBE_A_DP.pdf;https://raw.githubusercontent.com/cooknation/itv/refs/heads/main/itv_photo_NG_2CUBE_A_DP.jpg;https://raw.githubusercontent.com/cooknation/itv/refs/heads/main/itv_card_NG_2CUBE_A_DP.pdf;https://raw.githubusercontent.com/cooknation/itv/refs/heads/main/itv_brandcatalogue.pdf;https://raw.githubusercontent.com/cooknation/itv/refs/heads/main/itv_price.pdf
CKNITVORION_25_A;ORION_25_A;ITV;Ice maker;Ice maker, spray system, full cube 14gr., air cooling,;"THE MOST POPULAR ICE CUBE WITHIN EVERYONE’S REACH. The ORION range of machines offers functionality, usability and simplicity at the most competitive price on the market. The operation is very simple (electromagnetic); it has the right dimensions; maintenance is easy and very low cost.The ORION range of machines produces the classic 40g ice cube, solid, crystalline and very versatile, suitable for different beverages and customer profiles.";350;mm;475;mm;595;mm;29;Kg;1427;;EUR;;;cold>ice maker;ITV, icemaker, bar, cube, ice, full cube;;;;simple;;Production (kg/24h);22;Ice type;Full Cube;Storage;6;ice size (gr);14;Condensation;Air;Gas type;R 290;active;https://raw.githubusercontent.com/cooknation/itv/refs/heads/main/itv_video_ORION_25_A.mp4;https://raw.githubusercontent.com/cooknation/itv/refs/heads/main/itv_image_ORION_25_A.jpg;https://raw.githubusercontent.com/cooknation/itv/refs/heads/main/itv_image_2_ORION_25_A.jpg;https://raw.githubusercontent.com/cooknation/itv/refs/heads/main/itv_image_3_ORION_25_A.jpg;https://raw.githubusercontent.com/cooknation/itv/refs/heads/main/itv_datasheet_ORION_25_A.pdf;https://raw.githubusercontent.com/cooknation/itv/refs/heads/main/itv_manual_ORION_25_A.pdf;https://raw.githubusercontent.com/cooknation/itv/refs/heads/main/itv_technicalmanual_ORION_25_A.pdf;https://raw.githubusercontent.com/cooknation/itv/refs/heads/main/itv_drawing_ORION_25_A.pdf;https://raw.githubusercontent.com/cooknation/itv/refs/heads/main/itv_catalogue_ORION_25_A.pdf;https://raw.githubusercontent.com/cooknation/itv/refs/heads/main/itv_photo_ORION_25_A.jpg;https://raw.githubusercontent.com/cooknation/itv/refs/heads/main/itv_card_ORION_25_A.pdf;https://raw.githubusercontent.com/cooknation/itv/refs/heads/main/itv_brandcatalogue.pdf;https://raw.githubusercontent.com/cooknation/itv/refs/heads/main/itv_price.pdf
CKNITVORION_25_W;ORION_25_W;ITV;Ice maker;Ice maker, spray system, full cube 14gr., water cooling, ;"THE MOST POPULAR ICE CUBE WITHIN EVERYONE’S REACH. The ORION range of machines offers functionality, usability and simplicity at the most competitive price on the market. The operation is very simple (electromagnetic); it has the right dimensions; maintenance is easy and very low cost.The ORION range of machines produces the classic 40g ice cube, solid, crystalline and very versatile, suitable for different beverages and customer profiles.";350;mm;475;mm;595;mm;29;Kg;1635;;EUR;;;cold>ice maker;ITV, icemaker, bar, cube, ice, full cube;;;;simple;;Production (kg/24h);24;Ice type;Full Cube;Storage;6;ice size (gr);14;Condensation;Water;Gas type;R 290;active;https://raw.githubusercontent.com/cooknation/itv/refs/heads/main/itv_video_ORION_25_W.mp4;https://raw.githubusercontent.com/cooknation/itv/refs/heads/main/itv_image_ORION_25_W.jpg;https://raw.githubusercontent.com/cooknation/itv/refs/heads/main/itv_image_2_ORION_25_W.jpg;https://raw.githubusercontent.com/cooknation/itv/refs/heads/main/itv_image_3_ORION_25_W.jpg;https://raw.githubusercontent.com/cooknation/itv/refs/heads/main/itv_datasheet_ORION_25_W.pdf;https://raw.githubusercontent.com/cooknation/itv/refs/heads/main/itv_manual_ORION_25_W.pdf;https://raw.githubusercontent.com/cooknation/itv/refs/heads/main/itv_technicalmanual_ORION_25_W.pdf;https://raw.githubusercontent.com/cooknation/itv/refs/heads/main/itv_drawing_ORION_25_W.pdf;https://raw.githubusercontent.com/cooknation/itv/refs/heads/main/itv_catalogue_ORION_25_W.pdf;https://raw.githubusercontent.com/cooknation/itv/refs/heads/main/itv_photo_ORION_25_W.jpg;https://raw.githubusercontent.com/cooknation/itv/refs/heads/main/itv_card_ORION_25_W.pdf;https://raw.githubusercontent.com/cooknation/itv/refs/heads/main/itv_brandcatalogue.pdf;https://raw.githubusercontent.com/cooknation/itv/refs/heads/main/itv_price.pdf
CKNITVORION_35_A;ORION_35_A;ITV;Ice maker;Ice maker, spray system, full cube 40gr., air cooling,;"THE MOST POPULAR ICE CUBE WITHIN EVERYONE’S REACH. The ORION range of machines offers functionality, usability and simplicity at the most competitive price on the market. The operation is very simple (electromagnetic); it has the right dimensions; maintenance is easy and very low cost.The ORION range of machines produces the classic 40g ice cube, solid, crystalline and very versatile, suitable for different beverages and customer profiles.";435;mm;605;mm;695;mm;39;Kg;2350;;EUR;;;cold>ice maker;ITV, icemaker, bar, cube, ice, full cube;;;;simple;;Production (kg/24h);32;Ice type;Full Cube;Storage;15;ice size (gr);40;Condensation;Air;Gas type;R 290;active;https://raw.githubusercontent.com/cooknation/itv/refs/heads/main/itv_video_ORION_35_A.mp4;https://raw.githubusercontent.com/cooknation/itv/refs/heads/main/itv_image_ORION_35_A.jpg;https://raw.githubusercontent.com/cooknation/itv/refs/heads/main/itv_image_2_ORION_35_A.jpg;https://raw.githubusercontent.com/cooknation/itv/refs/heads/main/itv_image_3_ORION_35_A.jpg;https://raw.githubusercontent.com/cooknation/itv/refs/heads/main/itv_datasheet_ORION_35_A.pdf;https://raw.githubusercontent.com/cooknation/itv/refs/heads/main/itv_manual_ORION_35_A.pdf;https://raw.githubusercontent.com/cooknation/itv/refs/heads/main/itv_technicalmanual_ORION_35_A.pdf;https://raw.githubusercontent.com/cooknation/itv/refs/heads/main/itv_drawing_ORION_35_A.pdf;https://raw.githubusercontent.com/cooknation/itv/refs/heads/main/itv_catalogue_ORION_35_A.pdf;https://raw.githubusercontent.com/cooknation/itv/refs/heads/main/itv_photo_ORION_35_A.jpg;https://raw.githubusercontent.com/cooknation/itv/refs/heads/main/itv_card_ORION_35_A.pdf;https://raw.githubusercontent.com/cooknation/itv/refs/heads/main/itv_brandcatalogue.pdf;https://raw.githubusercontent.com/cooknation/itv/refs/heads/main/itv_price.pdf
CKNITVORION_35_A_DP;ORION_35_A_DP;ITV;Ice maker;Ice maker, spray system, full cube 40gr., air cooling, drainage pump ;"THE MOST POPULAR ICE CUBE WITHIN EVERYONE’S REACH. The ORION range of machines offers functionality, usability and simplicity at the most competitive price on the market. The operation is very simple (electromagnetic); it has the right dimensions; maintenance is easy and very low cost.The ORION range of machines produces the classic 40g ice cube, solid, crystalline and very versatile, suitable for different beverages and customer profiles.";435;mm;605;mm;695;mm;39;Kg;2462;;EUR;;;cold>ice maker;ITV, icemaker, bar, cube, ice, full cube;;;;simple;;Production (kg/24h);32;Ice type;Full Cube;Storage;15;ice size (gr);40;Condensation;Air;Gas type;R 290;active;https://raw.githubusercontent.com/cooknation/itv/refs/heads/main/itv_video_ORION_35_A_DP.mp4;https://raw.githubusercontent.com/cooknation/itv/refs/heads/main/itv_image_ORION_35_A_DP.jpg;https://raw.githubusercontent.com/cooknation/itv/refs/heads/main/itv_image_2_ORION_35_A_DP.jpg;https://raw.githubusercontent.com/cooknation/itv/refs/heads/main/itv_image_3_ORION_35_A_DP.jpg;https://raw.githubusercontent.com/cooknation/itv/refs/heads/main/itv_datasheet_ORION_35_A_DP.pdf;https://raw.githubusercontent.com/cooknation/itv/refs/heads/main/itv_manual_ORION_35_A_DP.pdf;https://raw.githubusercontent.com/cooknation/itv/refs/heads/main/itv_technicalmanual_ORION_35_A_DP.pdf;https://raw.githubusercontent.com/cooknation/itv/refs/heads/main/itv_drawing_ORION_35_A_DP.pdf;https://raw.githubusercontent.com/cooknation/itv/refs/heads/main/itv_catalogue_ORION_35_A_DP.pdf;https://raw.githubusercontent.com/cooknation/itv/refs/heads/main/itv_photo_ORION_35_A_DP.jpg;https://raw.githubusercontent.com/cooknation/itv/refs/heads/main/itv_card_ORION_35_A_DP.pdf;https://raw.githubusercontent.com/cooknation/itv/refs/heads/main/itv_brandcatalogue.pdf;https://raw.githubusercontent.com/cooknation/itv/refs/heads/main/itv_price.pdf
CKNITVORION_35_W;ORION_35_W;ITV;Ice maker;Ice maker, spray system, full cube 40gr., water cooling, ;"THE MOST POPULAR ICE CUBE WITHIN EVERYONE’S REACH. The ORION range of machines offers functionality, usability and simplicity at the most competitive price on the market. The operation is very simple (electromagnetic); it has the right dimensions; maintenance is easy and very low cost.The ORION range of machines produces the classic 40g ice cube, solid, crystalline and very versatile, suitable for different beverages and customer profiles.";435;mm;605;mm;695;mm;39;Kg;2419;;EUR;;;cold>ice maker;ITV, icemaker, bar, cube, ice, full cube;;;;simple;;Production (kg/24h);34;Ice type;Full Cube;Storage;15;ice size (gr);40;Condensation;Water;Gas type;R 290;active;https://raw.githubusercontent.com/cooknation/itv/refs/heads/main/itv_video_ORION_35_W.mp4;https://raw.githubusercontent.com/cooknation/itv/refs/heads/main/itv_image_ORION_35_W.jpg;https://raw.githubusercontent.com/cooknation/itv/refs/heads/main/itv_image_2_ORION_35_W.jpg;https://raw.githubusercontent.com/cooknation/itv/refs/heads/main/itv_image_3_ORION_35_W.jpg;https://raw.githubusercontent.com/cooknation/itv/refs/heads/main/itv_datasheet_ORION_35_W.pdf;https://raw.githubusercontent.com/cooknation/itv/refs/heads/main/itv_manual_ORION_35_W.pdf;https://raw.githubusercontent.com/cooknation/itv/refs/heads/main/itv_technicalmanual_ORION_35_W.pdf;https://raw.githubusercontent.com/cooknation/itv/refs/heads/main/itv_drawing_ORION_35_W.pdf;https://raw.githubusercontent.com/cooknation/itv/refs/heads/main/itv_catalogue_ORION_35_W.pdf;https://raw.githubusercontent.com/cooknation/itv/refs/heads/main/itv_photo_ORION_35_W.jpg;https://raw.githubusercontent.com/cooknation/itv/refs/heads/main/itv_card_ORION_35_W.pdf;https://raw.githubusercontent.com/cooknation/itv/refs/heads/main/itv_brandcatalogue.pdf;https://raw.githubusercontent.com/cooknation/itv/refs/heads/main/itv_price.pdf
CKNITVORION_45_A;ORION_45_A;ITV;Ice maker;Ice maker, spray system, full cube 40gr., air cooling, ;"THE MOST POPULAR ICE CUBE WITHIN EVERYONE’S REACH. The ORION range of machines offers functionality, usability and simplicity at the most competitive price on the market. The operation is very simple (electromagnetic); it has the right dimensions; maintenance is easy and very low cost.The ORION range of machines produces the classic 40g ice cube, solid, crystalline and very versatile, suitable for different beverages and customer profiles.";435;mm;605;mm;695;mm;39;Kg;2460;;EUR;;;cold>ice maker;ITV, icemaker, bar, cube, ice, full cube;;;;simple;;Production (kg/24h);43;Ice type;Full Cube;Storage;15;ice size (gr);40;Condensation;Air;Gas type;R 290;active;https://raw.githubusercontent.com/cooknation/itv/refs/heads/main/itv_video_ORION_45_A.mp4;https://raw.githubusercontent.com/cooknation/itv/refs/heads/main/itv_image_ORION_45_A.jpg;https://raw.githubusercontent.com/cooknation/itv/refs/heads/main/itv_image_2_ORION_45_A.jpg;https://raw.githubusercontent.com/cooknation/itv/refs/heads/main/itv_image_3_ORION_45_A.jpg;https://raw.githubusercontent.com/cooknation/itv/refs/heads/main/itv_datasheet_ORION_45_A.pdf;https://raw.githubusercontent.com/cooknation/itv/refs/heads/main/itv_manual_ORION_45_A.pdf;https://raw.githubusercontent.com/cooknation/itv/refs/heads/main/itv_technicalmanual_ORION_45_A.pdf;https://raw.githubusercontent.com/cooknation/itv/refs/heads/main/itv_drawing_ORION_45_A.pdf;https://raw.githubusercontent.com/cooknation/itv/refs/heads/main/itv_catalogue_ORION_45_A.pdf;https://raw.githubusercontent.com/cooknation/itv/refs/heads/main/itv_photo_ORION_45_A.jpg;https://raw.githubusercontent.com/cooknation/itv/refs/heads/main/itv_card_ORION_45_A.pdf;https://raw.githubusercontent.com/cooknation/itv/refs/heads/main/itv_brandcatalogue.pdf;https://raw.githubusercontent.com/cooknation/itv/refs/heads/main/itv_price.pdf
CKNITVORION_45_A_DP;ORION_45_A_DP;ITV;Ice maker;Ice maker, spray system, full cube 40gr., air cooling, drainage pump;"THE MOST POPULAR ICE CUBE WITHIN EVERYONE’S REACH. The ORION range of machines offers functionality, usability and simplicity at the most competitive price on the market. The operation is very simple (electromagnetic); it has the right dimensions; maintenance is easy and very low cost.The ORION range of machines produces the classic 40g ice cube, solid, crystalline and very versatile, suitable for different beverages and customer profiles.";435;mm;605;mm;695;mm;39;Kg;2567;;EUR;;;cold>ice maker;ITV, icemaker, bar, cube, ice, full cube;;;;simple;;Production (kg/24h);43;Ice type;Full Cube;Storage;15;ice size (gr);40;Condensation;Air;Gas type;R 290;active;https://raw.githubusercontent.com/cooknation/itv/refs/heads/main/itv_video_ORION_45_A_DP.mp4;https://raw.githubusercontent.com/cooknation/itv/refs/heads/main/itv_image_ORION_45_A_DP.jpg;https://raw.githubusercontent.com/cooknation/itv/refs/heads/main/itv_image_2_ORION_45_A_DP.jpg;https://raw.githubusercontent.com/cooknation/itv/refs/heads/main/itv_image_3_ORION_45_A_DP.jpg;https://raw.githubusercontent.com/cooknation/itv/refs/heads/main/itv_datasheet_ORION_45_A_DP.pdf;https://raw.githubusercontent.com/cooknation/itv/refs/heads/main/itv_manual_ORION_45_A_DP.pdf;https://raw.githubusercontent.com/cooknation/itv/refs/heads/main/itv_technicalmanual_ORION_45_A_DP.pdf;https://raw.githubusercontent.com/cooknation/itv/refs/heads/main/itv_drawing_ORION_45_A_DP.pdf;https://raw.githubusercontent.com/cooknation/itv/refs/heads/main/itv_catalogue_ORION_45_A_DP.pdf;https://raw.githubusercontent.com/cooknation/itv/refs/heads/main/itv_photo_ORION_45_A_DP.jpg;https://raw.githubusercontent.com/cooknation/itv/refs/heads/main/itv_card_ORION_45_A_DP.pdf;https://raw.githubusercontent.com/cooknation/itv/refs/heads/main/itv_brandcatalogue.pdf;https://raw.githubusercontent.com/cooknation/itv/refs/heads/main/itv_price.pdf
CKNITVORION_45_W;ORION_45_W;ITV;Ice maker;Ice maker, spray system, full cube 40gr., water cooling,;"THE MOST POPULAR ICE CUBE WITHIN EVERYONE’S REACH. The ORION range of machines offers functionality, usability and simplicity at the most competitive price on the market. The operation is very simple (electromagnetic); it has the right dimensions; maintenance is easy and very low cost.The ORION range of machines produces the classic 40g ice cube, solid, crystalline and very versatile, suitable for different beverages and customer profiles.";435;mm;605;mm;695;mm;39;Kg;2465;;EUR;;;cold>ice maker;ITV, icemaker, bar, cube, ice, full cube;;;;simple;;Production (kg/24h);45;Ice type;Full Cube;Storage;15;ice size (gr);40;Condensation;Water;Gas type;R 290;active;https://raw.githubusercontent.com/cooknation/itv/refs/heads/main/itv_video_ORION_45_W.mp4;https://raw.githubusercontent.com/cooknation/itv/refs/heads/main/itv_image_ORION_45_W.jpg;https://raw.githubusercontent.com/cooknation/itv/refs/heads/main/itv_image_2_ORION_45_W.jpg;https://raw.githubusercontent.com/cooknation/itv/refs/heads/main/itv_image_3_ORION_45_W.jpg;https://raw.githubusercontent.com/cooknation/itv/refs/heads/main/itv_datasheet_ORION_45_W.pdf;https://raw.githubusercontent.com/cooknation/itv/refs/heads/main/itv_manual_ORION_45_W.pdf;https://raw.githubusercontent.com/cooknation/itv/refs/heads/main/itv_technicalmanual_ORION_45_W.pdf;https://raw.githubusercontent.com/cooknation/itv/refs/heads/main/itv_drawing_ORION_45_W.pdf;https://raw.githubusercontent.com/cooknation/itv/refs/heads/main/itv_catalogue_ORION_45_W.pdf;https://raw.githubusercontent.com/cooknation/itv/refs/heads/main/itv_photo_ORION_45_W.jpg;https://raw.githubusercontent.com/cooknation/itv/refs/heads/main/itv_card_ORION_45_W.pdf;https://raw.githubusercontent.com/cooknation/itv/refs/heads/main/itv_brandcatalogue.pdf;https://raw.githubusercontent.com/cooknation/itv/refs/heads/main/itv_price.pdf
CKNITVPULSAR_115_A;PULSAR_115_A;ITV;Ice maker;Ice maker, turbo system, full cube 40 gr. air cooling,, ;The PULSAR range is the Rolls-Royce of ice machines. The turbine system, patented and applied exclusively by ITV, makes them unique in the world. Without pumps or injectors or electronics, its revolutionary propulsion system permanently removes the effects of water’s limescale on the machine. The AISI304 stainless steel body, combined with bronze color anodized aluminum, make the Pulsar range the paradigm of design and robustness.;685;mm;555;mm;1120;mm;93;Kg;5495;;EUR;;;cold>ice maker;ITV, icemaker, bar, cube, ice, full cube;;;;simple;;Production (kg/24h);80;Ice type;Full Cube;Storage;60;ice size (gr);40;Condensation;Air;Gas type;R 290;active;https://raw.githubusercontent.com/cooknation/itv/refs/heads/main/itv_video_PULSAR_115_A.mp4;https://raw.githubusercontent.com/cooknation/itv/refs/heads/main/itv_image_PULSAR_115_A.jpg;https://raw.githubusercontent.com/cooknation/itv/refs/heads/main/itv_image_2_PULSAR_115_A.jpg;https://raw.githubusercontent.com/cooknation/itv/refs/heads/main/itv_image_3_PULSAR_115_A.jpg;https://raw.githubusercontent.com/cooknation/itv/refs/heads/main/itv_datasheet_PULSAR_115_A.pdf;https://raw.githubusercontent.com/cooknation/itv/refs/heads/main/itv_manual_PULSAR_115_A.pdf;https://raw.githubusercontent.com/cooknation/itv/refs/heads/main/itv_technicalmanual_PULSAR_115_A.pdf;https://raw.githubusercontent.com/cooknation/itv/refs/heads/main/itv_drawing_PULSAR_115_A.pdf;https://raw.githubusercontent.com/cooknation/itv/refs/heads/main/itv_catalogue_PULSAR_115_A.pdf;https://raw.githubusercontent.com/cooknation/itv/refs/heads/main/itv_photo_PULSAR_115_A.jpg;https://raw.githubusercontent.com/cooknation/itv/refs/heads/main/itv_card_PULSAR_115_A.pdf;https://raw.githubusercontent.com/cooknation/itv/refs/heads/main/itv_brandcatalogue.pdf;https://raw.githubusercontent.com/cooknation/itv/refs/heads/main/itv_price.pdf
CKNITVPULSAR_115_W;PULSAR_115_W;ITV;Ice maker;Ice maker, turbo system, full cube 40 gr., water cooling, ;The PULSAR range is the Rolls-Royce of ice machines. The turbine system, patented and applied exclusively by ITV, makes them unique in the world. Without pumps or injectors or electronics, its revolutionary propulsion system permanently removes the effects of water’s limescale on the machine. The AISI304 stainless steel body, combined with bronze color anodized aluminum, make the Pulsar range the paradigm of design and robustness.;685;mm;555;mm;1120;mm;93;Kg;5655;;EUR;;;cold>ice maker;ITV, icemaker, bar, cube, ice, full cube;;;;simple;;Production (kg/24h);85;Ice type;Full Cube;Storage;60;ice size (gr);40;Condensation;Water;Gas type;R 290;active;https://raw.githubusercontent.com/cooknation/itv/refs/heads/main/itv_video_PULSAR_115_W.mp4;https://raw.githubusercontent.com/cooknation/itv/refs/heads/main/itv_image_PULSAR_115_W.jpg;https://raw.githubusercontent.com/cooknation/itv/refs/heads/main/itv_image_2_PULSAR_115_W.jpg;https://raw.githubusercontent.com/cooknation/itv/refs/heads/main/itv_image_3_PULSAR_115_W.jpg;https://raw.githubusercontent.com/cooknation/itv/refs/heads/main/itv_datasheet_PULSAR_115_W.pdf;https://raw.githubusercontent.com/cooknation/itv/refs/heads/main/itv_manual_PULSAR_115_W.pdf;https://raw.githubusercontent.com/cooknation/itv/refs/heads/main/itv_technicalmanual_PULSAR_115_W.pdf;https://raw.githubusercontent.com/cooknation/itv/refs/heads/main/itv_drawing_PULSAR_115_W.pdf;https://raw.githubusercontent.com/cooknation/itv/refs/heads/main/itv_catalogue_PULSAR_115_W.pdf;https://raw.githubusercontent.com/cooknation/itv/refs/heads/main/itv_photo_PULSAR_115_W.jpg;https://raw.githubusercontent.com/cooknation/itv/refs/heads/main/itv_card_PULSAR_115_W.pdf;https://raw.githubusercontent.com/cooknation/itv/refs/heads/main/itv_brandcatalogue.pdf;https://raw.githubusercontent.com/cooknation/itv/refs/heads/main/itv_price.pdf
CKNITVPULSAR_145_A;PULSAR_145_A;ITV;Ice maker;Ice maker, turbo system, full cube 40 gr., air cooling, ;The PULSAR range is the Rolls-Royce of ice machines. The turbine system, patented and applied exclusively by ITV, makes them unique in the world. Without pumps or injectors or electronics, its revolutionary propulsion system permanently removes the effects of water’s limescale on the machine. The AISI304 stainless steel body, combined with bronze color anodized aluminum, make the Pulsar range the paradigm of design and robustness.;685;mm;555;mm;1120;mm;90;Kg;6170;;EUR;;;cold>ice maker;ITV, icemaker, bar, cube, ice, full cube;;;;simple;;Production (kg/24h);135;Ice type;Full Cube;Storage;80;ice size (gr);40;Condensation;Air;Gas type;R 290;active;https://raw.githubusercontent.com/cooknation/itv/refs/heads/main/itv_video_PULSAR_145_A.mp4;https://raw.githubusercontent.com/cooknation/itv/refs/heads/main/itv_image_PULSAR_145_A.jpg;https://raw.githubusercontent.com/cooknation/itv/refs/heads/main/itv_image_2_PULSAR_145_A.jpg;https://raw.githubusercontent.com/cooknation/itv/refs/heads/main/itv_image_3_PULSAR_145_A.jpg;https://raw.githubusercontent.com/cooknation/itv/refs/heads/main/itv_datasheet_PULSAR_145_A.pdf;https://raw.githubusercontent.com/cooknation/itv/refs/heads/main/itv_manual_PULSAR_145_A.pdf;https://raw.githubusercontent.com/cooknation/itv/refs/heads/main/itv_technicalmanual_PULSAR_145_A.pdf;https://raw.githubusercontent.com/cooknation/itv/refs/heads/main/itv_drawing_PULSAR_145_A.pdf;https://raw.githubusercontent.com/cooknation/itv/refs/heads/main/itv_catalogue_PULSAR_145_A.pdf;https://raw.githubusercontent.com/cooknation/itv/refs/heads/main/itv_photo_PULSAR_145_A.jpg;https://raw.githubusercontent.com/cooknation/itv/refs/heads/main/itv_card_PULSAR_145_A.pdf;https://raw.githubusercontent.com/cooknation/itv/refs/heads/main/itv_brandcatalogue.pdf;https://raw.githubusercontent.com/cooknation/itv/refs/heads/main/itv_price.pdf
CKNITVPULSAR_145_W;PULSAR_145_W;ITV;Ice maker;Ice maker, turbo system, full cube 40 gr., water cooling, ;The PULSAR range is the Rolls-Royce of ice machines. The turbine system, patented and applied exclusively by ITV, makes them unique in the world. Without pumps or injectors or electronics, its revolutionary propulsion system permanently removes the effects of water’s limescale on the machine. The AISI304 stainless steel body, combined with bronze color anodized aluminum, make the Pulsar range the paradigm of design and robustness.;685;mm;555;mm;1120;mm;90;Kg;6221;;EUR;;;cold>ice maker;ITV, icemaker, bar, cube, ice, full cube;;;;simple;;Production (kg/24h);140;Ice type;Full Cube;Storage;80;ice size (gr);40;Condensation;Water;Gas type;R 290;active;https://raw.githubusercontent.com/cooknation/itv/refs/heads/main/itv_video_PULSAR_145_W.mp4;https://raw.githubusercontent.com/cooknation/itv/refs/heads/main/itv_image_PULSAR_145_W.jpg;https://raw.githubusercontent.com/cooknation/itv/refs/heads/main/itv_image_2_PULSAR_145_W.jpg;https://raw.githubusercontent.com/cooknation/itv/refs/heads/main/itv_image_3_PULSAR_145_W.jpg;https://raw.githubusercontent.com/cooknation/itv/refs/heads/main/itv_datasheet_PULSAR_145_W.pdf;https://raw.githubusercontent.com/cooknation/itv/refs/heads/main/itv_manual_PULSAR_145_W.pdf;https://raw.githubusercontent.com/cooknation/itv/refs/heads/main/itv_technicalmanual_PULSAR_145_W.pdf;https://raw.githubusercontent.com/cooknation/itv/refs/heads/main/itv_drawing_PULSAR_145_W.pdf;https://raw.githubusercontent.com/cooknation/itv/refs/heads/main/itv_catalogue_PULSAR_145_W.pdf;https://raw.githubusercontent.com/cooknation/itv/refs/heads/main/itv_photo_PULSAR_145_W.jpg;https://raw.githubusercontent.com/cooknation/itv/refs/heads/main/itv_card_PULSAR_145_W.pdf;https://raw.githubusercontent.com/cooknation/itv/refs/heads/main/itv_brandcatalogue.pdf;https://raw.githubusercontent.com/cooknation/itv/refs/heads/main/itv_price.pdf
CKNITVPULSAR_25_A;PULSAR_25_A;ITV;Ice maker;Ice maker, turbo system, full cube 40 gr., air cooling, ;The PULSAR range is the Rolls-Royce of ice machines. The turbine system, patented and applied exclusively by ITV, makes them unique in the world. Without pumps or injectors or electronics, its revolutionary propulsion system permanently removes the effects of water’s limescale on the machine. The AISI304 stainless steel body, combined with bronze color anodized aluminum, make the Pulsar range the paradigm of design and robustness.;410;mm;510;mm;740;mm;44;Kg;2645;;EUR;;;cold>ice maker;ITV, icemaker, bar, cube, ice, full cube;;;;simple;;Production (kg/24h);25;Ice type;Full Cube;Storage;15;ice size (gr);40;Condensation;Air;Gas type;R 290;active;https://raw.githubusercontent.com/cooknation/itv/refs/heads/main/itv_video_PULSAR_25_A.mp4;https://raw.githubusercontent.com/cooknation/itv/refs/heads/main/itv_image_PULSAR_25_A.jpg;https://raw.githubusercontent.com/cooknation/itv/refs/heads/main/itv_image_2_PULSAR_25_A.jpg;https://raw.githubusercontent.com/cooknation/itv/refs/heads/main/itv_image_3_PULSAR_25_A.jpg;https://raw.githubusercontent.com/cooknation/itv/refs/heads/main/itv_datasheet_PULSAR_25_A.pdf;https://raw.githubusercontent.com/cooknation/itv/refs/heads/main/itv_manual_PULSAR_25_A.pdf;https://raw.githubusercontent.com/cooknation/itv/refs/heads/main/itv_technicalmanual_PULSAR_25_A.pdf;https://raw.githubusercontent.com/cooknation/itv/refs/heads/main/itv_drawing_PULSAR_25_A.pdf;https://raw.githubusercontent.com/cooknation/itv/refs/heads/main/itv_catalogue_PULSAR_25_A.pdf;https://raw.githubusercontent.com/cooknation/itv/refs/heads/main/itv_photo_PULSAR_25_A.jpg;https://raw.githubusercontent.com/cooknation/itv/refs/heads/main/itv_card_PULSAR_25_A.pdf;https://raw.githubusercontent.com/cooknation/itv/refs/heads/main/itv_brandcatalogue.pdf;https://raw.githubusercontent.com/cooknation/itv/refs/heads/main/itv_price.pdf
CKNITVPULSAR_25_W;PULSAR_25_W;ITV;Ice maker;Ice maker, turbo system, full cube 40 gr., water cooling, ;The PULSAR range is the Rolls-Royce of ice machines. The turbine system, patented and applied exclusively by ITV, makes them unique in the world. Without pumps or injectors or electronics, its revolutionary propulsion system permanently removes the effects of water’s limescale on the machine. The AISI304 stainless steel body, combined with bronze color anodized aluminum, make the Pulsar range the paradigm of design and robustness.;410;mm;510;mm;740;mm;44;Kg;2691;;EUR;;;cold>ice maker;ITV, icemaker, bar, cube, ice, full cube;;;;simple;;Production (kg/24h);28;Ice type;Full Cube;Storage;15;ice size (gr);40;Condensation;Water;Gas type;R 290;active;https://raw.githubusercontent.com/cooknation/itv/refs/heads/main/itv_video_PULSAR_25_W.mp4;https://raw.githubusercontent.com/cooknation/itv/refs/heads/main/itv_image_PULSAR_25_W.jpg;https://raw.githubusercontent.com/cooknation/itv/refs/heads/main/itv_image_2_PULSAR_25_W.jpg;https://raw.githubusercontent.com/cooknation/itv/refs/heads/main/itv_image_3_PULSAR_25_W.jpg;https://raw.githubusercontent.com/cooknation/itv/refs/heads/main/itv_datasheet_PULSAR_25_W.pdf;https://raw.githubusercontent.com/cooknation/itv/refs/heads/main/itv_manual_PULSAR_25_W.pdf;https://raw.githubusercontent.com/cooknation/itv/refs/heads/main/itv_technicalmanual_PULSAR_25_W.pdf;https://raw.githubusercontent.com/cooknation/itv/refs/heads/main/itv_drawing_PULSAR_25_W.pdf;https://raw.githubusercontent.com/cooknation/itv/refs/heads/main/itv_catalogue_PULSAR_25_W.pdf;https://raw.githubusercontent.com/cooknation/itv/refs/heads/main/itv_photo_PULSAR_25_W.jpg;https://raw.githubusercontent.com/cooknation/itv/refs/heads/main/itv_card_PULSAR_25_W.pdf;https://raw.githubusercontent.com/cooknation/itv/refs/heads/main/itv_brandcatalogue.pdf;https://raw.githubusercontent.com/cooknation/itv/refs/heads/main/itv_price.pdf
CKNITVPULSAR_35_A;PULSAR_35_A;ITV;Ice maker;Ice maker, turbo system, full cube 40 gr., air cooling, ;The PULSAR range is the Rolls-Royce of ice machines. The turbine system, patented and applied exclusively by ITV, makes them unique in the world. Without pumps or injectors or electronics, its revolutionary propulsion system permanently removes the effects of water’s limescale on the machine. The AISI304 stainless steel body, combined with bronze color anodized aluminum, make the Pulsar range the paradigm of design and robustness.;410;mm;510;mm;790;mm;49;Kg;3032;;EUR;;;cold>ice maker;ITV, icemaker, bar, cube, ice, full cube;;;;simple;;Production (kg/24h);30;Ice type;Full Cube;Storage;20;ice size (gr);40;Condensation;Air;Gas type;R 290;active;https://raw.githubusercontent.com/cooknation/itv/refs/heads/main/itv_video_PULSAR_35_A.mp4;https://raw.githubusercontent.com/cooknation/itv/refs/heads/main/itv_image_PULSAR_35_A.jpg;https://raw.githubusercontent.com/cooknation/itv/refs/heads/main/itv_image_2_PULSAR_35_A.jpg;https://raw.githubusercontent.com/cooknation/itv/refs/heads/main/itv_image_3_PULSAR_35_A.jpg;https://raw.githubusercontent.com/cooknation/itv/refs/heads/main/itv_datasheet_PULSAR_35_A.pdf;https://raw.githubusercontent.com/cooknation/itv/refs/heads/main/itv_manual_PULSAR_35_A.pdf;https://raw.githubusercontent.com/cooknation/itv/refs/heads/main/itv_technicalmanual_PULSAR_35_A.pdf;https://raw.githubusercontent.com/cooknation/itv/refs/heads/main/itv_drawing_PULSAR_35_A.pdf;https://raw.githubusercontent.com/cooknation/itv/refs/heads/main/itv_catalogue_PULSAR_35_A.pdf;https://raw.githubusercontent.com/cooknation/itv/refs/heads/main/itv_photo_PULSAR_35_A.jpg;https://raw.githubusercontent.com/cooknation/itv/refs/heads/main/itv_card_PULSAR_35_A.pdf;https://raw.githubusercontent.com/cooknation/itv/refs/heads/main/itv_brandcatalogue.pdf;https://raw.githubusercontent.com/cooknation/itv/refs/heads/main/itv_price.pdf
CKNITVPULSAR_35_W;PULSAR_35_W;ITV;Ice maker;Ice maker, turbo system, full cube 40 gr., water cooling, ;The PULSAR range is the Rolls-Royce of ice machines. The turbine system, patented and applied exclusively by ITV, makes them unique in the world. Without pumps or injectors or electronics, its revolutionary propulsion system permanently removes the effects of water’s limescale on the machine. The AISI304 stainless steel body, combined with bronze color anodized aluminum, make the Pulsar range the paradigm of design and robustness.;410;mm;510;mm;790;mm;49;Kg;3114;;EUR;;;cold>ice maker;ITV, icemaker, bar, cube, ice, full cube;;;;simple;;Production (kg/24h);33;Ice type;Full Cube;Storage;20;ice size (gr);40;Condensation;Water;Gas type;R 290;active;https://raw.githubusercontent.com/cooknation/itv/refs/heads/main/itv_video_PULSAR_35_W.mp4;https://raw.githubusercontent.com/cooknation/itv/refs/heads/main/itv_image_PULSAR_35_W.jpg;https://raw.githubusercontent.com/cooknation/itv/refs/heads/main/itv_image_2_PULSAR_35_W.jpg;https://raw.githubusercontent.com/cooknation/itv/refs/heads/main/itv_image_3_PULSAR_35_W.jpg;https://raw.githubusercontent.com/cooknation/itv/refs/heads/main/itv_datasheet_PULSAR_35_W.pdf;https://raw.githubusercontent.com/cooknation/itv/refs/heads/main/itv_manual_PULSAR_35_W.pdf;https://raw.githubusercontent.com/cooknation/itv/refs/heads/main/itv_technicalmanual_PULSAR_35_W.pdf;https://raw.githubusercontent.com/cooknation/itv/refs/heads/main/itv_drawing_PULSAR_35_W.pdf;https://raw.githubusercontent.com/cooknation/itv/refs/heads/main/itv_catalogue_PULSAR_35_W.pdf;https://raw.githubusercontent.com/cooknation/itv/refs/heads/main/itv_photo_PULSAR_35_W.jpg;https://raw.githubusercontent.com/cooknation/itv/refs/heads/main/itv_card_PULSAR_35_W.pdf;https://raw.githubusercontent.com/cooknation/itv/refs/heads/main/itv_brandcatalogue.pdf;https://raw.githubusercontent.com/cooknation/itv/refs/heads/main/itv_price.pdf
CKNITVPULSAR_45_A;PULSAR_45_A;ITV;Ice maker;Ice maker, turbo system, full cube 40 gr. air cooling,, ;The PULSAR range is the Rolls-Royce of ice machines. The turbine system, patented and applied exclusively by ITV, makes them unique in the world. Without pumps or injectors or electronics, its revolutionary propulsion system permanently removes the effects of water’s limescale on the machine. The AISI304 stainless steel body, combined with bronze color anodized aluminum, make the Pulsar range the paradigm of design and robustness.;525;mm;555;mm;870;mm;55;Kg;3312;;EUR;;;cold>ice maker;ITV, icemaker, bar, cube, ice, full cube;;;;simple;;Production (kg/24h);47;Ice type;Full Cube;Storage;22;ice size (gr);40;Condensation;Air;Gas type;R 290;active;https://raw.githubusercontent.com/cooknation/itv/refs/heads/main/itv_video_PULSAR_45_A.mp4;https://raw.githubusercontent.com/cooknation/itv/refs/heads/main/itv_image_PULSAR_45_A.jpg;https://raw.githubusercontent.com/cooknation/itv/refs/heads/main/itv_image_2_PULSAR_45_A.jpg;https://raw.githubusercontent.com/cooknation/itv/refs/heads/main/itv_image_3_PULSAR_45_A.jpg;https://raw.githubusercontent.com/cooknation/itv/refs/heads/main/itv_datasheet_PULSAR_45_A.pdf;https://raw.githubusercontent.com/cooknation/itv/refs/heads/main/itv_manual_PULSAR_45_A.pdf;https://raw.githubusercontent.com/cooknation/itv/refs/heads/main/itv_technicalmanual_PULSAR_45_A.pdf;https://raw.githubusercontent.com/cooknation/itv/refs/heads/main/itv_drawing_PULSAR_45_A.pdf;https://raw.githubusercontent.com/cooknation/itv/refs/heads/main/itv_catalogue_PULSAR_45_A.pdf;https://raw.githubusercontent.com/cooknation/itv/refs/heads/main/itv_photo_PULSAR_45_A.jpg;https://raw.githubusercontent.com/cooknation/itv/refs/heads/main/itv_card_PULSAR_45_A.pdf;https://raw.githubusercontent.com/cooknation/itv/refs/heads/main/itv_brandcatalogue.pdf;https://raw.githubusercontent.com/cooknation/itv/refs/heads/main/itv_price.pdf
CKNITVPULSAR_45_W;PULSAR_45_W;ITV;Ice maker;Ice maker, turbo system, full cube 40 gr., water cooling, ;The PULSAR range is the Rolls-Royce of ice machines. The turbine system, patented and applied exclusively by ITV, makes them unique in the world. Without pumps or injectors or electronics, its revolutionary propulsion system permanently removes the effects of water’s limescale on the machine. The AISI304 stainless steel body, combined with bronze color anodized aluminum, make the Pulsar range the paradigm of design and robustness.;525;mm;555;mm;870;mm;55;Kg;3498;;EUR;;;cold>ice maker;ITV, icemaker, bar, cube, ice, full cube;;;;simple;;Production (kg/24h);52;Ice type;Full Cube;Storage;22;ice size (gr);40;Condensation;Water;Gas type;R 290;active;https://raw.githubusercontent.com/cooknation/itv/refs/heads/main/itv_video_PULSAR_45_W.mp4;https://raw.githubusercontent.com/cooknation/itv/refs/heads/main/itv_image_PULSAR_45_W.jpg;https://raw.githubusercontent.com/cooknation/itv/refs/heads/main/itv_image_2_PULSAR_45_W.jpg;https://raw.githubusercontent.com/cooknation/itv/refs/heads/main/itv_image_3_PULSAR_45_W.jpg;https://raw.githubusercontent.com/cooknation/itv/refs/heads/main/itv_datasheet_PULSAR_45_W.pdf;https://raw.githubusercontent.com/cooknation/itv/refs/heads/main/itv_manual_PULSAR_45_W.pdf;https://raw.githubusercontent.com/cooknation/itv/refs/heads/main/itv_technicalmanual_PULSAR_45_W.pdf;https://raw.githubusercontent.com/cooknation/itv/refs/heads/main/itv_drawing_PULSAR_45_W.pdf;https://raw.githubusercontent.com/cooknation/itv/refs/heads/main/itv_catalogue_PULSAR_45_W.pdf;https://raw.githubusercontent.com/cooknation/itv/refs/heads/main/itv_photo_PULSAR_45_W.jpg;https://raw.githubusercontent.com/cooknation/itv/refs/heads/main/itv_card_PULSAR_45_W.pdf;https://raw.githubusercontent.com/cooknation/itv/refs/heads/main/itv_brandcatalogue.pdf;https://raw.githubusercontent.com/cooknation/itv/refs/heads/main/itv_price.pdf
CKNITVPULSAR_95_A;PULSAR_95_A;ITV;Ice maker;Ice maker, turbo system, full cube 40 gr., air cooling, ;The PULSAR range is the Rolls-Royce of ice machines. The turbine system, patented and applied exclusively by ITV, makes them unique in the world. Without pumps or injectors or electronics, its revolutionary propulsion system permanently removes the effects of water’s limescale on the machine. The AISI304 stainless steel body, combined with bronze color anodized aluminum, make the Pulsar range the paradigm of design and robustness.;685;mm;555;mm;870;mm;78;Kg;4586;;EUR;;;cold>ice maker;ITV, icemaker, bar, cube, ice, full cube;;;;simple;;Production (kg/24h);62;Ice type;Full Cube;Storage;30;ice size (gr);40;Condensation;Air;Gas type;R 290;active;https://raw.githubusercontent.com/cooknation/itv/refs/heads/main/itv_video_PULSAR_95_A.mp4;https://raw.githubusercontent.com/cooknation/itv/refs/heads/main/itv_image_PULSAR_95_A.jpg;https://raw.githubusercontent.com/cooknation/itv/refs/heads/main/itv_image_2_PULSAR_95_A.jpg;https://raw.githubusercontent.com/cooknation/itv/refs/heads/main/itv_image_3_PULSAR_95_A.jpg;https://raw.githubusercontent.com/cooknation/itv/refs/heads/main/itv_datasheet_PULSAR_95_A.pdf;https://raw.githubusercontent.com/cooknation/itv/refs/heads/main/itv_manual_PULSAR_95_A.pdf;https://raw.githubusercontent.com/cooknation/itv/refs/heads/main/itv_technicalmanual_PULSAR_95_A.pdf;https://raw.githubusercontent.com/cooknation/itv/refs/heads/main/itv_drawing_PULSAR_95_A.pdf;https://raw.githubusercontent.com/cooknation/itv/refs/heads/main/itv_catalogue_PULSAR_95_A.pdf;https://raw.githubusercontent.com/cooknation/itv/refs/heads/main/itv_photo_PULSAR_95_A.jpg;https://raw.githubusercontent.com/cooknation/itv/refs/heads/main/itv_card_PULSAR_95_A.pdf;https://raw.githubusercontent.com/cooknation/itv/refs/heads/main/itv_brandcatalogue.pdf;https://raw.githubusercontent.com/cooknation/itv/refs/heads/main/itv_price.pdf
CKNITVPULSAR_95_W;PULSAR_95_W;ITV;Ice maker;Ice maker, turbo system, full cube 40 gr., water cooling, ;The PULSAR range is the Rolls-Royce of ice machines. The turbine system, patented and applied exclusively by ITV, makes them unique in the world. Without pumps or injectors or electronics, its revolutionary propulsion system permanently removes the effects of water’s limescale on the machine. The AISI304 stainless steel body, combined with bronze color anodized aluminum, make the Pulsar range the paradigm of design and robustness.;685;mm;555;mm;870;mm;78;Kg;4755;;EUR;;;cold>ice maker;ITV, icemaker, bar, cube, ice, full cube;;;;simple;;Production (kg/24h);67;Ice type;Full Cube;Storage;30;ice size (gr);40;Condensation;Water;Gas type;R 290;active;https://raw.githubusercontent.com/cooknation/itv/refs/heads/main/itv_video_PULSAR_95_W.mp4;https://raw.githubusercontent.com/cooknation/itv/refs/heads/main/itv_image_PULSAR_95_W.jpg;https://raw.githubusercontent.com/cooknation/itv/refs/heads/main/itv_image_2_PULSAR_95_W.jpg;https://raw.githubusercontent.com/cooknation/itv/refs/heads/main/itv_image_3_PULSAR_95_W.jpg;https://raw.githubusercontent.com/cooknation/itv/refs/heads/main/itv_datasheet_PULSAR_95_W.pdf;https://raw.githubusercontent.com/cooknation/itv/refs/heads/main/itv_manual_PULSAR_95_W.pdf;https://raw.githubusercontent.com/cooknation/itv/refs/heads/main/itv_technicalmanual_PULSAR_95_W.pdf;https://raw.githubusercontent.com/cooknation/itv/refs/heads/main/itv_drawing_PULSAR_95_W.pdf;https://raw.githubusercontent.com/cooknation/itv/refs/heads/main/itv_catalogue_PULSAR_95_W.pdf;https://raw.githubusercontent.com/cooknation/itv/refs/heads/main/itv_photo_PULSAR_95_W.jpg;https://raw.githubusercontent.com/cooknation/itv/refs/heads/main/itv_card_PULSAR_95_W.pdf;https://raw.githubusercontent.com/cooknation/itv/refs/heads/main/itv_brandcatalogue.pdf;https://raw.githubusercontent.com/cooknation/itv/refs/heads/main/itv_price.pdf
CKNITVQUASAR_130_A;QUASAR_130_A;ITV;Ice maker;Ice maker, paddle system, hollow cube 20gr.,;ALL-TERRAIN SO THAT PRODUCTION NEVER FAILS. Designed to produce ice in the most adverse conditions of water quality and in the least suitable sites, the QUASAR machines have an average life span of 18 years. The palette system makes electronics and water filters unnecessary. It produces a semi-hollow cube whose characteristic shape is compensated for, in order to achieve productive balance. The QUASAR machines are “tropicalized,” so that they can operate in countries with very high average temperatures. And thanks to the absence of thermostats, the QUASAR range also operates at very low temperatures. The manufacturing design is simple, reliable and without electronics. The body is all AISI 304 stainless steel which can be easily dismantled, with a collapsible door towards the interior. In the two versions (cooling by air and by water) it is manufactured in 220V/50Hz, 220V/60Hz and 115V/60Hz. The range of QUASAR machines produces an unusually-shaped, can also be altered for convenience. The weight of the ice and the volume it displaces make up for the eyelet visible at one of its ends by ensuring maximum productivity.;844;mm;557;mm;984;mm;79;Kg;4894;;EUR;;;cold>ice maker;ITV, icemaker, bar, cube, ice, hollow cube;;;;simple;;Production (kg/24h);122;Ice type;Hollow Cube;Storage;50;ice size (gr);20;Condensation;Air;Gas type;R 290;active;https://raw.githubusercontent.com/cooknation/itv/refs/heads/main/itv_video_QUASAR_130_A.mp4;https://raw.githubusercontent.com/cooknation/itv/refs/heads/main/itv_image_QUASAR_130_A.jpg;https://raw.githubusercontent.com/cooknation/itv/refs/heads/main/itv_image_2_QUASAR_130_A.jpg;https://raw.githubusercontent.com/cooknation/itv/refs/heads/main/itv_image_3_QUASAR_130_A.jpg;https://raw.githubusercontent.com/cooknation/itv/refs/heads/main/itv_datasheet_QUASAR_130_A.pdf;https://raw.githubusercontent.com/cooknation/itv/refs/heads/main/itv_manual_QUASAR_130_A.pdf;https://raw.githubusercontent.com/cooknation/itv/refs/heads/main/itv_technicalmanual_QUASAR_130_A.pdf;https://raw.githubusercontent.com/cooknation/itv/refs/heads/main/itv_drawing_QUASAR_130_A.pdf;https://raw.githubusercontent.com/cooknation/itv/refs/heads/main/itv_catalogue_QUASAR_130_A.pdf;https://raw.githubusercontent.com/cooknation/itv/refs/heads/main/itv_photo_QUASAR_130_A.jpg;https://raw.githubusercontent.com/cooknation/itv/refs/heads/main/itv_card_QUASAR_130_A.pdf;https://raw.githubusercontent.com/cooknation/itv/refs/heads/main/itv_brandcatalogue.pdf;https://raw.githubusercontent.com/cooknation/itv/refs/heads/main/itv_price.pdf
CKNITVQUASAR_130_W;QUASAR_130_W;ITV;Ice maker;Ice maker, paddle system, hollow cube 20gr.,;ALL-TERRAIN SO THAT PRODUCTION NEVER FAILS. Designed to produce ice in the most adverse conditions of water quality and in the least suitable sites, the QUASAR machines have an average life span of 18 years. The palette system makes electronics and water filters unnecessary. It produces a semi-hollow cube whose characteristic shape is compensated for, in order to achieve productive balance. The QUASAR machines are “tropicalized,” so that they can operate in countries with very high average temperatures. And thanks to the absence of thermostats, the QUASAR range also operates at very low temperatures. The manufacturing design is simple, reliable and without electronics. The body is all AISI 304 stainless steel which can be easily dismantled, with a collapsible door towards the interior. In the two versions (cooling by air and by water) it is manufactured in 220V/50Hz, 220V/60Hz and 115V/60Hz. The range of QUASAR machines produces an unusually-shaped, can also be altered for convenience. The weight of the ice and the volume it displaces make up for the eyelet visible at one of its ends by ensuring maximum productivity.;844;mm;557;mm;984;mm;79;Kg;5282;;EUR;;;cold>ice maker;ITV, icemaker, bar, cube, ice, hollow cube;;;;simple;;Production (kg/24h);130;Ice type;Hollow Cube;Storage;50;ice size (gr);20;Condensation;Water;Gas type;R 290;active;https://raw.githubusercontent.com/cooknation/itv/refs/heads/main/itv_video_QUASAR_130_W.mp4;https://raw.githubusercontent.com/cooknation/itv/refs/heads/main/itv_image_QUASAR_130_W.jpg;https://raw.githubusercontent.com/cooknation/itv/refs/heads/main/itv_image_2_QUASAR_130_W.jpg;https://raw.githubusercontent.com/cooknation/itv/refs/heads/main/itv_image_3_QUASAR_130_W.jpg;https://raw.githubusercontent.com/cooknation/itv/refs/heads/main/itv_datasheet_QUASAR_130_W.pdf;https://raw.githubusercontent.com/cooknation/itv/refs/heads/main/itv_manual_QUASAR_130_W.pdf;https://raw.githubusercontent.com/cooknation/itv/refs/heads/main/itv_technicalmanual_QUASAR_130_W.pdf;https://raw.githubusercontent.com/cooknation/itv/refs/heads/main/itv_drawing_QUASAR_130_W.pdf;https://raw.githubusercontent.com/cooknation/itv/refs/heads/main/itv_catalogue_QUASAR_130_W.pdf;https://raw.githubusercontent.com/cooknation/itv/refs/heads/main/itv_photo_QUASAR_130_W.jpg;https://raw.githubusercontent.com/cooknation/itv/refs/heads/main/itv_card_QUASAR_130_W.pdf;https://raw.githubusercontent.com/cooknation/itv/refs/heads/main/itv_brandcatalogue.pdf;https://raw.githubusercontent.com/cooknation/itv/refs/heads/main/itv_price.pdf
CKNITVQUASAR_150_A;QUASAR_150_A;ITV;Ice maker;Ice maker, paddle system, hollow cube 20gr.,;ALL-TERRAIN SO THAT PRODUCTION NEVER FAILS. Designed to produce ice in the most adverse conditions of water quality and in the least suitable sites, the QUASAR machines have an average life span of 18 years. The palette system makes electronics and water filters unnecessary. It produces a semi-hollow cube whose characteristic shape is compensated for, in order to achieve productive balance. The QUASAR machines are “tropicalized,” so that they can operate in countries with very high average temperatures. And thanks to the absence of thermostats, the QUASAR range also operates at very low temperatures. The manufacturing design is simple, reliable and without electronics. The body is all AISI 304 stainless steel which can be easily dismantled, with a collapsible door towards the interior. In the two versions (cooling by air and by water) it is manufactured in 220V/50Hz, 220V/60Hz and 115V/60Hz. The range of QUASAR machines produces an unusually-shaped, can also be altered for convenience. The weight of the ice and the volume it displaces make up for the eyelet visible at one of its ends by ensuring maximum productivity.;762;mm;818;mm;1398;mm;106;Kg;6405;;EUR;;;cold>ice maker;ITV, icemaker, bar, cube, ice, hollow cube;;;;simple;;Production (kg/24h);135;Ice type;Hollow Cube;Storage;100;ice size (gr);20;Condensation;Air;Gas type;R 290;active;https://raw.githubusercontent.com/cooknation/itv/refs/heads/main/itv_video_QUASAR_150_A.mp4;https://raw.githubusercontent.com/cooknation/itv/refs/heads/main/itv_image_QUASAR_150_A.jpg;https://raw.githubusercontent.com/cooknation/itv/refs/heads/main/itv_image_2_QUASAR_150_A.jpg;https://raw.githubusercontent.com/cooknation/itv/refs/heads/main/itv_image_3_QUASAR_150_A.jpg;https://raw.githubusercontent.com/cooknation/itv/refs/heads/main/itv_datasheet_QUASAR_150_A.pdf;https://raw.githubusercontent.com/cooknation/itv/refs/heads/main/itv_manual_QUASAR_150_A.pdf;https://raw.githubusercontent.com/cooknation/itv/refs/heads/main/itv_technicalmanual_QUASAR_150_A.pdf;https://raw.githubusercontent.com/cooknation/itv/refs/heads/main/itv_drawing_QUASAR_150_A.pdf;https://raw.githubusercontent.com/cooknation/itv/refs/heads/main/itv_catalogue_QUASAR_150_A.pdf;https://raw.githubusercontent.com/cooknation/itv/refs/heads/main/itv_photo_QUASAR_150_A.jpg;https://raw.githubusercontent.com/cooknation/itv/refs/heads/main/itv_card_QUASAR_150_A.pdf;https://raw.githubusercontent.com/cooknation/itv/refs/heads/main/itv_brandcatalogue.pdf;https://raw.githubusercontent.com/cooknation/itv/refs/heads/main/itv_price.pdf
CKNITVQUASAR_150_W;QUASAR_150_W;ITV;Ice maker;Ice maker, paddle system, hollow cube 20gr.,;ALL-TERRAIN SO THAT PRODUCTION NEVER FAILS. Designed to produce ice in the most adverse conditions of water quality and in the least suitable sites, the QUASAR machines have an average life span of 18 years. The palette system makes electronics and water filters unnecessary. It produces a semi-hollow cube whose characteristic shape is compensated for, in order to achieve productive balance. The QUASAR machines are “tropicalized,” so that they can operate in countries with very high average temperatures. And thanks to the absence of thermostats, the QUASAR range also operates at very low temperatures. The manufacturing design is simple, reliable and without electronics. The body is all AISI 304 stainless steel which can be easily dismantled, with a collapsible door towards the interior. In the two versions (cooling by air and by water) it is manufactured in 220V/50Hz, 220V/60Hz and 115V/60Hz. The range of QUASAR machines produces an unusually-shaped, can also be altered for convenience. The weight of the ice and the volume it displaces make up for the eyelet visible at one of its ends by ensuring maximum productivity.;762;mm;818;mm;1398;mm;106;Kg;;;EUR;;;cold>ice maker;ITV, icemaker, bar, cube, ice, hollow cube;;;;simple;;Production (kg/24h);140;Ice type;Hollow Cube;Storage;100;ice size (gr);20;Condensation;Water;Gas type;R 290;active;https://raw.githubusercontent.com/cooknation/itv/refs/heads/main/itv_video_QUASAR_150_W.mp4;https://raw.githubusercontent.com/cooknation/itv/refs/heads/main/itv_image_QUASAR_150_W.jpg;https://raw.githubusercontent.com/cooknation/itv/refs/heads/main/itv_image_2_QUASAR_150_W.jpg;https://raw.githubusercontent.com/cooknation/itv/refs/heads/main/itv_image_3_QUASAR_150_W.jpg;https://raw.githubusercontent.com/cooknation/itv/refs/heads/main/itv_datasheet_QUASAR_150_W.pdf;https://raw.githubusercontent.com/cooknation/itv/refs/heads/main/itv_manual_QUASAR_150_W.pdf;https://raw.githubusercontent.com/cooknation/itv/refs/heads/main/itv_technicalmanual_QUASAR_150_W.pdf;https://raw.githubusercontent.com/cooknation/itv/refs/heads/main/itv_drawing_QUASAR_150_W.pdf;https://raw.githubusercontent.com/cooknation/itv/refs/heads/main/itv_catalogue_QUASAR_150_W.pdf;https://raw.githubusercontent.com/cooknation/itv/refs/heads/main/itv_photo_QUASAR_150_W.jpg;https://raw.githubusercontent.com/cooknation/itv/refs/heads/main/itv_card_QUASAR_150_W.pdf;https://raw.githubusercontent.com/cooknation/itv/refs/heads/main/itv_brandcatalogue.pdf;https://raw.githubusercontent.com/cooknation/itv/refs/heads/main/itv_price.pdf
CKNITVQUASAR_20_A;QUASAR_20_A;ITV;Ice maker;Ice maker, paddle system, hollow cube 20gr.,;ALL-TERRAIN SO THAT PRODUCTION NEVER FAILS. Designed to produce ice in the most adverse conditions of water quality and in the least suitable sites, the QUASAR machines have an average life span of 18 years. The palette system makes electronics and water filters unnecessary. It produces a semi-hollow cube whose characteristic shape is compensated for, in order to achieve productive balance. The QUASAR machines are “tropicalized,” so that they can operate in countries with very high average temperatures. And thanks to the absence of thermostats, the QUASAR range also operates at very low temperatures. The manufacturing design is simple, reliable and without electronics. The body is all AISI 304 stainless steel which can be easily dismantled, with a collapsible door towards the interior. In the two versions (cooling by air and by water) it is manufactured in 220V/50Hz, 220V/60Hz and 115V/60Hz. The range of QUASAR machines produces an unusually-shaped, can also be altered for convenience. The weight of the ice and the volume it displaces make up for the eyelet visible at one of its ends by ensuring maximum productivity.;401;mm;506;mm;643;mm;38;Kg;1993;;EUR;;;cold>ice maker;ITV, icemaker, bar, cube, ice, hollow cube;;;;simple;;Production (kg/24h);22;Ice type;Hollow Cube;Storage;9;ice size (gr);20;Condensation;Air;Gas type;R 290;active;https://raw.githubusercontent.com/cooknation/itv/refs/heads/main/itv_video_QUASAR_20_A.mp4;https://raw.githubusercontent.com/cooknation/itv/refs/heads/main/itv_image_QUASAR_20_A.jpg;https://raw.githubusercontent.com/cooknation/itv/refs/heads/main/itv_image_2_QUASAR_20_A.jpg;https://raw.githubusercontent.com/cooknation/itv/refs/heads/main/itv_image_3_QUASAR_20_A.jpg;https://raw.githubusercontent.com/cooknation/itv/refs/heads/main/itv_datasheet_QUASAR_20_A.pdf;https://raw.githubusercontent.com/cooknation/itv/refs/heads/main/itv_manual_QUASAR_20_A.pdf;https://raw.githubusercontent.com/cooknation/itv/refs/heads/main/itv_technicalmanual_QUASAR_20_A.pdf;https://raw.githubusercontent.com/cooknation/itv/refs/heads/main/itv_drawing_QUASAR_20_A.pdf;https://raw.githubusercontent.com/cooknation/itv/refs/heads/main/itv_catalogue_QUASAR_20_A.pdf;https://raw.githubusercontent.com/cooknation/itv/refs/heads/main/itv_photo_QUASAR_20_A.jpg;https://raw.githubusercontent.com/cooknation/itv/refs/heads/main/itv_card_QUASAR_20_A.pdf;https://raw.githubusercontent.com/cooknation/itv/refs/heads/main/itv_brandcatalogue.pdf;https://raw.githubusercontent.com/cooknation/itv/refs/heads/main/itv_price.pdf
CKNITVQUASAR_20_PLUS_A;QUASAR_20_PLUS_A;ITV;Ice maker;Ice maker, paddle system, hollow cube 20gr.,;ALL-TERRAIN SO THAT PRODUCTION NEVER FAILS. Designed to produce ice in the most adverse conditions of water quality and in the least suitable sites, the QUASAR machines have an average life span of 18 years. The palette system makes electronics and water filters unnecessary. It produces a semi-hollow cube whose characteristic shape is compensated for, in order to achieve productive balance. The QUASAR machines are “tropicalized,” so that they can operate in countries with very high average temperatures. And thanks to the absence of thermostats, the QUASAR range also operates at very low temperatures. The manufacturing design is simple, reliable and without electronics. The body is all AISI 304 stainless steel which can be easily dismantled, with a collapsible door towards the interior. In the two versions (cooling by air and by water) it is manufactured in 220V/50Hz, 220V/60Hz and 115V/60Hz. The range of QUASAR machines produces an unusually-shaped, can also be altered for convenience. The weight of the ice and the volume it displaces make up for the eyelet visible at one of its ends by ensuring maximum productivity.;401;mm;506;mm;698;mm;39;Kg;2075;;EUR;;;cold>ice maker;ITV, icemaker, bar, cube, ice, hollow cube;;;;simple;;Production (kg/24h);22;Ice type;Hollow Cube;Storage;12;ice size (gr);20;Condensation;Air;Gas type;R 290;active;https://raw.githubusercontent.com/cooknation/itv/refs/heads/main/itv_video_QUASAR_20_PLUS_A.mp4;https://raw.githubusercontent.com/cooknation/itv/refs/heads/main/itv_image_QUASAR_20_PLUS_A.jpg;https://raw.githubusercontent.com/cooknation/itv/refs/heads/main/itv_image_2_QUASAR_20_PLUS_A.jpg;https://raw.githubusercontent.com/cooknation/itv/refs/heads/main/itv_image_3_QUASAR_20_PLUS_A.jpg;https://raw.githubusercontent.com/cooknation/itv/refs/heads/main/itv_datasheet_QUASAR_20_PLUS_A.pdf;https://raw.githubusercontent.com/cooknation/itv/refs/heads/main/itv_manual_QUASAR_20_PLUS_A.pdf;https://raw.githubusercontent.com/cooknation/itv/refs/heads/main/itv_technicalmanual_QUASAR_20_PLUS_A.pdf;https://raw.githubusercontent.com/cooknation/itv/refs/heads/main/itv_drawing_QUASAR_20_PLUS_A.pdf;https://raw.githubusercontent.com/cooknation/itv/refs/heads/main/itv_catalogue_QUASAR_20_PLUS_A.pdf;https://raw.githubusercontent.com/cooknation/itv/refs/heads/main/itv_photo_QUASAR_20_PLUS_A.jpg;https://raw.githubusercontent.com/cooknation/itv/refs/heads/main/itv_card_QUASAR_20_PLUS_A.pdf;https://raw.githubusercontent.com/cooknation/itv/refs/heads/main/itv_brandcatalogue.pdf;https://raw.githubusercontent.com/cooknation/itv/refs/heads/main/itv_price.pdf
CKNITVQUASAR_20_PLUS_W;QUASAR_20_PLUS_W;ITV;Ice maker;Ice maker, paddle system, hollow cube 20gr.,;ALL-TERRAIN SO THAT PRODUCTION NEVER FAILS. Designed to produce ice in the most adverse conditions of water quality and in the least suitable sites, the QUASAR machines have an average life span of 18 years. The palette system makes electronics and water filters unnecessary. It produces a semi-hollow cube whose characteristic shape is compensated for, in order to achieve productive balance. The QUASAR machines are “tropicalized,” so that they can operate in countries with very high average temperatures. And thanks to the absence of thermostats, the QUASAR range also operates at very low temperatures. The manufacturing design is simple, reliable and without electronics. The body is all AISI 304 stainless steel which can be easily dismantled, with a collapsible door towards the interior. In the two versions (cooling by air and by water) it is manufactured in 220V/50Hz, 220V/60Hz and 115V/60Hz. The range of QUASAR machines produces an unusually-shaped, can also be altered for convenience. The weight of the ice and the volume it displaces make up for the eyelet visible at one of its ends by ensuring maximum productivity.;401;mm;506;mm;698;mm;39;Kg;2119;;EUR;;;cold>ice maker;ITV, icemaker, bar, cube, ice, hollow cube;;;;simple;;Production (kg/24h);24;Ice type;Hollow Cube;Storage;12;ice size (gr);20;Condensation;Water;Gas type;R 290;active;https://raw.githubusercontent.com/cooknation/itv/refs/heads/main/itv_video_QUASAR_20_PLUS_W.mp4;https://raw.githubusercontent.com/cooknation/itv/refs/heads/main/itv_image_QUASAR_20_PLUS_W.jpg;https://raw.githubusercontent.com/cooknation/itv/refs/heads/main/itv_image_2_QUASAR_20_PLUS_W.jpg;https://raw.githubusercontent.com/cooknation/itv/refs/heads/main/itv_image_3_QUASAR_20_PLUS_W.jpg;https://raw.githubusercontent.com/cooknation/itv/refs/heads/main/itv_datasheet_QUASAR_20_PLUS_W.pdf;https://raw.githubusercontent.com/cooknation/itv/refs/heads/main/itv_manual_QUASAR_20_PLUS_W.pdf;https://raw.githubusercontent.com/cooknation/itv/refs/heads/main/itv_technicalmanual_QUASAR_20_PLUS_W.pdf;https://raw.githubusercontent.com/cooknation/itv/refs/heads/main/itv_drawing_QUASAR_20_PLUS_W.pdf;https://raw.githubusercontent.com/cooknation/itv/refs/heads/main/itv_catalogue_QUASAR_20_PLUS_W.pdf;https://raw.githubusercontent.com/cooknation/itv/refs/heads/main/itv_photo_QUASAR_20_PLUS_W.jpg;https://raw.githubusercontent.com/cooknation/itv/refs/heads/main/itv_card_QUASAR_20_PLUS_W.pdf;https://raw.githubusercontent.com/cooknation/itv/refs/heads/main/itv_brandcatalogue.pdf;https://raw.githubusercontent.com/cooknation/itv/refs/heads/main/itv_price.pdf
CKNITVQUASAR_20_W;QUASAR_20_W;ITV;Ice maker;Ice maker, paddle system, hollow cube 20gr.,;ALL-TERRAIN SO THAT PRODUCTION NEVER FAILS. Designed to produce ice in the most adverse conditions of water quality and in the least suitable sites, the QUASAR machines have an average life span of 18 years. The palette system makes electronics and water filters unnecessary. It produces a semi-hollow cube whose characteristic shape is compensated for, in order to achieve productive balance. The QUASAR machines are “tropicalized,” so that they can operate in countries with very high average temperatures. And thanks to the absence of thermostats, the QUASAR range also operates at very low temperatures. The manufacturing design is simple, reliable and without electronics. The body is all AISI 304 stainless steel which can be easily dismantled, with a collapsible door towards the interior. In the two versions (cooling by air and by water) it is manufactured in 220V/50Hz, 220V/60Hz and 115V/60Hz. The range of QUASAR machines produces an unusually-shaped, can also be altered for convenience. The weight of the ice and the volume it displaces make up for the eyelet visible at one of its ends by ensuring maximum productivity.;401;mm;506;mm;643;mm;38;Kg;2072;;EUR;;;cold>ice maker;ITV, icemaker, bar, cube, ice, hollow cube;;;;simple;;Production (kg/24h);24;Ice type;Hollow Cube;Storage;9;ice size (gr);20;Condensation;Water;Gas type;R 290;active;https://raw.githubusercontent.com/cooknation/itv/refs/heads/main/itv_video_QUASAR_20_W.mp4;https://raw.githubusercontent.com/cooknation/itv/refs/heads/main/itv_image_QUASAR_20_W.jpg;https://raw.githubusercontent.com/cooknation/itv/refs/heads/main/itv_image_2_QUASAR_20_W.jpg;https://raw.githubusercontent.com/cooknation/itv/refs/heads/main/itv_image_3_QUASAR_20_W.jpg;https://raw.githubusercontent.com/cooknation/itv/refs/heads/main/itv_datasheet_QUASAR_20_W.pdf;https://raw.githubusercontent.com/cooknation/itv/refs/heads/main/itv_manual_QUASAR_20_W.pdf;https://raw.githubusercontent.com/cooknation/itv/refs/heads/main/itv_technicalmanual_QUASAR_20_W.pdf;https://raw.githubusercontent.com/cooknation/itv/refs/heads/main/itv_drawing_QUASAR_20_W.pdf;https://raw.githubusercontent.com/cooknation/itv/refs/heads/main/itv_catalogue_QUASAR_20_W.pdf;https://raw.githubusercontent.com/cooknation/itv/refs/heads/main/itv_photo_QUASAR_20_W.jpg;https://raw.githubusercontent.com/cooknation/itv/refs/heads/main/itv_card_QUASAR_20_W.pdf;https://raw.githubusercontent.com/cooknation/itv/refs/heads/main/itv_brandcatalogue.pdf;https://raw.githubusercontent.com/cooknation/itv/refs/heads/main/itv_price.pdf
CKNITVQUASAR_30_A;QUASAR_30_A;ITV;Ice maker;Ice maker, paddle system, hollow cube 20gr.,;ALL-TERRAIN SO THAT PRODUCTION NEVER FAILS. Designed to produce ice in the most adverse conditions of water quality and in the least suitable sites, the QUASAR machines have an average life span of 18 years. The palette system makes electronics and water filters unnecessary. It produces a semi-hollow cube whose characteristic shape is compensated for, in order to achieve productive balance. The QUASAR machines are “tropicalized,” so that they can operate in countries with very high average temperatures. And thanks to the absence of thermostats, the QUASAR range also operates at very low temperatures. The manufacturing design is simple, reliable and without electronics. The body is all AISI 304 stainless steel which can be easily dismantled, with a collapsible door towards the interior. In the two versions (cooling by air and by water) it is manufactured in 220V/50Hz, 220V/60Hz and 115V/60Hz. The range of QUASAR machines produces an unusually-shaped, can also be altered for convenience. The weight of the ice and the volume it displaces make up for the eyelet visible at one of its ends by ensuring maximum productivity.;401;mm;506;mm;698;mm;39;Kg;2222;;EUR;;;cold>ice maker;ITV, icemaker, bar, cube, ice, hollow cube;;;;simple;;Production (kg/24h);34;Ice type;Hollow Cube;Storage;12;ice size (gr);20;Condensation;Air;Gas type;R 290;active;https://raw.githubusercontent.com/cooknation/itv/refs/heads/main/itv_video_QUASAR_30_A.mp4;https://raw.githubusercontent.com/cooknation/itv/refs/heads/main/itv_image_QUASAR_30_A.jpg;https://raw.githubusercontent.com/cooknation/itv/refs/heads/main/itv_image_2_QUASAR_30_A.jpg;https://raw.githubusercontent.com/cooknation/itv/refs/heads/main/itv_image_3_QUASAR_30_A.jpg;https://raw.githubusercontent.com/cooknation/itv/refs/heads/main/itv_datasheet_QUASAR_30_A.pdf;https://raw.githubusercontent.com/cooknation/itv/refs/heads/main/itv_manual_QUASAR_30_A.pdf;https://raw.githubusercontent.com/cooknation/itv/refs/heads/main/itv_technicalmanual_QUASAR_30_A.pdf;https://raw.githubusercontent.com/cooknation/itv/refs/heads/main/itv_drawing_QUASAR_30_A.pdf;https://raw.githubusercontent.com/cooknation/itv/refs/heads/main/itv_catalogue_QUASAR_30_A.pdf;https://raw.githubusercontent.com/cooknation/itv/refs/heads/main/itv_photo_QUASAR_30_A.jpg;https://raw.githubusercontent.com/cooknation/itv/refs/heads/main/itv_card_QUASAR_30_A.pdf;https://raw.githubusercontent.com/cooknation/itv/refs/heads/main/itv_brandcatalogue.pdf;https://raw.githubusercontent.com/cooknation/itv/refs/heads/main/itv_price.pdf
CKNITVQUASAR_30_W;QUASAR_30_W;ITV;Ice maker;Ice maker, paddle system, hollow cube 20gr.,;ALL-TERRAIN SO THAT PRODUCTION NEVER FAILS. Designed to produce ice in the most adverse conditions of water quality and in the least suitable sites, the QUASAR machines have an average life span of 18 years. The palette system makes electronics and water filters unnecessary. It produces a semi-hollow cube whose characteristic shape is compensated for, in order to achieve productive balance. The QUASAR machines are “tropicalized,” so that they can operate in countries with very high average temperatures. And thanks to the absence of thermostats, the QUASAR range also operates at very low temperatures. The manufacturing design is simple, reliable and without electronics. The body is all AISI 304 stainless steel which can be easily dismantled, with a collapsible door towards the interior. In the two versions (cooling by air and by water) it is manufactured in 220V/50Hz, 220V/60Hz and 115V/60Hz. The range of QUASAR machines produces an unusually-shaped, can also be altered for convenience. The weight of the ice and the volume it displaces make up for the eyelet visible at one of its ends by ensuring maximum productivity.;401;mm;506;mm;698;mm;39;Kg;2333;;EUR;;;cold>ice maker;ITV, icemaker, bar, cube, ice, hollow cube;;;;simple;;Production (kg/24h);33;Ice type;Hollow Cube;Storage;12;ice size (gr);20;Condensation;Water;Gas type;R 290;active;https://raw.githubusercontent.com/cooknation/itv/refs/heads/main/itv_video_QUASAR_30_W.mp4;https://raw.githubusercontent.com/cooknation/itv/refs/heads/main/itv_image_QUASAR_30_W.jpg;https://raw.githubusercontent.com/cooknation/itv/refs/heads/main/itv_image_2_QUASAR_30_W.jpg;https://raw.githubusercontent.com/cooknation/itv/refs/heads/main/itv_image_3_QUASAR_30_W.jpg;https://raw.githubusercontent.com/cooknation/itv/refs/heads/main/itv_datasheet_QUASAR_30_W.pdf;https://raw.githubusercontent.com/cooknation/itv/refs/heads/main/itv_manual_QUASAR_30_W.pdf;https://raw.githubusercontent.com/cooknation/itv/refs/heads/main/itv_technicalmanual_QUASAR_30_W.pdf;https://raw.githubusercontent.com/cooknation/itv/refs/heads/main/itv_drawing_QUASAR_30_W.pdf;https://raw.githubusercontent.com/cooknation/itv/refs/heads/main/itv_catalogue_QUASAR_30_W.pdf;https://raw.githubusercontent.com/cooknation/itv/refs/heads/main/itv_photo_QUASAR_30_W.jpg;https://raw.githubusercontent.com/cooknation/itv/refs/heads/main/itv_card_QUASAR_30_W.pdf;https://raw.githubusercontent.com/cooknation/itv/refs/heads/main/itv_brandcatalogue.pdf;https://raw.githubusercontent.com/cooknation/itv/refs/heads/main/itv_price.pdf
CKNITVQUASAR_40_A;QUASAR_40_A;ITV;Ice maker;Ice maker, paddle system, hollow cube 20gr.,;ALL-TERRAIN SO THAT PRODUCTION NEVER FAILS. Designed to produce ice in the most adverse conditions of water quality and in the least suitable sites, the QUASAR machines have an average life span of 18 years. The palette system makes electronics and water filters unnecessary. It produces a semi-hollow cube whose characteristic shape is compensated for, in order to achieve productive balance. The QUASAR machines are “tropicalized,” so that they can operate in countries with very high average temperatures. And thanks to the absence of thermostats, the QUASAR range also operates at very low temperatures. The manufacturing design is simple, reliable and without electronics. The body is all AISI 304 stainless steel which can be easily dismantled, with a collapsible door towards the interior. In the two versions (cooling by air and by water) it is manufactured in 220V/50Hz, 220V/60Hz and 115V/60Hz. The range of QUASAR machines produces an unusually-shaped, can also be altered for convenience. The weight of the ice and the volume it displaces make up for the eyelet visible at one of its ends by ensuring maximum productivity.;401;mm;506;mm;698;mm;39;Kg;2456;;EUR;;;cold>ice maker;ITV, icemaker, bar, cube, ice, hollow cube;;;;simple;;Production (kg/24h);40;Ice type;Hollow Cube;Storage;12;ice size (gr);20;Condensation;Air;Gas type;R 290;active;https://raw.githubusercontent.com/cooknation/itv/refs/heads/main/itv_video_QUASAR_40_A.mp4;https://raw.githubusercontent.com/cooknation/itv/refs/heads/main/itv_image_QUASAR_40_A.jpg;https://raw.githubusercontent.com/cooknation/itv/refs/heads/main/itv_image_2_QUASAR_40_A.jpg;https://raw.githubusercontent.com/cooknation/itv/refs/heads/main/itv_image_3_QUASAR_40_A.jpg;https://raw.githubusercontent.com/cooknation/itv/refs/heads/main/itv_datasheet_QUASAR_40_A.pdf;https://raw.githubusercontent.com/cooknation/itv/refs/heads/main/itv_manual_QUASAR_40_A.pdf;https://raw.githubusercontent.com/cooknation/itv/refs/heads/main/itv_technicalmanual_QUASAR_40_A.pdf;https://raw.githubusercontent.com/cooknation/itv/refs/heads/main/itv_drawing_QUASAR_40_A.pdf;https://raw.githubusercontent.com/cooknation/itv/refs/heads/main/itv_catalogue_QUASAR_40_A.pdf;https://raw.githubusercontent.com/cooknation/itv/refs/heads/main/itv_photo_QUASAR_40_A.jpg;https://raw.githubusercontent.com/cooknation/itv/refs/heads/main/itv_card_QUASAR_40_A.pdf;https://raw.githubusercontent.com/cooknation/itv/refs/heads/main/itv_brandcatalogue.pdf;https://raw.githubusercontent.com/cooknation/itv/refs/heads/main/itv_price.pdf
CKNITVQUASAR_40_W;QUASAR_40_W;ITV;Ice maker;Ice maker, paddle system, hollow cube 20gr.,;ALL-TERRAIN SO THAT PRODUCTION NEVER FAILS. Designed to produce ice in the most adverse conditions of water quality and in the least suitable sites, the QUASAR machines have an average life span of 18 years. The palette system makes electronics and water filters unnecessary. It produces a semi-hollow cube whose characteristic shape is compensated for, in order to achieve productive balance. The QUASAR machines are “tropicalized,” so that they can operate in countries with very high average temperatures. And thanks to the absence of thermostats, the QUASAR range also operates at very low temperatures. The manufacturing design is simple, reliable and without electronics. The body is all AISI 304 stainless steel which can be easily dismantled, with a collapsible door towards the interior. In the two versions (cooling by air and by water) it is manufactured in 220V/50Hz, 220V/60Hz and 115V/60Hz. The range of QUASAR machines produces an unusually-shaped, can also be altered for convenience. The weight of the ice and the volume it displaces make up for the eyelet visible at one of its ends by ensuring maximum productivity.;401;mm;506;mm;698;mm;39;Kg;2606;;EUR;;;cold>ice maker;ITV, icemaker, bar, cube, ice, hollow cube;;;;simple;;Production (kg/24h);39;Ice type;Hollow Cube;Storage;12;ice size (gr);20;Condensation;Water;Gas type;R 290;active;https://raw.githubusercontent.com/cooknation/itv/refs/heads/main/itv_video_QUASAR_40_W.mp4;https://raw.githubusercontent.com/cooknation/itv/refs/heads/main/itv_image_QUASAR_40_W.jpg;https://raw.githubusercontent.com/cooknation/itv/refs/heads/main/itv_image_2_QUASAR_40_W.jpg;https://raw.githubusercontent.com/cooknation/itv/refs/heads/main/itv_image_3_QUASAR_40_W.jpg;https://raw.githubusercontent.com/cooknation/itv/refs/heads/main/itv_datasheet_QUASAR_40_W.pdf;https://raw.githubusercontent.com/cooknation/itv/refs/heads/main/itv_manual_QUASAR_40_W.pdf;https://raw.githubusercontent.com/cooknation/itv/refs/heads/main/itv_technicalmanual_QUASAR_40_W.pdf;https://raw.githubusercontent.com/cooknation/itv/refs/heads/main/itv_drawing_QUASAR_40_W.pdf;https://raw.githubusercontent.com/cooknation/itv/refs/heads/main/itv_catalogue_QUASAR_40_W.pdf;https://raw.githubusercontent.com/cooknation/itv/refs/heads/main/itv_photo_QUASAR_40_W.jpg;https://raw.githubusercontent.com/cooknation/itv/refs/heads/main/itv_card_QUASAR_40_W.pdf;https://raw.githubusercontent.com/cooknation/itv/refs/heads/main/itv_brandcatalogue.pdf;https://raw.githubusercontent.com/cooknation/itv/refs/heads/main/itv_price.pdf
CKNITVQUASAR_50_A;QUASAR_50_A;ITV;Ice maker;Ice maker, paddle system, hollow cube 20gr.,;ALL-TERRAIN SO THAT PRODUCTION NEVER FAILS. Designed to produce ice in the most adverse conditions of water quality and in the least suitable sites, the QUASAR machines have an average life span of 18 years. The palette system makes electronics and water filters unnecessary. It produces a semi-hollow cube whose characteristic shape is compensated for, in order to achieve productive balance. The QUASAR machines are “tropicalized,” so that they can operate in countries with very high average temperatures. And thanks to the absence of thermostats, the QUASAR range also operates at very low temperatures. The manufacturing design is simple, reliable and without electronics. The body is all AISI 304 stainless steel which can be easily dismantled, with a collapsible door towards the interior. In the two versions (cooling by air and by water) it is manufactured in 220V/50Hz, 220V/60Hz and 115V/60Hz. The range of QUASAR machines produces an unusually-shaped, can also be altered for convenience. The weight of the ice and the volume it displaces make up for the eyelet visible at one of its ends by ensuring maximum productivity.;513;mm;557;mm;811;mm;49;Kg;2748;;EUR;;;cold>ice maker;ITV, icemaker, bar, cube, ice, hollow cube;;;;simple;;Production (kg/24h);48;Ice type;Hollow Cube;Storage;25;ice size (gr);20;Condensation;Air;Gas type;R 290;active;https://raw.githubusercontent.com/cooknation/itv/refs/heads/main/itv_video_QUASAR_50_A.mp4;https://raw.githubusercontent.com/cooknation/itv/refs/heads/main/itv_image_QUASAR_50_A.jpg;https://raw.githubusercontent.com/cooknation/itv/refs/heads/main/itv_image_2_QUASAR_50_A.jpg;https://raw.githubusercontent.com/cooknation/itv/refs/heads/main/itv_image_3_QUASAR_50_A.jpg;https://raw.githubusercontent.com/cooknation/itv/refs/heads/main/itv_datasheet_QUASAR_50_A.pdf;https://raw.githubusercontent.com/cooknation/itv/refs/heads/main/itv_manual_QUASAR_50_A.pdf;https://raw.githubusercontent.com/cooknation/itv/refs/heads/main/itv_technicalmanual_QUASAR_50_A.pdf;https://raw.githubusercontent.com/cooknation/itv/refs/heads/main/itv_drawing_QUASAR_50_A.pdf;https://raw.githubusercontent.com/cooknation/itv/refs/heads/main/itv_catalogue_QUASAR_50_A.pdf;https://raw.githubusercontent.com/cooknation/itv/refs/heads/main/itv_photo_QUASAR_50_A.jpg;https://raw.githubusercontent.com/cooknation/itv/refs/heads/main/itv_card_QUASAR_50_A.pdf;https://raw.githubusercontent.com/cooknation/itv/refs/heads/main/itv_brandcatalogue.pdf;https://raw.githubusercontent.com/cooknation/itv/refs/heads/main/itv_price.pdf
CKNITVQUASAR_50_W;QUASAR_50_W;ITV;Ice maker;Ice maker, paddle system, hollow cube 20gr.,;ALL-TERRAIN SO THAT PRODUCTION NEVER FAILS. Designed to produce ice in the most adverse conditions of water quality and in the least suitable sites, the QUASAR machines have an average life span of 18 years. The palette system makes electronics and water filters unnecessary. It produces a semi-hollow cube whose characteristic shape is compensated for, in order to achieve productive balance. The QUASAR machines are “tropicalized,” so that they can operate in countries with very high average temperatures. And thanks to the absence of thermostats, the QUASAR range also operates at very low temperatures. The manufacturing design is simple, reliable and without electronics. The body is all AISI 304 stainless steel which can be easily dismantled, with a collapsible door towards the interior. In the two versions (cooling by air and by water) it is manufactured in 220V/50Hz, 220V/60Hz and 115V/60Hz. The range of QUASAR machines produces an unusually-shaped, can also be altered for convenience. The weight of the ice and the volume it displaces make up for the eyelet visible at one of its ends by ensuring maximum productivity.;513;mm;557;mm;811;mm;49;Kg;2871;;EUR;;;cold>ice maker;ITV, icemaker, bar, cube, ice, hollow cube;;;;simple;;Production (kg/24h);51;Ice type;Hollow Cube;Storage;25;ice size (gr);20;Condensation;Water;Gas type;R 290;active;https://raw.githubusercontent.com/cooknation/itv/refs/heads/main/itv_video_QUASAR_50_W.mp4;https://raw.githubusercontent.com/cooknation/itv/refs/heads/main/itv_image_QUASAR_50_W.jpg;https://raw.githubusercontent.com/cooknation/itv/refs/heads/main/itv_image_2_QUASAR_50_W.jpg;https://raw.githubusercontent.com/cooknation/itv/refs/heads/main/itv_image_3_QUASAR_50_W.jpg;https://raw.githubusercontent.com/cooknation/itv/refs/heads/main/itv_datasheet_QUASAR_50_W.pdf;https://raw.githubusercontent.com/cooknation/itv/refs/heads/main/itv_manual_QUASAR_50_W.pdf;https://raw.githubusercontent.com/cooknation/itv/refs/heads/main/itv_technicalmanual_QUASAR_50_W.pdf;https://raw.githubusercontent.com/cooknation/itv/refs/heads/main/itv_drawing_QUASAR_50_W.pdf;https://raw.githubusercontent.com/cooknation/itv/refs/heads/main/itv_catalogue_QUASAR_50_W.pdf;https://raw.githubusercontent.com/cooknation/itv/refs/heads/main/itv_photo_QUASAR_50_W.jpg;https://raw.githubusercontent.com/cooknation/itv/refs/heads/main/itv_card_QUASAR_50_W.pdf;https://raw.githubusercontent.com/cooknation/itv/refs/heads/main/itv_brandcatalogue.pdf;https://raw.githubusercontent.com/cooknation/itv/refs/heads/main/itv_price.pdf
CKNITVQUASAR_60_A;QUASAR_60_A;ITV;Ice maker;Ice maker, paddle system, hollow cube 20gr.,;ALL-TERRAIN SO THAT PRODUCTION NEVER FAILS. Designed to produce ice in the most adverse conditions of water quality and in the least suitable sites, the QUASAR machines have an average life span of 18 years. The palette system makes electronics and water filters unnecessary. It produces a semi-hollow cube whose characteristic shape is compensated for, in order to achieve productive balance. The QUASAR machines are “tropicalized,” so that they can operate in countries with very high average temperatures. And thanks to the absence of thermostats, the QUASAR range also operates at very low temperatures. The manufacturing design is simple, reliable and without electronics. The body is all AISI 304 stainless steel which can be easily dismantled, with a collapsible door towards the interior. In the two versions (cooling by air and by water) it is manufactured in 220V/50Hz, 220V/60Hz and 115V/60Hz. The range of QUASAR machines produces an unusually-shaped, can also be altered for convenience. The weight of the ice and the volume it displaces make up for the eyelet visible at one of its ends by ensuring maximum productivity.;594;mm;557;mm;934;mm;59;Kg;3228;;EUR;;;cold>ice maker;ITV, icemaker, bar, cube, ice, hollow cube;;;;simple;;Production (kg/24h);55;Ice type;Hollow Cube;Storage;30;ice size (gr);20;Condensation;Air;Gas type;R 290;active;https://raw.githubusercontent.com/cooknation/itv/refs/heads/main/itv_video_QUASAR_60_A.mp4;https://raw.githubusercontent.com/cooknation/itv/refs/heads/main/itv_image_QUASAR_60_A.jpg;https://raw.githubusercontent.com/cooknation/itv/refs/heads/main/itv_image_2_QUASAR_60_A.jpg;https://raw.githubusercontent.com/cooknation/itv/refs/heads/main/itv_image_3_QUASAR_60_A.jpg;https://raw.githubusercontent.com/cooknation/itv/refs/heads/main/itv_datasheet_QUASAR_60_A.pdf;https://raw.githubusercontent.com/cooknation/itv/refs/heads/main/itv_manual_QUASAR_60_A.pdf;https://raw.githubusercontent.com/cooknation/itv/refs/heads/main/itv_technicalmanual_QUASAR_60_A.pdf;https://raw.githubusercontent.com/cooknation/itv/refs/heads/main/itv_drawing_QUASAR_60_A.pdf;https://raw.githubusercontent.com/cooknation/itv/refs/heads/main/itv_catalogue_QUASAR_60_A.pdf;https://raw.githubusercontent.com/cooknation/itv/refs/heads/main/itv_photo_QUASAR_60_A.jpg;https://raw.githubusercontent.com/cooknation/itv/refs/heads/main/itv_card_QUASAR_60_A.pdf;https://raw.githubusercontent.com/cooknation/itv/refs/heads/main/itv_brandcatalogue.pdf;https://raw.githubusercontent.com/cooknation/itv/refs/heads/main/itv_price.pdf
CKNITVQUASAR_60_W;QUASAR_60_W;ITV;Ice maker;Ice maker, paddle system, hollow cube 20gr.,;ALL-TERRAIN SO THAT PRODUCTION NEVER FAILS. Designed to produce ice in the most adverse conditions of water quality and in the least suitable sites, the QUASAR machines have an average life span of 18 years. The palette system makes electronics and water filters unnecessary. It produces a semi-hollow cube whose characteristic shape is compensated for, in order to achieve productive balance. The QUASAR machines are “tropicalized,” so that they can operate in countries with very high average temperatures. And thanks to the absence of thermostats, the QUASAR range also operates at very low temperatures. The manufacturing design is simple, reliable and without electronics. The body is all AISI 304 stainless steel which can be easily dismantled, with a collapsible door towards the interior. In the two versions (cooling by air and by water) it is manufactured in 220V/50Hz, 220V/60Hz and 115V/60Hz. The range of QUASAR machines produces an unusually-shaped, can also be altered for convenience. The weight of the ice and the volume it displaces make up for the eyelet visible at one of its ends by ensuring maximum productivity.;594;mm;557;mm;934;mm;59;Kg;3604;;EUR;;;cold>ice maker;ITV, icemaker, bar, cube, ice, hollow cube;;;;simple;;Production (kg/24h);60;Ice type;Hollow Cube;Storage;30;ice size (gr);20;Condensation;Water;Gas type;R 290;active;https://raw.githubusercontent.com/cooknation/itv/refs/heads/main/itv_video_QUASAR_60_W.mp4;https://raw.githubusercontent.com/cooknation/itv/refs/heads/main/itv_image_QUASAR_60_W.jpg;https://raw.githubusercontent.com/cooknation/itv/refs/heads/main/itv_image_2_QUASAR_60_W.jpg;https://raw.githubusercontent.com/cooknation/itv/refs/heads/main/itv_image_3_QUASAR_60_W.jpg;https://raw.githubusercontent.com/cooknation/itv/refs/heads/main/itv_datasheet_QUASAR_60_W.pdf;https://raw.githubusercontent.com/cooknation/itv/refs/heads/main/itv_manual_QUASAR_60_W.pdf;https://raw.githubusercontent.com/cooknation/itv/refs/heads/main/itv_technicalmanual_QUASAR_60_W.pdf;https://raw.githubusercontent.com/cooknation/itv/refs/heads/main/itv_drawing_QUASAR_60_W.pdf;https://raw.githubusercontent.com/cooknation/itv/refs/heads/main/itv_catalogue_QUASAR_60_W.pdf;https://raw.githubusercontent.com/cooknation/itv/refs/heads/main/itv_photo_QUASAR_60_W.jpg;https://raw.githubusercontent.com/cooknation/itv/refs/heads/main/itv_card_QUASAR_60_W.pdf;https://raw.githubusercontent.com/cooknation/itv/refs/heads/main/itv_brandcatalogue.pdf;https://raw.githubusercontent.com/cooknation/itv/refs/heads/main/itv_price.pdf
CKNITVQUASAR_90_A;QUASAR_90_A;ITV;Ice maker;Ice maker, paddle system, hollow cube 20gr.,;ALL-TERRAIN SO THAT PRODUCTION NEVER FAILS. Designed to produce ice in the most adverse conditions of water quality and in the least suitable sites, the QUASAR machines have an average life span of 18 years. The palette system makes electronics and water filters unnecessary. It produces a semi-hollow cube whose characteristic shape is compensated for, in order to achieve productive balance. The QUASAR machines are “tropicalized,” so that they can operate in countries with very high average temperatures. And thanks to the absence of thermostats, the QUASAR range also operates at very low temperatures. The manufacturing design is simple, reliable and without electronics. The body is all AISI 304 stainless steel which can be easily dismantled, with a collapsible door towards the interior. In the two versions (cooling by air and by water) it is manufactured in 220V/50Hz, 220V/60Hz and 115V/60Hz. The range of QUASAR machines produces an unusually-shaped, can also be altered for convenience. The weight of the ice and the volume it displaces make up for the eyelet visible at one of its ends by ensuring maximum productivity.;674;mm;557;mm;984;mm;69;Kg;3713;;EUR;;;cold>ice maker;ITV, icemaker, bar, cube, ice, hollow cube;;;;simple;;Production (kg/24h);75;Ice type;Hollow Cube;Storage;37;ice size (gr);20;Condensation;Air;Gas type;R 290;active;https://raw.githubusercontent.com/cooknation/itv/refs/heads/main/itv_video_QUASAR_90_A.mp4;https://raw.githubusercontent.com/cooknation/itv/refs/heads/main/itv_image_QUASAR_90_A.jpg;https://raw.githubusercontent.com/cooknation/itv/refs/heads/main/itv_image_2_QUASAR_90_A.jpg;https://raw.githubusercontent.com/cooknation/itv/refs/heads/main/itv_image_3_QUASAR_90_A.jpg;https://raw.githubusercontent.com/cooknation/itv/refs/heads/main/itv_datasheet_QUASAR_90_A.pdf;https://raw.githubusercontent.com/cooknation/itv/refs/heads/main/itv_manual_QUASAR_90_A.pdf;https://raw.githubusercontent.com/cooknation/itv/refs/heads/main/itv_technicalmanual_QUASAR_90_A.pdf;https://raw.githubusercontent.com/cooknation/itv/refs/heads/main/itv_drawing_QUASAR_90_A.pdf;https://raw.githubusercontent.com/cooknation/itv/refs/heads/main/itv_catalogue_QUASAR_90_A.pdf;https://raw.githubusercontent.com/cooknation/itv/refs/heads/main/itv_photo_QUASAR_90_A.jpg;https://raw.githubusercontent.com/cooknation/itv/refs/heads/main/itv_card_QUASAR_90_A.pdf;https://raw.githubusercontent.com/cooknation/itv/refs/heads/main/itv_brandcatalogue.pdf;https://raw.githubusercontent.com/cooknation/itv/refs/heads/main/itv_price.pdf
CKNITVQUASAR_90_W;QUASAR_90_W;ITV;Ice maker;Ice maker, paddle system, hollow cube 20gr.,;ALL-TERRAIN SO THAT PRODUCTION NEVER FAILS. Designed to produce ice in the most adverse conditions of water quality and in the least suitable sites, the QUASAR machines have an average life span of 18 years. The palette system makes electronics and water filters unnecessary. It produces a semi-hollow cube whose characteristic shape is compensated for, in order to achieve productive balance. The QUASAR machines are “tropicalized,” so that they can operate in countries with very high average temperatures. And thanks to the absence of thermostats, the QUASAR range also operates at very low temperatures. The manufacturing design is simple, reliable and without electronics. The body is all AISI 304 stainless steel which can be easily dismantled, with a collapsible door towards the interior. In the two versions (cooling by air and by water) it is manufactured in 220V/50Hz, 220V/60Hz and 115V/60Hz. The range of QUASAR machines produces an unusually-shaped, can also be altered for convenience. The weight of the ice and the volume it displaces make up for the eyelet visible at one of its ends by ensuring maximum productivity.;674;mm;557;mm;984;mm;69;Kg;3920;;EUR;;;cold>ice maker;ITV, icemaker, bar, cube, ice, hollow cube;;;;simple;;Production (kg/24h);81;Ice type;Hollow Cube;Storage;37;ice size (gr);20;Condensation;Water;Gas type;R 290;active;https://raw.githubusercontent.com/cooknation/itv/refs/heads/main/itv_video_QUASAR_90_W.mp4;https://raw.githubusercontent.com/cooknation/itv/refs/heads/main/itv_image_QUASAR_90_W.jpg;https://raw.githubusercontent.com/cooknation/itv/refs/heads/main/itv_image_2_QUASAR_90_W.jpg;https://raw.githubusercontent.com/cooknation/itv/refs/heads/main/itv_image_3_QUASAR_90_W.jpg;https://raw.githubusercontent.com/cooknation/itv/refs/heads/main/itv_datasheet_QUASAR_90_W.pdf;https://raw.githubusercontent.com/cooknation/itv/refs/heads/main/itv_manual_QUASAR_90_W.pdf;https://raw.githubusercontent.com/cooknation/itv/refs/heads/main/itv_technicalmanual_QUASAR_90_W.pdf;https://raw.githubusercontent.com/cooknation/itv/refs/heads/main/itv_drawing_QUASAR_90_W.pdf;https://raw.githubusercontent.com/cooknation/itv/refs/heads/main/itv_catalogue_QUASAR_90_W.pdf;https://raw.githubusercontent.com/cooknation/itv/refs/heads/main/itv_photo_QUASAR_90_W.jpg;https://raw.githubusercontent.com/cooknation/itv/refs/heads/main/itv_card_QUASAR_90_W.pdf;https://raw.githubusercontent.com/cooknation/itv/refs/heads/main/itv_brandcatalogue.pdf;https://raw.githubusercontent.com/cooknation/itv/refs/heads/main/itv_price.pdf
CKNITVRC10S;RC10S;ITV;Condensation;Condensation;;425;mm;746;mm;566;mm;40;Kg;1900;;EUR;;;cold>condensation;ITV, icemaker, bar;;;;simple;;;;;;;;;;Condensation;Air ;;;active;https://raw.githubusercontent.com/cooknation/itv/refs/heads/main/itv_video_RC10S.mp4;https://raw.githubusercontent.com/cooknation/itv/refs/heads/main/itv_image_RC10S.jpg;https://raw.githubusercontent.com/cooknation/itv/refs/heads/main/itv_image_2_RC10S.jpg;https://raw.githubusercontent.com/cooknation/itv/refs/heads/main/itv_image_3_RC10S.jpg;https://raw.githubusercontent.com/cooknation/itv/refs/heads/main/itv_datasheet_RC10S.pdf;https://raw.githubusercontent.com/cooknation/itv/refs/heads/main/itv_manual_RC10S.pdf;https://raw.githubusercontent.com/cooknation/itv/refs/heads/main/itv_technicalmanual_RC10S.pdf;https://raw.githubusercontent.com/cooknation/itv/refs/heads/main/itv_drawing_RC10S.pdf;https://raw.githubusercontent.com/cooknation/itv/refs/heads/main/itv_catalogue_RC10S.pdf;https://raw.githubusercontent.com/cooknation/itv/refs/heads/main/itv_photo_RC10S.jpg;https://raw.githubusercontent.com/cooknation/itv/refs/heads/main/itv_card_RC10S.pdf;https://raw.githubusercontent.com/cooknation/itv/refs/heads/main/itv_brandcatalogue.pdf;https://raw.githubusercontent.com/cooknation/itv/refs/heads/main/itv_price.pdf
CKNITVRC5S;RC5S;ITV;Condensation;Condensation;;427;mm;619;mm;417;mm;30;Kg;1630;;EUR;;;cold>condensation;ITV, icemaker, bar;;;;simple;;;;;;;;;;Condensation;Air ;;;active;https://raw.githubusercontent.com/cooknation/itv/refs/heads/main/itv_video_RC5S.mp4;https://raw.githubusercontent.com/cooknation/itv/refs/heads/main/itv_image_RC5S.jpg;https://raw.githubusercontent.com/cooknation/itv/refs/heads/main/itv_image_2_RC5S.jpg;https://raw.githubusercontent.com/cooknation/itv/refs/heads/main/itv_image_3_RC5S.jpg;https://raw.githubusercontent.com/cooknation/itv/refs/heads/main/itv_datasheet_RC5S.pdf;https://raw.githubusercontent.com/cooknation/itv/refs/heads/main/itv_manual_RC5S.pdf;https://raw.githubusercontent.com/cooknation/itv/refs/heads/main/itv_technicalmanual_RC5S.pdf;https://raw.githubusercontent.com/cooknation/itv/refs/heads/main/itv_drawing_RC5S.pdf;https://raw.githubusercontent.com/cooknation/itv/refs/heads/main/itv_catalogue_RC5S.pdf;https://raw.githubusercontent.com/cooknation/itv/refs/heads/main/itv_photo_RC5S.jpg;https://raw.githubusercontent.com/cooknation/itv/refs/heads/main/itv_card_RC5S.pdf;https://raw.githubusercontent.com/cooknation/itv/refs/heads/main/itv_brandcatalogue.pdf;https://raw.githubusercontent.com/cooknation/itv/refs/heads/main/itv_price.pdf
CKNITVRCU15;RCU15;ITV;Condensation;Condensation;;1108;mm;574;mm;690;mm;73;Kg;6034;;EUR;;;cold>condensation;ITV, icemaker, bar;;;;simple;;;;;;;;;;Condensation;Air ;;;active;https://raw.githubusercontent.com/cooknation/itv/refs/heads/main/itv_video_RCU15.mp4;https://raw.githubusercontent.com/cooknation/itv/refs/heads/main/itv_image_RCU15.jpg;https://raw.githubusercontent.com/cooknation/itv/refs/heads/main/itv_image_2_RCU15.jpg;https://raw.githubusercontent.com/cooknation/itv/refs/heads/main/itv_image_3_RCU15.jpg;https://raw.githubusercontent.com/cooknation/itv/refs/heads/main/itv_datasheet_RCU15.pdf;https://raw.githubusercontent.com/cooknation/itv/refs/heads/main/itv_manual_RCU15.pdf;https://raw.githubusercontent.com/cooknation/itv/refs/heads/main/itv_technicalmanual_RCU15.pdf;https://raw.githubusercontent.com/cooknation/itv/refs/heads/main/itv_drawing_RCU15.pdf;https://raw.githubusercontent.com/cooknation/itv/refs/heads/main/itv_catalogue_RCU15.pdf;https://raw.githubusercontent.com/cooknation/itv/refs/heads/main/itv_photo_RCU15.jpg;https://raw.githubusercontent.com/cooknation/itv/refs/heads/main/itv_card_RCU15.pdf;https://raw.githubusercontent.com/cooknation/itv/refs/heads/main/itv_brandcatalogue.pdf;https://raw.githubusercontent.com/cooknation/itv/refs/heads/main/itv_price.pdf
CKNITVRCU30;RCU30;ITV;Condensation;Condensation;;1100;mm;654;mm;1465;mm;131;Kg;10088;;EUR;;;cold>condensation;ITV, icemaker, bar;;;;simple;;;;;;;;;;Condensation;Air ;;;active;https://raw.githubusercontent.com/cooknation/itv/refs/heads/main/itv_video_RCU30.mp4;https://raw.githubusercontent.com/cooknation/itv/refs/heads/main/itv_image_RCU30.jpg;https://raw.githubusercontent.com/cooknation/itv/refs/heads/main/itv_image_2_RCU30.jpg;https://raw.githubusercontent.com/cooknation/itv/refs/heads/main/itv_image_3_RCU30.jpg;https://raw.githubusercontent.com/cooknation/itv/refs/heads/main/itv_datasheet_RCU30.pdf;https://raw.githubusercontent.com/cooknation/itv/refs/heads/main/itv_manual_RCU30.pdf;https://raw.githubusercontent.com/cooknation/itv/refs/heads/main/itv_technicalmanual_RCU30.pdf;https://raw.githubusercontent.com/cooknation/itv/refs/heads/main/itv_drawing_RCU30.pdf;https://raw.githubusercontent.com/cooknation/itv/refs/heads/main/itv_catalogue_RCU30.pdf;https://raw.githubusercontent.com/cooknation/itv/refs/heads/main/itv_photo_RCU30.jpg;https://raw.githubusercontent.com/cooknation/itv/refs/heads/main/itv_card_RCU30.pdf;https://raw.githubusercontent.com/cooknation/itv/refs/heads/main/itv_brandcatalogue.pdf;https://raw.githubusercontent.com/cooknation/itv/refs/heads/main/itv_price.pdf
CKNITVSCALA_10_TN;SCALA_10_TN;ITV;Ice maker;Ice maker, flakes;RELIABILITY AND QUALITY IN INDUSTRIAL QUANTITIES. SCALA is the most compact, very cold and dry flat flake ice machine, with high production rates, on the market. Simplicity, functionality and competitiveness underpin its recognised prestige in the world of refrigeration equipment. A machine designed to reduce maintenance interventions, ensuring the machine’s active life and prolonging its longevity. All of ITV’s experience in the world of refrigeration and ice applied to the design of the SCALA for the most industrial use. The SCALA COMPACTA is designed with the generator and condensing unit on the same base plate. To install it, simply place it in the space, connect it and it will start making ice instantly.;5575;mm;1300;mm;1920;mm;1950;Kg;129795;;EUR;;;cold>ice maker;ITV, icemaker, bar, flake, ice;;;;simple;;Production (kg/24h);10000;Ice type;Flakes ;Storage;45;;;Condensation;Air;Gas type;R 449A;active;https://raw.githubusercontent.com/cooknation/itv/refs/heads/main/itv_video_SCALA_10_TN.mp4;https://raw.githubusercontent.com/cooknation/itv/refs/heads/main/itv_image_SCALA_10_TN.jpg;https://raw.githubusercontent.com/cooknation/itv/refs/heads/main/itv_image_2_SCALA_10_TN.jpg;https://raw.githubusercontent.com/cooknation/itv/refs/heads/main/itv_image_3_SCALA_10_TN.jpg;https://raw.githubusercontent.com/cooknation/itv/refs/heads/main/itv_datasheet_SCALA_10_TN.pdf;https://raw.githubusercontent.com/cooknation/itv/refs/heads/main/itv_manual_SCALA_10_TN.pdf;https://raw.githubusercontent.com/cooknation/itv/refs/heads/main/itv_technicalmanual_SCALA_10_TN.pdf;https://raw.githubusercontent.com/cooknation/itv/refs/heads/main/itv_drawing_SCALA_10_TN.pdf;https://raw.githubusercontent.com/cooknation/itv/refs/heads/main/itv_catalogue_SCALA_10_TN.pdf;https://raw.githubusercontent.com/cooknation/itv/refs/heads/main/itv_photo_SCALA_10_TN.jpg;https://raw.githubusercontent.com/cooknation/itv/refs/heads/main/itv_card_SCALA_10_TN.pdf;https://raw.githubusercontent.com/cooknation/itv/refs/heads/main/itv_brandcatalogue.pdf;https://raw.githubusercontent.com/cooknation/itv/refs/heads/main/itv_price.pdf
CKNITVSCALA_10_TN_REMOTE_+_RCU;SCALA_10_TN_REMOTE_+_RCU;ITV;Ice maker;Ice maker, flakes;RELIABILITY AND QUALITY IN INDUSTRIAL QUANTITIES. SCALA is the most compact, very cold and dry flat flake ice machine, with high production rates, on the market. Simplicity, functionality and competitiveness underpin its recognised prestige in the world of refrigeration equipment. Manufactured with non-corrosive, lightweight and highly resistant materials, ensuring the machine’s active life and prolonging its longevity. All of ITV’s experience in the world of refrigeration and ice applied to the design of the SCALA for the most industrial use. The SCALA REMOTE is supplied with the generator on one base and the condensing unit on a separate base for remote connection. The condensing unit is outdoor ready and is supplied pre-charged for a distance of up to 15m.;1850;mm;1150;mm;1800;mm;1400;Kg;129795;;EUR;;;cold>ice maker;ITV, icemaker, bar, flake, ice;;;;simple;;Production (kg/24h);10 000;Ice type;Flakes ;Storage;45;;;Condensation;Air;Gas type;R 449A;active;https://raw.githubusercontent.com/cooknation/itv/refs/heads/main/itv_video_SCALA_10_TN_REMOTE_+_RCU.mp4;https://raw.githubusercontent.com/cooknation/itv/refs/heads/main/itv_image_SCALA_10_TN_REMOTE_+_RCU.jpg;https://raw.githubusercontent.com/cooknation/itv/refs/heads/main/itv_image_2_SCALA_10_TN_REMOTE_+_RCU.jpg;https://raw.githubusercontent.com/cooknation/itv/refs/heads/main/itv_image_3_SCALA_10_TN_REMOTE_+_RCU.jpg;https://raw.githubusercontent.com/cooknation/itv/refs/heads/main/itv_datasheet_SCALA_10_TN_REMOTE_+_RCU.pdf;https://raw.githubusercontent.com/cooknation/itv/refs/heads/main/itv_manual_SCALA_10_TN_REMOTE_+_RCU.pdf;https://raw.githubusercontent.com/cooknation/itv/refs/heads/main/itv_technicalmanual_SCALA_10_TN_REMOTE_+_RCU.pdf;https://raw.githubusercontent.com/cooknation/itv/refs/heads/main/itv_drawing_SCALA_10_TN_REMOTE_+_RCU.pdf;https://raw.githubusercontent.com/cooknation/itv/refs/heads/main/itv_catalogue_SCALA_10_TN_REMOTE_+_RCU.pdf;https://raw.githubusercontent.com/cooknation/itv/refs/heads/main/itv_photo_SCALA_10_TN_REMOTE_+_RCU.jpg;https://raw.githubusercontent.com/cooknation/itv/refs/heads/main/itv_card_SCALA_10_TN_REMOTE_+_RCU.pdf;https://raw.githubusercontent.com/cooknation/itv/refs/heads/main/itv_brandcatalogue.pdf;https://raw.githubusercontent.com/cooknation/itv/refs/heads/main/itv_price.pdf
CKNITVSCALA_10_TN_SPLIT;SCALA_10_TN_SPLIT;ITV;Ice maker;Ice maker, flakes;RELIABILITY AND QUALITY IN INDUSTRIAL QUANTITIES. SCALA is the most compact, very cold and dry flat flake ice machine, with high production rates, on the market. Simplicity, functionality and competitiveness underpin its recognised prestige in the world of refrigeration equipment. Manufactured with non-corrosive, light and highly resistant materials, it ensures long durability and easy maintenance. All of ITV’s experience in the world of refrigeration and ice applied to the design of the SCALA for the most industrial use. The SCALA SPLIT requires connection to a refrigeration plant or a refrigeration unit to produce ice. For connection, the installer will need a KVP valve, which is not included in the scope of supply of the generator.;1850;mm;1150;mm;1800;mm;950;Kg;55313;;EUR;;;cold>ice maker;ITV, icemaker, bar, flake, ice;;;;simple;;Production (kg/24h);10000;Ice type;Flakes ;Storage;55000;;;Condensation;;Gas type;R 449A;active;https://raw.githubusercontent.com/cooknation/itv/refs/heads/main/itv_video_SCALA_10_TN_SPLIT.mp4;https://raw.githubusercontent.com/cooknation/itv/refs/heads/main/itv_image_SCALA_10_TN_SPLIT.jpg;https://raw.githubusercontent.com/cooknation/itv/refs/heads/main/itv_image_2_SCALA_10_TN_SPLIT.jpg;https://raw.githubusercontent.com/cooknation/itv/refs/heads/main/itv_image_3_SCALA_10_TN_SPLIT.jpg;https://raw.githubusercontent.com/cooknation/itv/refs/heads/main/itv_datasheet_SCALA_10_TN_SPLIT.pdf;https://raw.githubusercontent.com/cooknation/itv/refs/heads/main/itv_manual_SCALA_10_TN_SPLIT.pdf;https://raw.githubusercontent.com/cooknation/itv/refs/heads/main/itv_technicalmanual_SCALA_10_TN_SPLIT.pdf;https://raw.githubusercontent.com/cooknation/itv/refs/heads/main/itv_drawing_SCALA_10_TN_SPLIT.pdf;https://raw.githubusercontent.com/cooknation/itv/refs/heads/main/itv_catalogue_SCALA_10_TN_SPLIT.pdf;https://raw.githubusercontent.com/cooknation/itv/refs/heads/main/itv_photo_SCALA_10_TN_SPLIT.jpg;https://raw.githubusercontent.com/cooknation/itv/refs/heads/main/itv_card_SCALA_10_TN_SPLIT.pdf;https://raw.githubusercontent.com/cooknation/itv/refs/heads/main/itv_brandcatalogue.pdf;https://raw.githubusercontent.com/cooknation/itv/refs/heads/main/itv_price.pdf
CKNITVSCALA_1000;SCALA_1000;ITV;Ice maker;Ice maker, flakes;RELIABILITY AND QUALITY IN INDUSTRIAL QUANTITIES. SCALA is the most compact, very cold and dry flat flake ice machine, with high production rates, on the market. Simplicity, functionality and competitiveness underpin its recognised prestige in the world of refrigeration equipment. A machine designed to reduce maintenance interventions, ensuring the machine’s active life and prolonging its longevity. All of ITV’s experience in the world of refrigeration and ice applied to the design of the SCALA for the most industrial use. The SCALA COMPACTA is designed with the generator and condensing unit on the same base plate. To install it, simply place it in the space, connect it and it will start making ice instantly.;1360;mm;1050;mm;1000;mm;249;Kg;24425;;EUR;;;cold>ice maker;ITV, icemaker, bar, flake, ice;;;;simple;;Production (kg/24h);1000;Ice type;Flakes ;Storage;4;;;Condensation;Air;Gas type;R 449A;active;https://raw.githubusercontent.com/cooknation/itv/refs/heads/main/itv_video_SCALA_1000.mp4;https://raw.githubusercontent.com/cooknation/itv/refs/heads/main/itv_image_SCALA_1000.jpg;https://raw.githubusercontent.com/cooknation/itv/refs/heads/main/itv_image_2_SCALA_1000.jpg;https://raw.githubusercontent.com/cooknation/itv/refs/heads/main/itv_image_3_SCALA_1000.jpg;https://raw.githubusercontent.com/cooknation/itv/refs/heads/main/itv_datasheet_SCALA_1000.pdf;https://raw.githubusercontent.com/cooknation/itv/refs/heads/main/itv_manual_SCALA_1000.pdf;https://raw.githubusercontent.com/cooknation/itv/refs/heads/main/itv_technicalmanual_SCALA_1000.pdf;https://raw.githubusercontent.com/cooknation/itv/refs/heads/main/itv_drawing_SCALA_1000.pdf;https://raw.githubusercontent.com/cooknation/itv/refs/heads/main/itv_catalogue_SCALA_1000.pdf;https://raw.githubusercontent.com/cooknation/itv/refs/heads/main/itv_photo_SCALA_1000.jpg;https://raw.githubusercontent.com/cooknation/itv/refs/heads/main/itv_card_SCALA_1000.pdf;https://raw.githubusercontent.com/cooknation/itv/refs/heads/main/itv_brandcatalogue.pdf;https://raw.githubusercontent.com/cooknation/itv/refs/heads/main/itv_price.pdf
CKNITVSCALA_1000_C;SCALA_1000_C;ITV;Ice maker;Ice maker, flakes;RELIABILITY AND QUALITY IN INDUSTRIAL QUANTITIES. SCALA is the most compact, very cold and dry flat flake ice machine, with high production rates, on the market. Simplicity, functionality and competitiveness underpin its recognised prestige in the world of refrigeration equipment. A machine designed to reduce maintenance interventions, ensuring the machine’s active life and prolonging its longevity. All of ITV’s experience in the world of refrigeration and ice applied to the design of the SCALA for the most industrial use. The SCALA COMPACTA is designed with the generator and condensing unit on the same base plate. To install it, simply place it in the space, connect it and it will start making ice instantly.;1360;mm;1050;mm;1000;mm;249;Kg;25642;;EUR;;;cold>ice maker;ITV, icemaker, bar, flake, ice;;;;simple;;Production (kg/24h);1000;Ice type;Flakes ;Storage;4;;;Condensation;Air;Gas type;R 449A;active;https://raw.githubusercontent.com/cooknation/itv/refs/heads/main/itv_video_SCALA_1000_C.mp4;https://raw.githubusercontent.com/cooknation/itv/refs/heads/main/itv_image_SCALA_1000_C.jpg;https://raw.githubusercontent.com/cooknation/itv/refs/heads/main/itv_image_2_SCALA_1000_C.jpg;https://raw.githubusercontent.com/cooknation/itv/refs/heads/main/itv_image_3_SCALA_1000_C.jpg;https://raw.githubusercontent.com/cooknation/itv/refs/heads/main/itv_datasheet_SCALA_1000_C.pdf;https://raw.githubusercontent.com/cooknation/itv/refs/heads/main/itv_manual_SCALA_1000_C.pdf;https://raw.githubusercontent.com/cooknation/itv/refs/heads/main/itv_technicalmanual_SCALA_1000_C.pdf;https://raw.githubusercontent.com/cooknation/itv/refs/heads/main/itv_drawing_SCALA_1000_C.pdf;https://raw.githubusercontent.com/cooknation/itv/refs/heads/main/itv_catalogue_SCALA_1000_C.pdf;https://raw.githubusercontent.com/cooknation/itv/refs/heads/main/itv_photo_SCALA_1000_C.jpg;https://raw.githubusercontent.com/cooknation/itv/refs/heads/main/itv_card_SCALA_1000_C.pdf;https://raw.githubusercontent.com/cooknation/itv/refs/heads/main/itv_brandcatalogue.pdf;https://raw.githubusercontent.com/cooknation/itv/refs/heads/main/itv_price.pdf
CKNITVSCALA_1000_REMOTE_+_RCU;SCALA_1000_REMOTE_+_RCU;ITV;Ice maker;Ice maker, flakes;RELIABILITY AND QUALITY IN INDUSTRIAL QUANTITIES. SCALA is the most compact, very cold and dry flat flake ice machine, with high production rates, on the market. Simplicity, functionality and competitiveness underpin its recognised prestige in the world of refrigeration equipment. Manufactured with non-corrosive, lightweight and highly resistant materials, ensuring the machine’s active life and prolonging its longevity. All of ITV’s experience in the world of refrigeration and ice applied to the design of the SCALA for the most industrial use. The SCALA REMOTE is supplied with the generator on one base and the condensing unit on a separate base for remote connection. The condensing unit is outdoor ready and is supplied pre-charged for a distance of up to 15m.;1050;mm;750;mm;870;mm;170;Kg;26975;;EUR;;;cold>ice maker;ITV, icemaker, bar, flake, ice;;;;simple;;Production (kg/24h);1 000;Ice type;Flakes ;Storage;4;;;Condensation;Air;Gas type;R 449A;active;https://raw.githubusercontent.com/cooknation/itv/refs/heads/main/itv_video_SCALA_1000_REMOTE_+_RCU.mp4;https://raw.githubusercontent.com/cooknation/itv/refs/heads/main/itv_image_SCALA_1000_REMOTE_+_RCU.jpg;https://raw.githubusercontent.com/cooknation/itv/refs/heads/main/itv_image_2_SCALA_1000_REMOTE_+_RCU.jpg;https://raw.githubusercontent.com/cooknation/itv/refs/heads/main/itv_image_3_SCALA_1000_REMOTE_+_RCU.jpg;https://raw.githubusercontent.com/cooknation/itv/refs/heads/main/itv_datasheet_SCALA_1000_REMOTE_+_RCU.pdf;https://raw.githubusercontent.com/cooknation/itv/refs/heads/main/itv_manual_SCALA_1000_REMOTE_+_RCU.pdf;https://raw.githubusercontent.com/cooknation/itv/refs/heads/main/itv_technicalmanual_SCALA_1000_REMOTE_+_RCU.pdf;https://raw.githubusercontent.com/cooknation/itv/refs/heads/main/itv_drawing_SCALA_1000_REMOTE_+_RCU.pdf;https://raw.githubusercontent.com/cooknation/itv/refs/heads/main/itv_catalogue_SCALA_1000_REMOTE_+_RCU.pdf;https://raw.githubusercontent.com/cooknation/itv/refs/heads/main/itv_photo_SCALA_1000_REMOTE_+_RCU.jpg;https://raw.githubusercontent.com/cooknation/itv/refs/heads/main/itv_card_SCALA_1000_REMOTE_+_RCU.pdf;https://raw.githubusercontent.com/cooknation/itv/refs/heads/main/itv_brandcatalogue.pdf;https://raw.githubusercontent.com/cooknation/itv/refs/heads/main/itv_price.pdf
CKNITVSCALA_1000_SPLIT;SCALA_1000_SPLIT;ITV;Ice maker;Ice maker, flakes;RELIABILITY AND QUALITY IN INDUSTRIAL QUANTITIES. SCALA is the most compact, very cold and dry flat flake ice machine, with high production rates, on the market. Simplicity, functionality and competitiveness underpin its recognised prestige in the world of refrigeration equipment. Manufactured with non-corrosive, light and highly resistant materials, it ensures long durability and easy maintenance. All of ITV’s experience in the world of refrigeration and ice applied to the design of the SCALA for the most industrial use. The SCALA SPLIT requires connection to a refrigeration plant or a refrigeration unit to produce ice. For connection, the installer will need a KVP valve, which is not included in the scope of supply of the generator.;1050;mm;750;mm;870;mm;170;Kg;17500;;EUR;;;cold>ice maker;ITV, icemaker, bar, flake, ice;;;;simple;;Production (kg/24h);1000;Ice type;Flakes ;Storage;5500;;;Condensation;;Gas type;R 449A;active;https://raw.githubusercontent.com/cooknation/itv/refs/heads/main/itv_video_SCALA_1000_SPLIT.mp4;https://raw.githubusercontent.com/cooknation/itv/refs/heads/main/itv_image_SCALA_1000_SPLIT.jpg;https://raw.githubusercontent.com/cooknation/itv/refs/heads/main/itv_image_2_SCALA_1000_SPLIT.jpg;https://raw.githubusercontent.com/cooknation/itv/refs/heads/main/itv_image_3_SCALA_1000_SPLIT.jpg;https://raw.githubusercontent.com/cooknation/itv/refs/heads/main/itv_datasheet_SCALA_1000_SPLIT.pdf;https://raw.githubusercontent.com/cooknation/itv/refs/heads/main/itv_manual_SCALA_1000_SPLIT.pdf;https://raw.githubusercontent.com/cooknation/itv/refs/heads/main/itv_technicalmanual_SCALA_1000_SPLIT.pdf;https://raw.githubusercontent.com/cooknation/itv/refs/heads/main/itv_drawing_SCALA_1000_SPLIT.pdf;https://raw.githubusercontent.com/cooknation/itv/refs/heads/main/itv_catalogue_SCALA_1000_SPLIT.pdf;https://raw.githubusercontent.com/cooknation/itv/refs/heads/main/itv_photo_SCALA_1000_SPLIT.jpg;https://raw.githubusercontent.com/cooknation/itv/refs/heads/main/itv_card_SCALA_1000_SPLIT.pdf;https://raw.githubusercontent.com/cooknation/itv/refs/heads/main/itv_brandcatalogue.pdf;https://raw.githubusercontent.com/cooknation/itv/refs/heads/main/itv_price.pdf
CKNITVSCALA_1000_SPLIT_CO2;SCALA_1000_SPLIT_CO2;ITV;Ice maker;Ice maker, flakes;RELIABILITY AND QUALITY IN INDUSTRIAL QUANTITIES. SCALA is the most compact, very cold and dry flat flake ice machine, with high production rates, on the market. Simplicity, functionality and competitiveness underpin its recognised prestige in the world of refrigeration equipment. Manufactured with non-corrosive, light and highly resistant materials, it ensures long durability and easy maintenance. All of ITV’s experience in the world of refrigeration and ice applied to the design of the SCALA for the most industrial use. The SCALA SPLIT CO2 requires connection to a refrigeration plant or a refrigeration unit to produce ice. This model is designed with CO2 refrigerant in order to offer a more ecological and sustainable alternative.;850;mm;700;mm;870;mm;162;Kg;23926;;EUR;;;cold>ice maker;ITV, icemaker, bar, flake, ice;;;;simple;;Production (kg/24h);1000;Ice type;Flakes ;Storage;2200;;;Condensation;;Gas type;CO2;active;https://raw.githubusercontent.com/cooknation/itv/refs/heads/main/itv_video_SCALA_1000_SPLIT_CO2.mp4;https://raw.githubusercontent.com/cooknation/itv/refs/heads/main/itv_image_SCALA_1000_SPLIT_CO2.jpg;https://raw.githubusercontent.com/cooknation/itv/refs/heads/main/itv_image_2_SCALA_1000_SPLIT_CO2.jpg;https://raw.githubusercontent.com/cooknation/itv/refs/heads/main/itv_image_3_SCALA_1000_SPLIT_CO2.jpg;https://raw.githubusercontent.com/cooknation/itv/refs/heads/main/itv_datasheet_SCALA_1000_SPLIT_CO2.pdf;https://raw.githubusercontent.com/cooknation/itv/refs/heads/main/itv_manual_SCALA_1000_SPLIT_CO2.pdf;https://raw.githubusercontent.com/cooknation/itv/refs/heads/main/itv_technicalmanual_SCALA_1000_SPLIT_CO2.pdf;https://raw.githubusercontent.com/cooknation/itv/refs/heads/main/itv_drawing_SCALA_1000_SPLIT_CO2.pdf;https://raw.githubusercontent.com/cooknation/itv/refs/heads/main/itv_catalogue_SCALA_1000_SPLIT_CO2.pdf;https://raw.githubusercontent.com/cooknation/itv/refs/heads/main/itv_photo_SCALA_1000_SPLIT_CO2.jpg;https://raw.githubusercontent.com/cooknation/itv/refs/heads/main/itv_card_SCALA_1000_SPLIT_CO2.pdf;https://raw.githubusercontent.com/cooknation/itv/refs/heads/main/itv_brandcatalogue.pdf;https://raw.githubusercontent.com/cooknation/itv/refs/heads/main/itv_price.pdf
CKNITVSCALA_1500;SCALA_1500;ITV;Ice maker;Ice maker, flakes;RELIABILITY AND QUALITY IN INDUSTRIAL QUANTITIES. SCALA is the most compact, very cold and dry flat flake ice machine, with high production rates, on the market. Simplicity, functionality and competitiveness underpin its recognised prestige in the world of refrigeration equipment. A machine designed to reduce maintenance interventions, ensuring the machine’s active life and prolonging its longevity. All of ITV’s experience in the world of refrigeration and ice applied to the design of the SCALA for the most industrial use. The SCALA COMPACTA is designed with the generator and condensing unit on the same base plate. To install it, simply place it in the space, connect it and it will start making ice instantly.;1420;mm;1645;mm;1447;mm;490;Kg;35599;;EUR;;;cold>ice maker;ITV, icemaker, bar, flake, ice;;;;simple;;Production (kg/24h);1500;Ice type;Flakes ;Storage;6;;;Condensation;Air;Gas type;R 449A;active;https://raw.githubusercontent.com/cooknation/itv/refs/heads/main/itv_video_SCALA_1500.mp4;https://raw.githubusercontent.com/cooknation/itv/refs/heads/main/itv_image_SCALA_1500.jpg;https://raw.githubusercontent.com/cooknation/itv/refs/heads/main/itv_image_2_SCALA_1500.jpg;https://raw.githubusercontent.com/cooknation/itv/refs/heads/main/itv_image_3_SCALA_1500.jpg;https://raw.githubusercontent.com/cooknation/itv/refs/heads/main/itv_datasheet_SCALA_1500.pdf;https://raw.githubusercontent.com/cooknation/itv/refs/heads/main/itv_manual_SCALA_1500.pdf;https://raw.githubusercontent.com/cooknation/itv/refs/heads/main/itv_technicalmanual_SCALA_1500.pdf;https://raw.githubusercontent.com/cooknation/itv/refs/heads/main/itv_drawing_SCALA_1500.pdf;https://raw.githubusercontent.com/cooknation/itv/refs/heads/main/itv_catalogue_SCALA_1500.pdf;https://raw.githubusercontent.com/cooknation/itv/refs/heads/main/itv_photo_SCALA_1500.jpg;https://raw.githubusercontent.com/cooknation/itv/refs/heads/main/itv_card_SCALA_1500.pdf;https://raw.githubusercontent.com/cooknation/itv/refs/heads/main/itv_brandcatalogue.pdf;https://raw.githubusercontent.com/cooknation/itv/refs/heads/main/itv_price.pdf
CKNITVSCALA_1500_REMOTE_+_RCU;SCALA_1500_REMOTE_+_RCU;ITV;Ice maker;Ice maker, flakes;RELIABILITY AND QUALITY IN INDUSTRIAL QUANTITIES. SCALA is the most compact, very cold and dry flat flake ice machine, with high production rates, on the market. Simplicity, functionality and competitiveness underpin its recognised prestige in the world of refrigeration equipment. Manufactured with non-corrosive, lightweight and highly resistant materials, ensuring the machine’s active life and prolonging its longevity. All of ITV’s experience in the world of refrigeration and ice applied to the design of the SCALA for the most industrial use. The SCALA REMOTE is supplied with the generator on one base and the condensing unit on a separate base for remote connection. The condensing unit is outdoor ready and is supplied pre-charged for a distance of up to 15m.;1050;mm;750;mm;1060;mm;200;Kg;32842;;EUR;;;cold>ice maker;ITV, icemaker, bar, flake, ice;;;;simple;;Production (kg/24h);1 500;Ice type;Flakes ;Storage;3 + 3;;;Condensation;Air;Gas type;R 449A;active;https://raw.githubusercontent.com/cooknation/itv/refs/heads/main/itv_video_SCALA_1500_REMOTE_+_RCU.mp4;https://raw.githubusercontent.com/cooknation/itv/refs/heads/main/itv_image_SCALA_1500_REMOTE_+_RCU.jpg;https://raw.githubusercontent.com/cooknation/itv/refs/heads/main/itv_image_2_SCALA_1500_REMOTE_+_RCU.jpg;https://raw.githubusercontent.com/cooknation/itv/refs/heads/main/itv_image_3_SCALA_1500_REMOTE_+_RCU.jpg;https://raw.githubusercontent.com/cooknation/itv/refs/heads/main/itv_datasheet_SCALA_1500_REMOTE_+_RCU.pdf;https://raw.githubusercontent.com/cooknation/itv/refs/heads/main/itv_manual_SCALA_1500_REMOTE_+_RCU.pdf;https://raw.githubusercontent.com/cooknation/itv/refs/heads/main/itv_technicalmanual_SCALA_1500_REMOTE_+_RCU.pdf;https://raw.githubusercontent.com/cooknation/itv/refs/heads/main/itv_drawing_SCALA_1500_REMOTE_+_RCU.pdf;https://raw.githubusercontent.com/cooknation/itv/refs/heads/main/itv_catalogue_SCALA_1500_REMOTE_+_RCU.pdf;https://raw.githubusercontent.com/cooknation/itv/refs/heads/main/itv_photo_SCALA_1500_REMOTE_+_RCU.jpg;https://raw.githubusercontent.com/cooknation/itv/refs/heads/main/itv_card_SCALA_1500_REMOTE_+_RCU.pdf;https://raw.githubusercontent.com/cooknation/itv/refs/heads/main/itv_brandcatalogue.pdf;https://raw.githubusercontent.com/cooknation/itv/refs/heads/main/itv_price.pdf
CKNITVSCALA_1500_SPLIT;SCALA_1500_SPLIT;ITV;Ice maker;Ice maker, flakes;RELIABILITY AND QUALITY IN INDUSTRIAL QUANTITIES. SCALA is the most compact, very cold and dry flat flake ice machine, with high production rates, on the market. Simplicity, functionality and competitiveness underpin its recognised prestige in the world of refrigeration equipment. Manufactured with non-corrosive, light and highly resistant materials, it ensures long durability and easy maintenance. All of ITV’s experience in the world of refrigeration and ice applied to the design of the SCALA for the most industrial use. The SCALA SPLIT requires connection to a refrigeration plant or a refrigeration unit to produce ice. For connection, the installer will need a KVP valve, which is not included in the scope of supply of the generator.;1050;mm;750;mm;1060;mm;200;Kg;17585;;EUR;;;cold>ice maker;ITV, icemaker, bar, flake, ice;;;;simple;;Production (kg/24h);1500;Ice type;Flakes ;Storage;8250;;;Condensation;;Gas type;R 449A;active;https://raw.githubusercontent.com/cooknation/itv/refs/heads/main/itv_video_SCALA_1500_SPLIT.mp4;https://raw.githubusercontent.com/cooknation/itv/refs/heads/main/itv_image_SCALA_1500_SPLIT.jpg;https://raw.githubusercontent.com/cooknation/itv/refs/heads/main/itv_image_2_SCALA_1500_SPLIT.jpg;https://raw.githubusercontent.com/cooknation/itv/refs/heads/main/itv_image_3_SCALA_1500_SPLIT.jpg;https://raw.githubusercontent.com/cooknation/itv/refs/heads/main/itv_datasheet_SCALA_1500_SPLIT.pdf;https://raw.githubusercontent.com/cooknation/itv/refs/heads/main/itv_manual_SCALA_1500_SPLIT.pdf;https://raw.githubusercontent.com/cooknation/itv/refs/heads/main/itv_technicalmanual_SCALA_1500_SPLIT.pdf;https://raw.githubusercontent.com/cooknation/itv/refs/heads/main/itv_drawing_SCALA_1500_SPLIT.pdf;https://raw.githubusercontent.com/cooknation/itv/refs/heads/main/itv_catalogue_SCALA_1500_SPLIT.pdf;https://raw.githubusercontent.com/cooknation/itv/refs/heads/main/itv_photo_SCALA_1500_SPLIT.jpg;https://raw.githubusercontent.com/cooknation/itv/refs/heads/main/itv_card_SCALA_1500_SPLIT.pdf;https://raw.githubusercontent.com/cooknation/itv/refs/heads/main/itv_brandcatalogue.pdf;https://raw.githubusercontent.com/cooknation/itv/refs/heads/main/itv_price.pdf
CKNITVSCALA_1500_SPLIT_CO2;SCALA_1500_SPLIT_CO2;ITV;Ice maker;Ice maker, flakes;RELIABILITY AND QUALITY IN INDUSTRIAL QUANTITIES. SCALA is the most compact, very cold and dry flat flake ice machine, with high production rates, on the market. Simplicity, functionality and competitiveness underpin its recognised prestige in the world of refrigeration equipment. Manufactured with non-corrosive, light and highly resistant materials, it ensures long durability and easy maintenance. All of ITV’s experience in the world of refrigeration and ice applied to the design of the SCALA for the most industrial use. The SCALA SPLIT CO2 requires connection to a refrigeration plant or a refrigeration unit to produce ice. This model is designed with CO2 refrigerant in order to offer a more ecological and sustainable alternative.;1150;mm;970;mm;1180;mm;200;Kg;24349;;EUR;;;cold>ice maker;ITV, icemaker, bar, flake, ice;;;;simple;;Production (kg/24h);1500;Ice type;Flakes ;Storage;2200;;;Condensation;;Gas type;CO2;active;https://raw.githubusercontent.com/cooknation/itv/refs/heads/main/itv_video_SCALA_1500_SPLIT_CO2.mp4;https://raw.githubusercontent.com/cooknation/itv/refs/heads/main/itv_image_SCALA_1500_SPLIT_CO2.jpg;https://raw.githubusercontent.com/cooknation/itv/refs/heads/main/itv_image_2_SCALA_1500_SPLIT_CO2.jpg;https://raw.githubusercontent.com/cooknation/itv/refs/heads/main/itv_image_3_SCALA_1500_SPLIT_CO2.jpg;https://raw.githubusercontent.com/cooknation/itv/refs/heads/main/itv_datasheet_SCALA_1500_SPLIT_CO2.pdf;https://raw.githubusercontent.com/cooknation/itv/refs/heads/main/itv_manual_SCALA_1500_SPLIT_CO2.pdf;https://raw.githubusercontent.com/cooknation/itv/refs/heads/main/itv_technicalmanual_SCALA_1500_SPLIT_CO2.pdf;https://raw.githubusercontent.com/cooknation/itv/refs/heads/main/itv_drawing_SCALA_1500_SPLIT_CO2.pdf;https://raw.githubusercontent.com/cooknation/itv/refs/heads/main/itv_catalogue_SCALA_1500_SPLIT_CO2.pdf;https://raw.githubusercontent.com/cooknation/itv/refs/heads/main/itv_photo_SCALA_1500_SPLIT_CO2.jpg;https://raw.githubusercontent.com/cooknation/itv/refs/heads/main/itv_card_SCALA_1500_SPLIT_CO2.pdf;https://raw.githubusercontent.com/cooknation/itv/refs/heads/main/itv_brandcatalogue.pdf;https://raw.githubusercontent.com/cooknation/itv/refs/heads/main/itv_price.pdf
CKNITVSCALA_2000;SCALA_2000;ITV;Ice maker;Ice maker, flakes;RELIABILITY AND QUALITY IN INDUSTRIAL QUANTITIES. SCALA is the most compact, very cold and dry flat flake ice machine, with high production rates, on the market. Simplicity, functionality and competitiveness underpin its recognised prestige in the world of refrigeration equipment. A machine designed to reduce maintenance interventions, ensuring the machine’s active life and prolonging its longevity. All of ITV’s experience in the world of refrigeration and ice applied to the design of the SCALA for the most industrial use. The SCALA COMPACTA is designed with the generator and condensing unit on the same base plate. To install it, simply place it in the space, connect it and it will start making ice instantly.;1645;mm;1170;mm;1447;mm;513;Kg;34706;;EUR;;;cold>ice maker;ITV, icemaker, bar, flake, ice;;;;simple;;Production (kg/24h);2000;Ice type;Flakes ;Storage;8;;;Condensation;Air;Gas type;R 449A;active;https://raw.githubusercontent.com/cooknation/itv/refs/heads/main/itv_video_SCALA_2000.mp4;https://raw.githubusercontent.com/cooknation/itv/refs/heads/main/itv_image_SCALA_2000.jpg;https://raw.githubusercontent.com/cooknation/itv/refs/heads/main/itv_image_2_SCALA_2000.jpg;https://raw.githubusercontent.com/cooknation/itv/refs/heads/main/itv_image_3_SCALA_2000.jpg;https://raw.githubusercontent.com/cooknation/itv/refs/heads/main/itv_datasheet_SCALA_2000.pdf;https://raw.githubusercontent.com/cooknation/itv/refs/heads/main/itv_manual_SCALA_2000.pdf;https://raw.githubusercontent.com/cooknation/itv/refs/heads/main/itv_technicalmanual_SCALA_2000.pdf;https://raw.githubusercontent.com/cooknation/itv/refs/heads/main/itv_drawing_SCALA_2000.pdf;https://raw.githubusercontent.com/cooknation/itv/refs/heads/main/itv_catalogue_SCALA_2000.pdf;https://raw.githubusercontent.com/cooknation/itv/refs/heads/main/itv_photo_SCALA_2000.jpg;https://raw.githubusercontent.com/cooknation/itv/refs/heads/main/itv_card_SCALA_2000.pdf;https://raw.githubusercontent.com/cooknation/itv/refs/heads/main/itv_brandcatalogue.pdf;https://raw.githubusercontent.com/cooknation/itv/refs/heads/main/itv_price.pdf
CKNITVSCALA_2000_REMOTE_+_RCU;SCALA_2000_REMOTE_+_RCU;ITV;Ice maker;Ice maker, flakes;RELIABILITY AND QUALITY IN INDUSTRIAL QUANTITIES. SCALA is the most compact, very cold and dry flat flake ice machine, with high production rates, on the market. Simplicity, functionality and competitiveness underpin its recognised prestige in the world of refrigeration equipment. Manufactured with non-corrosive, lightweight and highly resistant materials, ensuring the machine’s active life and prolonging its longevity. All of ITV’s experience in the world of refrigeration and ice applied to the design of the SCALA for the most industrial use. The SCALA REMOTE is supplied with the generator on one base and the condensing unit on a separate base for remote connection. The condensing unit is outdoor ready and is supplied pre-charged for a distance of up to 15m.;1050;mm;750;mm;1080;mm;420;Kg;34945;;EUR;;;cold>ice maker;ITV, icemaker, bar, flake, ice;;;;simple;;Production (kg/24h);2 000;Ice type;Flakes ;Storage;4 + 4;;;Condensation;Air;Gas type;R 449A;active;https://raw.githubusercontent.com/cooknation/itv/refs/heads/main/itv_video_SCALA_2000_REMOTE_+_RCU.mp4;https://raw.githubusercontent.com/cooknation/itv/refs/heads/main/itv_image_SCALA_2000_REMOTE_+_RCU.jpg;https://raw.githubusercontent.com/cooknation/itv/refs/heads/main/itv_image_2_SCALA_2000_REMOTE_+_RCU.jpg;https://raw.githubusercontent.com/cooknation/itv/refs/heads/main/itv_image_3_SCALA_2000_REMOTE_+_RCU.jpg;https://raw.githubusercontent.com/cooknation/itv/refs/heads/main/itv_datasheet_SCALA_2000_REMOTE_+_RCU.pdf;https://raw.githubusercontent.com/cooknation/itv/refs/heads/main/itv_manual_SCALA_2000_REMOTE_+_RCU.pdf;https://raw.githubusercontent.com/cooknation/itv/refs/heads/main/itv_technicalmanual_SCALA_2000_REMOTE_+_RCU.pdf;https://raw.githubusercontent.com/cooknation/itv/refs/heads/main/itv_drawing_SCALA_2000_REMOTE_+_RCU.pdf;https://raw.githubusercontent.com/cooknation/itv/refs/heads/main/itv_catalogue_SCALA_2000_REMOTE_+_RCU.pdf;https://raw.githubusercontent.com/cooknation/itv/refs/heads/main/itv_photo_SCALA_2000_REMOTE_+_RCU.jpg;https://raw.githubusercontent.com/cooknation/itv/refs/heads/main/itv_card_SCALA_2000_REMOTE_+_RCU.pdf;https://raw.githubusercontent.com/cooknation/itv/refs/heads/main/itv_brandcatalogue.pdf;https://raw.githubusercontent.com/cooknation/itv/refs/heads/main/itv_price.pdf
CKNITVSCALA_2000_SPLIT;SCALA_2000_SPLIT;ITV;Ice maker;Ice maker, flakes;RELIABILITY AND QUALITY IN INDUSTRIAL QUANTITIES. SCALA is the most compact, very cold and dry flat flake ice machine, with high production rates, on the market. Simplicity, functionality and competitiveness underpin its recognised prestige in the world of refrigeration equipment. Manufactured with non-corrosive, light and highly resistant materials, it ensures long durability and easy maintenance. All of ITV’s experience in the world of refrigeration and ice applied to the design of the SCALA for the most industrial use. The SCALA SPLIT requires connection to a refrigeration plant or a refrigeration unit to produce ice. For connection, the installer will need a KVP valve, which is not included in the scope of supply of the generator.;1050;mm;750;mm;1040;mm;182;Kg;19030;;EUR;;;cold>ice maker;ITV, icemaker, bar, flake, ice;;;;simple;;Production (kg/24h);2000;Ice type;Flakes ;Storage;11000;;;Condensation;;Gas type;R 449A;active;https://raw.githubusercontent.com/cooknation/itv/refs/heads/main/itv_video_SCALA_2000_SPLIT.mp4;https://raw.githubusercontent.com/cooknation/itv/refs/heads/main/itv_image_SCALA_2000_SPLIT.jpg;https://raw.githubusercontent.com/cooknation/itv/refs/heads/main/itv_image_2_SCALA_2000_SPLIT.jpg;https://raw.githubusercontent.com/cooknation/itv/refs/heads/main/itv_image_3_SCALA_2000_SPLIT.jpg;https://raw.githubusercontent.com/cooknation/itv/refs/heads/main/itv_datasheet_SCALA_2000_SPLIT.pdf;https://raw.githubusercontent.com/cooknation/itv/refs/heads/main/itv_manual_SCALA_2000_SPLIT.pdf;https://raw.githubusercontent.com/cooknation/itv/refs/heads/main/itv_technicalmanual_SCALA_2000_SPLIT.pdf;https://raw.githubusercontent.com/cooknation/itv/refs/heads/main/itv_drawing_SCALA_2000_SPLIT.pdf;https://raw.githubusercontent.com/cooknation/itv/refs/heads/main/itv_catalogue_SCALA_2000_SPLIT.pdf;https://raw.githubusercontent.com/cooknation/itv/refs/heads/main/itv_photo_SCALA_2000_SPLIT.jpg;https://raw.githubusercontent.com/cooknation/itv/refs/heads/main/itv_card_SCALA_2000_SPLIT.pdf;https://raw.githubusercontent.com/cooknation/itv/refs/heads/main/itv_brandcatalogue.pdf;https://raw.githubusercontent.com/cooknation/itv/refs/heads/main/itv_price.pdf
CKNITVSCALA_2000_SPLIT_CO2;SCALA_2000_SPLIT_CO2;ITV;Ice maker;Ice maker, flakes;RELIABILITY AND QUALITY IN INDUSTRIAL QUANTITIES. SCALA is the most compact, very cold and dry flat flake ice machine, with high production rates, on the market. Simplicity, functionality and competitiveness underpin its recognised prestige in the world of refrigeration equipment. Manufactured with non-corrosive, light and highly resistant materials, it ensures long durability and easy maintenance. All of ITV’s experience in the world of refrigeration and ice applied to the design of the SCALA for the most industrial use. The SCALA SPLIT CO2 requires connection to a refrigeration plant or a refrigeration unit to produce ice. This model is designed with CO2 refrigerant in order to offer a more ecological and sustainable alternative.;1050;mm;750;mm;1080;mm;230;Kg;25165;;EUR;;;cold>ice maker;ITV, icemaker, bar, flake, ice;;;;simple;;Production (kg/24h);2000;Ice type;Flakes ;Storage;11000;;;Condensation;;Gas type;CO2;active;https://raw.githubusercontent.com/cooknation/itv/refs/heads/main/itv_video_SCALA_2000_SPLIT_CO2.mp4;https://raw.githubusercontent.com/cooknation/itv/refs/heads/main/itv_image_SCALA_2000_SPLIT_CO2.jpg;https://raw.githubusercontent.com/cooknation/itv/refs/heads/main/itv_image_2_SCALA_2000_SPLIT_CO2.jpg;https://raw.githubusercontent.com/cooknation/itv/refs/heads/main/itv_image_3_SCALA_2000_SPLIT_CO2.jpg;https://raw.githubusercontent.com/cooknation/itv/refs/heads/main/itv_datasheet_SCALA_2000_SPLIT_CO2.pdf;https://raw.githubusercontent.com/cooknation/itv/refs/heads/main/itv_manual_SCALA_2000_SPLIT_CO2.pdf;https://raw.githubusercontent.com/cooknation/itv/refs/heads/main/itv_technicalmanual_SCALA_2000_SPLIT_CO2.pdf;https://raw.githubusercontent.com/cooknation/itv/refs/heads/main/itv_drawing_SCALA_2000_SPLIT_CO2.pdf;https://raw.githubusercontent.com/cooknation/itv/refs/heads/main/itv_catalogue_SCALA_2000_SPLIT_CO2.pdf;https://raw.githubusercontent.com/cooknation/itv/refs/heads/main/itv_photo_SCALA_2000_SPLIT_CO2.jpg;https://raw.githubusercontent.com/cooknation/itv/refs/heads/main/itv_card_SCALA_2000_SPLIT_CO2.pdf;https://raw.githubusercontent.com/cooknation/itv/refs/heads/main/itv_brandcatalogue.pdf;https://raw.githubusercontent.com/cooknation/itv/refs/heads/main/itv_price.pdf
CKNITVSCALA_3000;SCALA_3000;ITV;Ice maker;Ice maker, flakes;RELIABILITY AND QUALITY IN INDUSTRIAL QUANTITIES. SCALA is the most compact, very cold and dry flat flake ice machine, with high production rates, on the market. Simplicity, functionality and competitiveness underpin its recognised prestige in the world of refrigeration equipment. A machine designed to reduce maintenance interventions, ensuring the machine’s active life and prolonging its longevity. All of ITV’s experience in the world of refrigeration and ice applied to the design of the SCALA for the most industrial use. The SCALA COMPACTA is designed with the generator and condensing unit on the same base plate. To install it, simply place it in the space, connect it and it will start making ice instantly.;2600;mm;1150;mm;1300;mm;660;Kg;49589;;EUR;;;cold>ice maker;ITV, icemaker, bar, flake, ice;;;;simple;;Production (kg/24h);3000;Ice type;Flakes ;Storage;15;;;Condensation;Air;Gas type;R 449A;active;https://raw.githubusercontent.com/cooknation/itv/refs/heads/main/itv_video_SCALA_3000.mp4;https://raw.githubusercontent.com/cooknation/itv/refs/heads/main/itv_image_SCALA_3000.jpg;https://raw.githubusercontent.com/cooknation/itv/refs/heads/main/itv_image_2_SCALA_3000.jpg;https://raw.githubusercontent.com/cooknation/itv/refs/heads/main/itv_image_3_SCALA_3000.jpg;https://raw.githubusercontent.com/cooknation/itv/refs/heads/main/itv_datasheet_SCALA_3000.pdf;https://raw.githubusercontent.com/cooknation/itv/refs/heads/main/itv_manual_SCALA_3000.pdf;https://raw.githubusercontent.com/cooknation/itv/refs/heads/main/itv_technicalmanual_SCALA_3000.pdf;https://raw.githubusercontent.com/cooknation/itv/refs/heads/main/itv_drawing_SCALA_3000.pdf;https://raw.githubusercontent.com/cooknation/itv/refs/heads/main/itv_catalogue_SCALA_3000.pdf;https://raw.githubusercontent.com/cooknation/itv/refs/heads/main/itv_photo_SCALA_3000.jpg;https://raw.githubusercontent.com/cooknation/itv/refs/heads/main/itv_card_SCALA_3000.pdf;https://raw.githubusercontent.com/cooknation/itv/refs/heads/main/itv_brandcatalogue.pdf;https://raw.githubusercontent.com/cooknation/itv/refs/heads/main/itv_price.pdf
CKNITVSCALA_3000_REMOTE_+_RCU;SCALA_3000_REMOTE_+_RCU;ITV;Ice maker;Ice maker, flakes;RELIABILITY AND QUALITY IN INDUSTRIAL QUANTITIES. SCALA is the most compact, very cold and dry flat flake ice machine, with high production rates, on the market. Simplicity, functionality and competitiveness underpin its recognised prestige in the world of refrigeration equipment. Manufactured with non-corrosive, lightweight and highly resistant materials, ensuring the machine’s active life and prolonging its longevity. All of ITV’s experience in the world of refrigeration and ice applied to the design of the SCALA for the most industrial use. The SCALA REMOTE is supplied with the generator on one base and the condensing unit on a separate base for remote connection. The condensing unit is outdoor ready and is supplied pre-charged for a distance of up to 15m.;1050;mm;750;mm;1300;mm;100;Kg;49668;;EUR;;;cold>ice maker;ITV, icemaker, bar, flake, ice;;;;simple;;Production (kg/24h);3 000;Ice type;Flakes ;Storage;15;;;Condensation;Air;Gas type;R 449A;active;https://raw.githubusercontent.com/cooknation/itv/refs/heads/main/itv_video_SCALA_3000_REMOTE_+_RCU.mp4;https://raw.githubusercontent.com/cooknation/itv/refs/heads/main/itv_image_SCALA_3000_REMOTE_+_RCU.jpg;https://raw.githubusercontent.com/cooknation/itv/refs/heads/main/itv_image_2_SCALA_3000_REMOTE_+_RCU.jpg;https://raw.githubusercontent.com/cooknation/itv/refs/heads/main/itv_image_3_SCALA_3000_REMOTE_+_RCU.jpg;https://raw.githubusercontent.com/cooknation/itv/refs/heads/main/itv_datasheet_SCALA_3000_REMOTE_+_RCU.pdf;https://raw.githubusercontent.com/cooknation/itv/refs/heads/main/itv_manual_SCALA_3000_REMOTE_+_RCU.pdf;https://raw.githubusercontent.com/cooknation/itv/refs/heads/main/itv_technicalmanual_SCALA_3000_REMOTE_+_RCU.pdf;https://raw.githubusercontent.com/cooknation/itv/refs/heads/main/itv_drawing_SCALA_3000_REMOTE_+_RCU.pdf;https://raw.githubusercontent.com/cooknation/itv/refs/heads/main/itv_catalogue_SCALA_3000_REMOTE_+_RCU.pdf;https://raw.githubusercontent.com/cooknation/itv/refs/heads/main/itv_photo_SCALA_3000_REMOTE_+_RCU.jpg;https://raw.githubusercontent.com/cooknation/itv/refs/heads/main/itv_card_SCALA_3000_REMOTE_+_RCU.pdf;https://raw.githubusercontent.com/cooknation/itv/refs/heads/main/itv_brandcatalogue.pdf;https://raw.githubusercontent.com/cooknation/itv/refs/heads/main/itv_price.pdf
CKNITVSCALA_3000_SPLIT;SCALA_3000_SPLIT;ITV;Ice maker;Ice maker, flakes;RELIABILITY AND QUALITY IN INDUSTRIAL QUANTITIES. SCALA is the most compact, very cold and dry flat flake ice machine, with high production rates, on the market. Simplicity, functionality and competitiveness underpin its recognised prestige in the world of refrigeration equipment. Manufactured with non-corrosive, light and highly resistant materials, it ensures long durability and easy maintenance. All of ITV’s experience in the world of refrigeration and ice applied to the design of the SCALA for the most industrial use. The SCALA SPLIT requires connection to a refrigeration plant or a refrigeration unit to produce ice. For connection, the installer will need a KVP valve, which is not included in the scope of supply of the generator.;1050;mm;750;mm;1300;mm;280;Kg;24585;;EUR;;;cold>ice maker;ITV, icemaker, bar, flake, ice;;;;simple;;Production (kg/24h);3000;Ice type;Flakes ;Storage;16500;;;Condensation;;Gas type;R 449A;active;https://raw.githubusercontent.com/cooknation/itv/refs/heads/main/itv_video_SCALA_3000_SPLIT.mp4;https://raw.githubusercontent.com/cooknation/itv/refs/heads/main/itv_image_SCALA_3000_SPLIT.jpg;https://raw.githubusercontent.com/cooknation/itv/refs/heads/main/itv_image_2_SCALA_3000_SPLIT.jpg;https://raw.githubusercontent.com/cooknation/itv/refs/heads/main/itv_image_3_SCALA_3000_SPLIT.jpg;https://raw.githubusercontent.com/cooknation/itv/refs/heads/main/itv_datasheet_SCALA_3000_SPLIT.pdf;https://raw.githubusercontent.com/cooknation/itv/refs/heads/main/itv_manual_SCALA_3000_SPLIT.pdf;https://raw.githubusercontent.com/cooknation/itv/refs/heads/main/itv_technicalmanual_SCALA_3000_SPLIT.pdf;https://raw.githubusercontent.com/cooknation/itv/refs/heads/main/itv_drawing_SCALA_3000_SPLIT.pdf;https://raw.githubusercontent.com/cooknation/itv/refs/heads/main/itv_catalogue_SCALA_3000_SPLIT.pdf;https://raw.githubusercontent.com/cooknation/itv/refs/heads/main/itv_photo_SCALA_3000_SPLIT.jpg;https://raw.githubusercontent.com/cooknation/itv/refs/heads/main/itv_card_SCALA_3000_SPLIT.pdf;https://raw.githubusercontent.com/cooknation/itv/refs/heads/main/itv_brandcatalogue.pdf;https://raw.githubusercontent.com/cooknation/itv/refs/heads/main/itv_price.pdf
CKNITVSCALA_3000_SPLIT_CO2;SCALA_3000_SPLIT_CO2;ITV;Ice maker;Ice maker, flakes;RELIABILITY AND QUALITY IN INDUSTRIAL QUANTITIES. SCALA is the most compact, very cold and dry flat flake ice machine, with high production rates, on the market. Simplicity, functionality and competitiveness underpin its recognised prestige in the world of refrigeration equipment. Manufactured with non-corrosive, light and highly resistant materials, it ensures long durability and easy maintenance. All of ITV’s experience in the world of refrigeration and ice applied to the design of the SCALA for the most industrial use. The SCALA SPLIT CO2 requires connection to a refrigeration plant or a refrigeration unit to produce ice. This model is designed with CO2 refrigerant in order to offer a more ecological and sustainable alternative.;1050;mm;750;mm;1300;mm;280;Kg;26857;;EUR;;;cold>ice maker;ITV, icemaker, bar, flake, ice;;;;simple;;Production (kg/24h);3000;Ice type;Flakes ;Storage;16500;;;Condensation;;Gas type;CO2;active;https://raw.githubusercontent.com/cooknation/itv/refs/heads/main/itv_video_SCALA_3000_SPLIT_CO2.mp4;https://raw.githubusercontent.com/cooknation/itv/refs/heads/main/itv_image_SCALA_3000_SPLIT_CO2.jpg;https://raw.githubusercontent.com/cooknation/itv/refs/heads/main/itv_image_2_SCALA_3000_SPLIT_CO2.jpg;https://raw.githubusercontent.com/cooknation/itv/refs/heads/main/itv_image_3_SCALA_3000_SPLIT_CO2.jpg;https://raw.githubusercontent.com/cooknation/itv/refs/heads/main/itv_datasheet_SCALA_3000_SPLIT_CO2.pdf;https://raw.githubusercontent.com/cooknation/itv/refs/heads/main/itv_manual_SCALA_3000_SPLIT_CO2.pdf;https://raw.githubusercontent.com/cooknation/itv/refs/heads/main/itv_technicalmanual_SCALA_3000_SPLIT_CO2.pdf;https://raw.githubusercontent.com/cooknation/itv/refs/heads/main/itv_drawing_SCALA_3000_SPLIT_CO2.pdf;https://raw.githubusercontent.com/cooknation/itv/refs/heads/main/itv_catalogue_SCALA_3000_SPLIT_CO2.pdf;https://raw.githubusercontent.com/cooknation/itv/refs/heads/main/itv_photo_SCALA_3000_SPLIT_CO2.jpg;https://raw.githubusercontent.com/cooknation/itv/refs/heads/main/itv_card_SCALA_3000_SPLIT_CO2.pdf;https://raw.githubusercontent.com/cooknation/itv/refs/heads/main/itv_brandcatalogue.pdf;https://raw.githubusercontent.com/cooknation/itv/refs/heads/main/itv_price.pdf
CKNITVSCALA_400_C;SCALA_400_C;ITV;Ice maker;Ice maker, flakes;RELIABILITY AND QUALITY IN INDUSTRIAL QUANTITIES. SCALA is the most compact, very cold and dry flat flake ice machine, with high production rates, on the market. Simplicity, functionality and competitiveness underpin its recognised prestige in the world of refrigeration equipment. A machine designed to reduce maintenance interventions, ensuring the machine’s active life and prolonging its longevity. All of ITV’s experience in the world of refrigeration and ice applied to the design of the SCALA for the most industrial use. The SCALA COMPACTA is designed with the generator and condensing unit on the same base plate. To install it, simply place it in the space, connect it and it will start making ice instantly.;1100;mm;700;mm;760;mm;167;Kg;19005;;EUR;;;cold>ice maker;ITV, icemaker, bar, flake, ice;;;;simple;;Production (kg/24h);400;Ice type;Flakes ;Storage;1  3/4;;;Condensation;Air;Gas type;R 449A;active;https://raw.githubusercontent.com/cooknation/itv/refs/heads/main/itv_video_SCALA_400_C.mp4;https://raw.githubusercontent.com/cooknation/itv/refs/heads/main/itv_image_SCALA_400_C.jpg;https://raw.githubusercontent.com/cooknation/itv/refs/heads/main/itv_image_2_SCALA_400_C.jpg;https://raw.githubusercontent.com/cooknation/itv/refs/heads/main/itv_image_3_SCALA_400_C.jpg;https://raw.githubusercontent.com/cooknation/itv/refs/heads/main/itv_datasheet_SCALA_400_C.pdf;https://raw.githubusercontent.com/cooknation/itv/refs/heads/main/itv_manual_SCALA_400_C.pdf;https://raw.githubusercontent.com/cooknation/itv/refs/heads/main/itv_technicalmanual_SCALA_400_C.pdf;https://raw.githubusercontent.com/cooknation/itv/refs/heads/main/itv_drawing_SCALA_400_C.pdf;https://raw.githubusercontent.com/cooknation/itv/refs/heads/main/itv_catalogue_SCALA_400_C.pdf;https://raw.githubusercontent.com/cooknation/itv/refs/heads/main/itv_photo_SCALA_400_C.jpg;https://raw.githubusercontent.com/cooknation/itv/refs/heads/main/itv_card_SCALA_400_C.pdf;https://raw.githubusercontent.com/cooknation/itv/refs/heads/main/itv_brandcatalogue.pdf;https://raw.githubusercontent.com/cooknation/itv/refs/heads/main/itv_price.pdf
CKNITVSCALA_400_REMOTE_+_RCU;SCALA_400_REMOTE_+_RCU;ITV;Ice maker;Ice maker, flakes;RELIABILITY AND QUALITY IN INDUSTRIAL QUANTITIES. SCALA is the most compact, very cold and dry flat flake ice machine, with high production rates, on the market. Simplicity, functionality and competitiveness underpin its recognised prestige in the world of refrigeration equipment. Manufactured with non-corrosive, lightweight and highly resistant materials, ensuring the machine’s active life and prolonging its longevity. All of ITV’s experience in the world of refrigeration and ice applied to the design of the SCALA for the most industrial use. The SCALA REMOTE is supplied with the generator on one base and the condensing unit on a separate base for remote connection. The condensing unit is outdoor ready and is supplied pre-charged for a distance of up to 15m.;1090;mm;700;mm;760;mm;100;Kg;19633;;EUR;;;cold>ice maker;ITV, icemaker, bar, flake, ice;;;;simple;;Production (kg/24h);400;Ice type;Flakes ;Storage;1  3/4;;;Condensation;Air;Gas type;R 449A;active;https://raw.githubusercontent.com/cooknation/itv/refs/heads/main/itv_video_SCALA_400_REMOTE_+_RCU.mp4;https://raw.githubusercontent.com/cooknation/itv/refs/heads/main/itv_image_SCALA_400_REMOTE_+_RCU.jpg;https://raw.githubusercontent.com/cooknation/itv/refs/heads/main/itv_image_2_SCALA_400_REMOTE_+_RCU.jpg;https://raw.githubusercontent.com/cooknation/itv/refs/heads/main/itv_image_3_SCALA_400_REMOTE_+_RCU.jpg;https://raw.githubusercontent.com/cooknation/itv/refs/heads/main/itv_datasheet_SCALA_400_REMOTE_+_RCU.pdf;https://raw.githubusercontent.com/cooknation/itv/refs/heads/main/itv_manual_SCALA_400_REMOTE_+_RCU.pdf;https://raw.githubusercontent.com/cooknation/itv/refs/heads/main/itv_technicalmanual_SCALA_400_REMOTE_+_RCU.pdf;https://raw.githubusercontent.com/cooknation/itv/refs/heads/main/itv_drawing_SCALA_400_REMOTE_+_RCU.pdf;https://raw.githubusercontent.com/cooknation/itv/refs/heads/main/itv_catalogue_SCALA_400_REMOTE_+_RCU.pdf;https://raw.githubusercontent.com/cooknation/itv/refs/heads/main/itv_photo_SCALA_400_REMOTE_+_RCU.jpg;https://raw.githubusercontent.com/cooknation/itv/refs/heads/main/itv_card_SCALA_400_REMOTE_+_RCU.pdf;https://raw.githubusercontent.com/cooknation/itv/refs/heads/main/itv_brandcatalogue.pdf;https://raw.githubusercontent.com/cooknation/itv/refs/heads/main/itv_price.pdf
CKNITVSCALA_400_SPLIT;SCALA_400_SPLIT;ITV;Ice maker;Ice maker, flakes;RELIABILITY AND QUALITY IN INDUSTRIAL QUANTITIES. SCALA is the most compact, very cold and dry flat flake ice machine, with high production rates, on the market. Simplicity, functionality and competitiveness underpin its recognised prestige in the world of refrigeration equipment. Manufactured with non-corrosive, light and highly resistant materials, it ensures long durability and easy maintenance. All of ITV’s experience in the world of refrigeration and ice applied to the design of the SCALA for the most industrial use. The SCALA SPLIT requires connection to a refrigeration plant or a refrigeration unit to produce ice. For connection, the installer will need a KVP valve, which is not included in the scope of supply of the generator.;1090;mm;700;mm;720;mm;94;Kg;13257;;EUR;;;cold>ice maker;ITV, icemaker, bar, flake, ice;;;;simple;;Production (kg/24h);400;Ice type;Flakes ;Storage;2200;;;Condensation;;Gas type;R 449A;active;https://raw.githubusercontent.com/cooknation/itv/refs/heads/main/itv_video_SCALA_400_SPLIT.mp4;https://raw.githubusercontent.com/cooknation/itv/refs/heads/main/itv_image_SCALA_400_SPLIT.jpg;https://raw.githubusercontent.com/cooknation/itv/refs/heads/main/itv_image_2_SCALA_400_SPLIT.jpg;https://raw.githubusercontent.com/cooknation/itv/refs/heads/main/itv_image_3_SCALA_400_SPLIT.jpg;https://raw.githubusercontent.com/cooknation/itv/refs/heads/main/itv_datasheet_SCALA_400_SPLIT.pdf;https://raw.githubusercontent.com/cooknation/itv/refs/heads/main/itv_manual_SCALA_400_SPLIT.pdf;https://raw.githubusercontent.com/cooknation/itv/refs/heads/main/itv_technicalmanual_SCALA_400_SPLIT.pdf;https://raw.githubusercontent.com/cooknation/itv/refs/heads/main/itv_drawing_SCALA_400_SPLIT.pdf;https://raw.githubusercontent.com/cooknation/itv/refs/heads/main/itv_catalogue_SCALA_400_SPLIT.pdf;https://raw.githubusercontent.com/cooknation/itv/refs/heads/main/itv_photo_SCALA_400_SPLIT.jpg;https://raw.githubusercontent.com/cooknation/itv/refs/heads/main/itv_card_SCALA_400_SPLIT.pdf;https://raw.githubusercontent.com/cooknation/itv/refs/heads/main/itv_brandcatalogue.pdf;https://raw.githubusercontent.com/cooknation/itv/refs/heads/main/itv_price.pdf
CKNITVSCALA_400_SPLIT_CO2;SCALA_400_SPLIT_CO2;ITV;Ice maker;Ice maker, flakes;RELIABILITY AND QUALITY IN INDUSTRIAL QUANTITIES. SCALA is the most compact, very cold and dry flat flake ice machine, with high production rates, on the market. Simplicity, functionality and competitiveness underpin its recognised prestige in the world of refrigeration equipment. Manufactured with non-corrosive, light and highly resistant materials, it ensures long durability and easy maintenance. All of ITV’s experience in the world of refrigeration and ice applied to the design of the SCALA for the most industrial use. The SCALA SPLIT CO2 requires connection to a refrigeration plant or a refrigeration unit to produce ice. This model is designed with CO2 refrigerant in order to offer a more ecological and sustainable alternative.;1090;mm;760;mm;700;mm;100;Kg;18915;;EUR;;;cold>ice maker;ITV, icemaker, bar, flake, ice;;;;simple;;Production (kg/24h);400;Ice type;Flakes ;Storage;2200;;;Condensation;;Gas type;CO2;active;https://raw.githubusercontent.com/cooknation/itv/refs/heads/main/itv_video_SCALA_400_SPLIT_CO2.mp4;https://raw.githubusercontent.com/cooknation/itv/refs/heads/main/itv_image_SCALA_400_SPLIT_CO2.jpg;https://raw.githubusercontent.com/cooknation/itv/refs/heads/main/itv_image_2_SCALA_400_SPLIT_CO2.jpg;https://raw.githubusercontent.com/cooknation/itv/refs/heads/main/itv_image_3_SCALA_400_SPLIT_CO2.jpg;https://raw.githubusercontent.com/cooknation/itv/refs/heads/main/itv_datasheet_SCALA_400_SPLIT_CO2.pdf;https://raw.githubusercontent.com/cooknation/itv/refs/heads/main/itv_manual_SCALA_400_SPLIT_CO2.pdf;https://raw.githubusercontent.com/cooknation/itv/refs/heads/main/itv_technicalmanual_SCALA_400_SPLIT_CO2.pdf;https://raw.githubusercontent.com/cooknation/itv/refs/heads/main/itv_drawing_SCALA_400_SPLIT_CO2.pdf;https://raw.githubusercontent.com/cooknation/itv/refs/heads/main/itv_catalogue_SCALA_400_SPLIT_CO2.pdf;https://raw.githubusercontent.com/cooknation/itv/refs/heads/main/itv_photo_SCALA_400_SPLIT_CO2.jpg;https://raw.githubusercontent.com/cooknation/itv/refs/heads/main/itv_card_SCALA_400_SPLIT_CO2.pdf;https://raw.githubusercontent.com/cooknation/itv/refs/heads/main/itv_brandcatalogue.pdf;https://raw.githubusercontent.com/cooknation/itv/refs/heads/main/itv_price.pdf
CKNITVSCALA_5000;SCALA_5000;ITV;Ice maker;Ice maker, flakes;RELIABILITY AND QUALITY IN INDUSTRIAL QUANTITIES. SCALA is the most compact, very cold and dry flat flake ice machine, with high production rates, on the market. Simplicity, functionality and competitiveness underpin its recognised prestige in the world of refrigeration equipment. A machine designed to reduce maintenance interventions, ensuring the machine’s active life and prolonging its longevity. All of ITV’s experience in the world of refrigeration and ice applied to the design of the SCALA for the most industrial use. The SCALA COMPACTA is designed with the generator and condensing unit on the same base plate. To install it, simply place it in the space, connect it and it will start making ice instantly.;3900;mm;1220;mm;1550;mm;1450;Kg;80100;;EUR;;;cold>ice maker;ITV, icemaker, bar, flake, ice;;;;simple;;Production (kg/24h);5000;Ice type;Flakes ;Storage;30;;;Condensation;Air;Gas type;R 449A;active;https://raw.githubusercontent.com/cooknation/itv/refs/heads/main/itv_video_SCALA_5000.mp4;https://raw.githubusercontent.com/cooknation/itv/refs/heads/main/itv_image_SCALA_5000.jpg;https://raw.githubusercontent.com/cooknation/itv/refs/heads/main/itv_image_2_SCALA_5000.jpg;https://raw.githubusercontent.com/cooknation/itv/refs/heads/main/itv_image_3_SCALA_5000.jpg;https://raw.githubusercontent.com/cooknation/itv/refs/heads/main/itv_datasheet_SCALA_5000.pdf;https://raw.githubusercontent.com/cooknation/itv/refs/heads/main/itv_manual_SCALA_5000.pdf;https://raw.githubusercontent.com/cooknation/itv/refs/heads/main/itv_technicalmanual_SCALA_5000.pdf;https://raw.githubusercontent.com/cooknation/itv/refs/heads/main/itv_drawing_SCALA_5000.pdf;https://raw.githubusercontent.com/cooknation/itv/refs/heads/main/itv_catalogue_SCALA_5000.pdf;https://raw.githubusercontent.com/cooknation/itv/refs/heads/main/itv_photo_SCALA_5000.jpg;https://raw.githubusercontent.com/cooknation/itv/refs/heads/main/itv_card_SCALA_5000.pdf;https://raw.githubusercontent.com/cooknation/itv/refs/heads/main/itv_brandcatalogue.pdf;https://raw.githubusercontent.com/cooknation/itv/refs/heads/main/itv_price.pdf
CKNITVSCALA_5000_REMOTE_+_RCU;SCALA_5000_REMOTE_+_RCU;ITV;Ice maker;Ice maker, flakes;RELIABILITY AND QUALITY IN INDUSTRIAL QUANTITIES. SCALA is the most compact, very cold and dry flat flake ice machine, with high production rates, on the market. Simplicity, functionality and competitiveness underpin its recognised prestige in the world of refrigeration equipment. Manufactured with non-corrosive, lightweight and highly resistant materials, ensuring the machine’s active life and prolonging its longevity. All of ITV’s experience in the world of refrigeration and ice applied to the design of the SCALA for the most industrial use. The SCALA REMOTE is supplied with the generator on one base and the condensing unit on a separate base for remote connection. The condensing unit is outdoor ready and is supplied pre-charged for a distance of up to 15m.;1850;mm;1150;mm;1300;mm;800;Kg;80355;;EUR;;;cold>ice maker;ITV, icemaker, bar, flake, ice;;;;simple;;Production (kg/24h);5 000;Ice type;Flakes ;Storage;30;;;Condensation;Air;Gas type;R 449A;active;https://raw.githubusercontent.com/cooknation/itv/refs/heads/main/itv_video_SCALA_5000_REMOTE_+_RCU.mp4;https://raw.githubusercontent.com/cooknation/itv/refs/heads/main/itv_image_SCALA_5000_REMOTE_+_RCU.jpg;https://raw.githubusercontent.com/cooknation/itv/refs/heads/main/itv_image_2_SCALA_5000_REMOTE_+_RCU.jpg;https://raw.githubusercontent.com/cooknation/itv/refs/heads/main/itv_image_3_SCALA_5000_REMOTE_+_RCU.jpg;https://raw.githubusercontent.com/cooknation/itv/refs/heads/main/itv_datasheet_SCALA_5000_REMOTE_+_RCU.pdf;https://raw.githubusercontent.com/cooknation/itv/refs/heads/main/itv_manual_SCALA_5000_REMOTE_+_RCU.pdf;https://raw.githubusercontent.com/cooknation/itv/refs/heads/main/itv_technicalmanual_SCALA_5000_REMOTE_+_RCU.pdf;https://raw.githubusercontent.com/cooknation/itv/refs/heads/main/itv_drawing_SCALA_5000_REMOTE_+_RCU.pdf;https://raw.githubusercontent.com/cooknation/itv/refs/heads/main/itv_catalogue_SCALA_5000_REMOTE_+_RCU.pdf;https://raw.githubusercontent.com/cooknation/itv/refs/heads/main/itv_photo_SCALA_5000_REMOTE_+_RCU.jpg;https://raw.githubusercontent.com/cooknation/itv/refs/heads/main/itv_card_SCALA_5000_REMOTE_+_RCU.pdf;https://raw.githubusercontent.com/cooknation/itv/refs/heads/main/itv_brandcatalogue.pdf;https://raw.githubusercontent.com/cooknation/itv/refs/heads/main/itv_price.pdf
CKNITVSCALA_5000_SPLIT;SCALA_5000_SPLIT;ITV;Ice maker;Ice maker, flakes;RELIABILITY AND QUALITY IN INDUSTRIAL QUANTITIES. SCALA is the most compact, very cold and dry flat flake ice machine, with high production rates, on the market. Simplicity, functionality and competitiveness underpin its recognised prestige in the world of refrigeration equipment. Manufactured with non-corrosive, light and highly resistant materials, it ensures long durability and easy maintenance. All of ITV’s experience in the world of refrigeration and ice applied to the design of the SCALA for the most industrial use. The SCALA SPLIT requires connection to a refrigeration plant or a refrigeration unit to produce ice. For connection, the installer will need a KVP valve, which is not included in the scope of supply of the generator.;1850;mm;1150;mm;1300;mm;650;Kg;36285;;EUR;;;cold>ice maker;ITV, icemaker, bar, flake, ice;;;;simple;;Production (kg/24h);5000;Ice type;Flakes ;Storage;27500;;;Condensation;;Gas type;R 449A;active;https://raw.githubusercontent.com/cooknation/itv/refs/heads/main/itv_video_SCALA_5000_SPLIT.mp4;https://raw.githubusercontent.com/cooknation/itv/refs/heads/main/itv_image_SCALA_5000_SPLIT.jpg;https://raw.githubusercontent.com/cooknation/itv/refs/heads/main/itv_image_2_SCALA_5000_SPLIT.jpg;https://raw.githubusercontent.com/cooknation/itv/refs/heads/main/itv_image_3_SCALA_5000_SPLIT.jpg;https://raw.githubusercontent.com/cooknation/itv/refs/heads/main/itv_datasheet_SCALA_5000_SPLIT.pdf;https://raw.githubusercontent.com/cooknation/itv/refs/heads/main/itv_manual_SCALA_5000_SPLIT.pdf;https://raw.githubusercontent.com/cooknation/itv/refs/heads/main/itv_technicalmanual_SCALA_5000_SPLIT.pdf;https://raw.githubusercontent.com/cooknation/itv/refs/heads/main/itv_drawing_SCALA_5000_SPLIT.pdf;https://raw.githubusercontent.com/cooknation/itv/refs/heads/main/itv_catalogue_SCALA_5000_SPLIT.pdf;https://raw.githubusercontent.com/cooknation/itv/refs/heads/main/itv_photo_SCALA_5000_SPLIT.jpg;https://raw.githubusercontent.com/cooknation/itv/refs/heads/main/itv_card_SCALA_5000_SPLIT.pdf;https://raw.githubusercontent.com/cooknation/itv/refs/heads/main/itv_brandcatalogue.pdf;https://raw.githubusercontent.com/cooknation/itv/refs/heads/main/itv_price.pdf
CKNITVSCALA_600_C;SCALA_600_C;ITV;Ice maker;Ice maker, flakes;RELIABILITY AND QUALITY IN INDUSTRIAL QUANTITIES. SCALA is the most compact, very cold and dry flat flake ice machine, with high production rates, on the market. Simplicity, functionality and competitiveness underpin its recognised prestige in the world of refrigeration equipment. A machine designed to reduce maintenance interventions, ensuring the machine’s active life and prolonging its longevity. All of ITV’s experience in the world of refrigeration and ice applied to the design of the SCALA for the most industrial use. The SCALA COMPACTA is designed with the generator and condensing unit on the same base plate. To install it, simply place it in the space, connect it and it will start making ice instantly.;1250;mm;750;mm;835;mm;190;Kg;18835;;EUR;;;cold>ice maker;ITV, icemaker, bar, flake, ice;;;;simple;;Production (kg/24h);600;Ice type;Flakes ;Storage;2;;;Condensation;Air;Gas type;R 449A;active;https://raw.githubusercontent.com/cooknation/itv/refs/heads/main/itv_video_SCALA_600_C.mp4;https://raw.githubusercontent.com/cooknation/itv/refs/heads/main/itv_image_SCALA_600_C.jpg;https://raw.githubusercontent.com/cooknation/itv/refs/heads/main/itv_image_2_SCALA_600_C.jpg;https://raw.githubusercontent.com/cooknation/itv/refs/heads/main/itv_image_3_SCALA_600_C.jpg;https://raw.githubusercontent.com/cooknation/itv/refs/heads/main/itv_datasheet_SCALA_600_C.pdf;https://raw.githubusercontent.com/cooknation/itv/refs/heads/main/itv_manual_SCALA_600_C.pdf;https://raw.githubusercontent.com/cooknation/itv/refs/heads/main/itv_technicalmanual_SCALA_600_C.pdf;https://raw.githubusercontent.com/cooknation/itv/refs/heads/main/itv_drawing_SCALA_600_C.pdf;https://raw.githubusercontent.com/cooknation/itv/refs/heads/main/itv_catalogue_SCALA_600_C.pdf;https://raw.githubusercontent.com/cooknation/itv/refs/heads/main/itv_photo_SCALA_600_C.jpg;https://raw.githubusercontent.com/cooknation/itv/refs/heads/main/itv_card_SCALA_600_C.pdf;https://raw.githubusercontent.com/cooknation/itv/refs/heads/main/itv_brandcatalogue.pdf;https://raw.githubusercontent.com/cooknation/itv/refs/heads/main/itv_price.pdf
CKNITVSCALA_600_REMOTE_+_RCU;SCALA_600_REMOTE_+_RCU;ITV;Ice maker;Ice maker, flakes;RELIABILITY AND QUALITY IN INDUSTRIAL QUANTITIES. SCALA is the most compact, very cold and dry flat flake ice machine, with high production rates, on the market. Simplicity, functionality and competitiveness underpin its recognised prestige in the world of refrigeration equipment. Manufactured with non-corrosive, lightweight and highly resistant materials, ensuring the machine’s active life and prolonging its longevity. All of ITV’s experience in the world of refrigeration and ice applied to the design of the SCALA for the most industrial use. The SCALA REMOTE is supplied with the generator on one base and the condensing unit on a separate base for remote connection. The condensing unit is outdoor ready and is supplied pre-charged for a distance of up to 15m.;1250;mm;750;mm;835;mm;120;Kg;20952;;EUR;;;cold>ice maker;ITV, icemaker, bar, flake, ice;;;;simple;;Production (kg/24h);600;Ice type;Flakes ;Storage;2;;;Condensation;Air;Gas type;R 449A;active;https://raw.githubusercontent.com/cooknation/itv/refs/heads/main/itv_video_SCALA_600_REMOTE_+_RCU.mp4;https://raw.githubusercontent.com/cooknation/itv/refs/heads/main/itv_image_SCALA_600_REMOTE_+_RCU.jpg;https://raw.githubusercontent.com/cooknation/itv/refs/heads/main/itv_image_2_SCALA_600_REMOTE_+_RCU.jpg;https://raw.githubusercontent.com/cooknation/itv/refs/heads/main/itv_image_3_SCALA_600_REMOTE_+_RCU.jpg;https://raw.githubusercontent.com/cooknation/itv/refs/heads/main/itv_datasheet_SCALA_600_REMOTE_+_RCU.pdf;https://raw.githubusercontent.com/cooknation/itv/refs/heads/main/itv_manual_SCALA_600_REMOTE_+_RCU.pdf;https://raw.githubusercontent.com/cooknation/itv/refs/heads/main/itv_technicalmanual_SCALA_600_REMOTE_+_RCU.pdf;https://raw.githubusercontent.com/cooknation/itv/refs/heads/main/itv_drawing_SCALA_600_REMOTE_+_RCU.pdf;https://raw.githubusercontent.com/cooknation/itv/refs/heads/main/itv_catalogue_SCALA_600_REMOTE_+_RCU.pdf;https://raw.githubusercontent.com/cooknation/itv/refs/heads/main/itv_photo_SCALA_600_REMOTE_+_RCU.jpg;https://raw.githubusercontent.com/cooknation/itv/refs/heads/main/itv_card_SCALA_600_REMOTE_+_RCU.pdf;https://raw.githubusercontent.com/cooknation/itv/refs/heads/main/itv_brandcatalogue.pdf;https://raw.githubusercontent.com/cooknation/itv/refs/heads/main/itv_price.pdf
CKNITVSCALA_600_SPLIT;SCALA_600_SPLIT;ITV;Ice maker;Ice maker, flakes;RELIABILITY AND QUALITY IN INDUSTRIAL QUANTITIES. SCALA is the most compact, very cold and dry flat flake ice machine, with high production rates, on the market. Simplicity, functionality and competitiveness underpin its recognised prestige in the world of refrigeration equipment. Manufactured with non-corrosive, light and highly resistant materials, it ensures long durability and easy maintenance. All of ITV’s experience in the world of refrigeration and ice applied to the design of the SCALA for the most industrial use. The SCALA SPLIT requires connection to a refrigeration plant or a refrigeration unit to produce ice. For connection, the installer will need a KVP valve, which is not included in the scope of supply of the generator.;1250;mm;835;mm;750;mm;150;Kg;13253;;EUR;;;cold>ice maker;ITV, icemaker, bar, flake, ice;;;;simple;;Production (kg/24h);600;Ice type;Flakes ;Storage;3300;;;Condensation;;Gas type;R 449A;active;https://raw.githubusercontent.com/cooknation/itv/refs/heads/main/itv_video_SCALA_600_SPLIT.mp4;https://raw.githubusercontent.com/cooknation/itv/refs/heads/main/itv_image_SCALA_600_SPLIT.jpg;https://raw.githubusercontent.com/cooknation/itv/refs/heads/main/itv_image_2_SCALA_600_SPLIT.jpg;https://raw.githubusercontent.com/cooknation/itv/refs/heads/main/itv_image_3_SCALA_600_SPLIT.jpg;https://raw.githubusercontent.com/cooknation/itv/refs/heads/main/itv_datasheet_SCALA_600_SPLIT.pdf;https://raw.githubusercontent.com/cooknation/itv/refs/heads/main/itv_manual_SCALA_600_SPLIT.pdf;https://raw.githubusercontent.com/cooknation/itv/refs/heads/main/itv_technicalmanual_SCALA_600_SPLIT.pdf;https://raw.githubusercontent.com/cooknation/itv/refs/heads/main/itv_drawing_SCALA_600_SPLIT.pdf;https://raw.githubusercontent.com/cooknation/itv/refs/heads/main/itv_catalogue_SCALA_600_SPLIT.pdf;https://raw.githubusercontent.com/cooknation/itv/refs/heads/main/itv_photo_SCALA_600_SPLIT.jpg;https://raw.githubusercontent.com/cooknation/itv/refs/heads/main/itv_card_SCALA_600_SPLIT.pdf;https://raw.githubusercontent.com/cooknation/itv/refs/heads/main/itv_brandcatalogue.pdf;https://raw.githubusercontent.com/cooknation/itv/refs/heads/main/itv_price.pdf
CKNITVSCALA_600_SPLIT_CO2;SCALA_600_SPLIT_CO2;ITV;Ice maker;Ice maker, flakes;RELIABILITY AND QUALITY IN INDUSTRIAL QUANTITIES. SCALA is the most compact, very cold and dry flat flake ice machine, with high production rates, on the market. Simplicity, functionality and competitiveness underpin its recognised prestige in the world of refrigeration equipment. Manufactured with non-corrosive, light and highly resistant materials, it ensures long durability and easy maintenance. All of ITV’s experience in the world of refrigeration and ice applied to the design of the SCALA for the most industrial use. The SCALA SPLIT CO2 requires connection to a refrigeration plant or a refrigeration unit to produce ice. This model is designed with CO2 refrigerant in order to offer a more ecological and sustainable alternative.;1250;mm;750;mm;835;mm;160;Kg;18719;;EUR;;;cold>ice maker;ITV, icemaker, bar, flake, ice;;;;simple;;Production (kg/24h);600;Ice type;Flakes ;Storage;3300;;;Condensation;;Gas type;CO2;active;https://raw.githubusercontent.com/cooknation/itv/refs/heads/main/itv_video_SCALA_600_SPLIT_CO2.mp4;https://raw.githubusercontent.com/cooknation/itv/refs/heads/main/itv_image_SCALA_600_SPLIT_CO2.jpg;https://raw.githubusercontent.com/cooknation/itv/refs/heads/main/itv_image_2_SCALA_600_SPLIT_CO2.jpg;https://raw.githubusercontent.com/cooknation/itv/refs/heads/main/itv_image_3_SCALA_600_SPLIT_CO2.jpg;https://raw.githubusercontent.com/cooknation/itv/refs/heads/main/itv_datasheet_SCALA_600_SPLIT_CO2.pdf;https://raw.githubusercontent.com/cooknation/itv/refs/heads/main/itv_manual_SCALA_600_SPLIT_CO2.pdf;https://raw.githubusercontent.com/cooknation/itv/refs/heads/main/itv_technicalmanual_SCALA_600_SPLIT_CO2.pdf;https://raw.githubusercontent.com/cooknation/itv/refs/heads/main/itv_drawing_SCALA_600_SPLIT_CO2.pdf;https://raw.githubusercontent.com/cooknation/itv/refs/heads/main/itv_catalogue_SCALA_600_SPLIT_CO2.pdf;https://raw.githubusercontent.com/cooknation/itv/refs/heads/main/itv_photo_SCALA_600_SPLIT_CO2.jpg;https://raw.githubusercontent.com/cooknation/itv/refs/heads/main/itv_card_SCALA_600_SPLIT_CO2.pdf;https://raw.githubusercontent.com/cooknation/itv/refs/heads/main/itv_brandcatalogue.pdf;https://raw.githubusercontent.com/cooknation/itv/refs/heads/main/itv_price.pdf
CKNITVSPIKA_MS_220_F_A;SPIKA_MS_220_F_A;ITV;Ice maker;Ice maker, vertical system, full cubes, air cooling, ;"DESIGNED TO STAND UP TO THE DEVILUSH PACE OF FAST-FOOD. Quick to produce cubes that cool the drink at full speed (in seconds the drink is cold). The SPIKA ITV range responds to the needs of fast-food establishments with machines ideal for large consumption of ice. The ARHI certification guarantees maximum energy efficiency. A special switch enables easy and rapid cleaning. SPIKA machines are presented in under the counter versions (New Generation technology), or in modules with the option of stacking them and duplicating production in the same space. SPIKA machines are vertical evaporating, with the water distributor patented by ITV which produces ice in the form of dice and half dice. The oversized condenser is optimal for warm climates in both versions (cooling by air and by water). The manufacturing system is simple, reliable, and suitable for chalky areas and difficult working conditions. In both versions it is manufactured in 220V/50Hz, 220V/60Hz and 115V/60Hz. The SPIKA range produces the piece of ice in the form of dice or half dice; it is one of the best-known and most widely used cubes in the world. It cools drinks very quickly: the cooling ratio is close to the 100% mark. You can enjoy your drink in seconds.";762;mm;620;mm;500;mm;60;Kg;4926;;EUR;;;cold>ice maker;ITV, icemaker, bar, cube, ice, full cube, dice cube;;;;simple;;Production (kg/24h);220;Ice type;Full Dice Cube;Storage;Modular;ice size (gr);12;Condensation;Air;Gas type;R 290;active;https://raw.githubusercontent.com/cooknation/itv/refs/heads/main/itv_video_SPIKA_MS_220_F_A.mp4;https://raw.githubusercontent.com/cooknation/itv/refs/heads/main/itv_image_SPIKA_MS_220_F_A.jpg;https://raw.githubusercontent.com/cooknation/itv/refs/heads/main/itv_image_2_SPIKA_MS_220_F_A.jpg;https://raw.githubusercontent.com/cooknation/itv/refs/heads/main/itv_image_3_SPIKA_MS_220_F_A.jpg;https://raw.githubusercontent.com/cooknation/itv/refs/heads/main/itv_datasheet_SPIKA_MS_220_F_A.pdf;https://raw.githubusercontent.com/cooknation/itv/refs/heads/main/itv_manual_SPIKA_MS_220_F_A.pdf;https://raw.githubusercontent.com/cooknation/itv/refs/heads/main/itv_technicalmanual_SPIKA_MS_220_F_A.pdf;https://raw.githubusercontent.com/cooknation/itv/refs/heads/main/itv_drawing_SPIKA_MS_220_F_A.pdf;https://raw.githubusercontent.com/cooknation/itv/refs/heads/main/itv_catalogue_SPIKA_MS_220_F_A.pdf;https://raw.githubusercontent.com/cooknation/itv/refs/heads/main/itv_photo_SPIKA_MS_220_F_A.jpg;https://raw.githubusercontent.com/cooknation/itv/refs/heads/main/itv_card_SPIKA_MS_220_F_A.pdf;https://raw.githubusercontent.com/cooknation/itv/refs/heads/main/itv_brandcatalogue.pdf;https://raw.githubusercontent.com/cooknation/itv/refs/heads/main/itv_price.pdf
CKNITVSPIKA_MS_220_F_A_REMOTE;SPIKA_MS_220_F_A_REMOTE;ITV;Ice maker;Ice maker, vertical system, full cubes ;"DESIGNED TO STAND UP TO THE DEVILUSH PACE OF FAST-FOOD. Quick to produce cubes that cool the drink at full speed (in seconds the drink is cold). The SPIKA ITV range responds to the needs of fast-food establishments with machines ideal for large consumption of ice. The ARHI certification guarantees maximum energy efficiency. A special switch enables easy and rapid cleaning. SPIKA machines are presented in under the counter versions (New Generation technology), or in modules with the option of stacking them and duplicating production in the same space. SPIKA machines are vertical evaporating, with the water distributor patented by ITV which produces ice in the form of dice and half dice. The oversized condenser is optimal for warm climates in both versions (cooling by air and by water). The manufacturing system is simple, reliable, and suitable for chalky areas and difficult working conditions. In both versions it is manufactured in 220V/50Hz, 220V/60Hz and 115V/60Hz. The SPIKA range produces the piece of ice in the form of dice or half dice; it is one of the best-known and most widely used cubes in the world. It cools drinks very quickly: the cooling ratio is close to the 100% mark. You can enjoy your drink in seconds.";762;mm;620;mm;500;mm;66;Kg;ask;;EUR;;;cold>ice maker;ITV, icemaker, bar, cube, ice, full cube, dice cube;;;;simple;;Production (kg/24h);220;Ice type;Full Dice Cube;Storage;Modular;ice size (gr);12;Condensation;;Gas type;R 290;active;https://raw.githubusercontent.com/cooknation/itv/refs/heads/main/itv_video_SPIKA_MS_220_F_A_REMOTE.mp4;https://raw.githubusercontent.com/cooknation/itv/refs/heads/main/itv_image_SPIKA_MS_220_F_A_REMOTE.jpg;https://raw.githubusercontent.com/cooknation/itv/refs/heads/main/itv_image_2_SPIKA_MS_220_F_A_REMOTE.jpg;https://raw.githubusercontent.com/cooknation/itv/refs/heads/main/itv_image_3_SPIKA_MS_220_F_A_REMOTE.jpg;https://raw.githubusercontent.com/cooknation/itv/refs/heads/main/itv_datasheet_SPIKA_MS_220_F_A_REMOTE.pdf;https://raw.githubusercontent.com/cooknation/itv/refs/heads/main/itv_manual_SPIKA_MS_220_F_A_REMOTE.pdf;https://raw.githubusercontent.com/cooknation/itv/refs/heads/main/itv_technicalmanual_SPIKA_MS_220_F_A_REMOTE.pdf;https://raw.githubusercontent.com/cooknation/itv/refs/heads/main/itv_drawing_SPIKA_MS_220_F_A_REMOTE.pdf;https://raw.githubusercontent.com/cooknation/itv/refs/heads/main/itv_catalogue_SPIKA_MS_220_F_A_REMOTE.pdf;https://raw.githubusercontent.com/cooknation/itv/refs/heads/main/itv_photo_SPIKA_MS_220_F_A_REMOTE.jpg;https://raw.githubusercontent.com/cooknation/itv/refs/heads/main/itv_card_SPIKA_MS_220_F_A_REMOTE.pdf;https://raw.githubusercontent.com/cooknation/itv/refs/heads/main/itv_brandcatalogue.pdf;https://raw.githubusercontent.com/cooknation/itv/refs/heads/main/itv_price.pdf
CKNITVSPIKA_MS_220_F_W;SPIKA_MS_220_F_W;ITV;Ice maker;Ice maker, vertical system, full cubes water cooling ;"DESIGNED TO STAND UP TO THE DEVILUSH PACE OF FAST-FOOD. Quick to produce cubes that cool the drink at full speed (in seconds the drink is cold). The SPIKA ITV range responds to the needs of fast-food establishments with machines ideal for large consumption of ice. The ARHI certification guarantees maximum energy efficiency. A special switch enables easy and rapid cleaning. SPIKA machines are presented in under the counter versions (New Generation technology), or in modules with the option of stacking them and duplicating production in the same space. SPIKA machines are vertical evaporating, with the water distributor patented by ITV which produces ice in the form of dice and half dice. The oversized condenser is optimal for warm climates in both versions (cooling by air and by water). The manufacturing system is simple, reliable, and suitable for chalky areas and difficult working conditions. In both versions it is manufactured in 220V/50Hz, 220V/60Hz and 115V/60Hz. The SPIKA range produces the piece of ice in the form of dice or half dice; it is one of the best-known and most widely used cubes in the world. It cools drinks very quickly: the cooling ratio is close to the 100% mark. You can enjoy your drink in seconds.";762;mm;620;mm;500;mm;60;Kg;4958;;EUR;;;cold>ice maker;ITV, icemaker, bar, cube, ice, full cube, dice cube;;;;simple;;Production (kg/24h);236;Ice type;Full Dice Cube;Storage;Modular;ice size (gr);12;Condensation;Water;Gas type;R 290;active;https://raw.githubusercontent.com/cooknation/itv/refs/heads/main/itv_video_SPIKA_MS_220_F_W.mp4;https://raw.githubusercontent.com/cooknation/itv/refs/heads/main/itv_image_SPIKA_MS_220_F_W.jpg;https://raw.githubusercontent.com/cooknation/itv/refs/heads/main/itv_image_2_SPIKA_MS_220_F_W.jpg;https://raw.githubusercontent.com/cooknation/itv/refs/heads/main/itv_image_3_SPIKA_MS_220_F_W.jpg;https://raw.githubusercontent.com/cooknation/itv/refs/heads/main/itv_datasheet_SPIKA_MS_220_F_W.pdf;https://raw.githubusercontent.com/cooknation/itv/refs/heads/main/itv_manual_SPIKA_MS_220_F_W.pdf;https://raw.githubusercontent.com/cooknation/itv/refs/heads/main/itv_technicalmanual_SPIKA_MS_220_F_W.pdf;https://raw.githubusercontent.com/cooknation/itv/refs/heads/main/itv_drawing_SPIKA_MS_220_F_W.pdf;https://raw.githubusercontent.com/cooknation/itv/refs/heads/main/itv_catalogue_SPIKA_MS_220_F_W.pdf;https://raw.githubusercontent.com/cooknation/itv/refs/heads/main/itv_photo_SPIKA_MS_220_F_W.jpg;https://raw.githubusercontent.com/cooknation/itv/refs/heads/main/itv_card_SPIKA_MS_220_F_W.pdf;https://raw.githubusercontent.com/cooknation/itv/refs/heads/main/itv_brandcatalogue.pdf;https://raw.githubusercontent.com/cooknation/itv/refs/heads/main/itv_price.pdf
CKNITVSPIKA_MS_220_H_A;SPIKA_MS_220_H_A;ITV;Ice maker;Ice maker, vertical system, full cubes, air cooling, ;"DESIGNED TO STAND UP TO THE DEVILUSH PACE OF FAST-FOOD. Quick to produce cubes that cool the drink at full speed (in seconds the drink is cold). The SPIKA ITV range responds to the needs of fast-food establishments with machines ideal for large consumption of ice. The ARHI certification guarantees maximum energy efficiency. A special switch enables easy and rapid cleaning. SPIKA machines are presented in under the counter versions (New Generation technology), or in modules with the option of stacking them and duplicating production in the same space. SPIKA machines are vertical evaporating, with the water distributor patented by ITV which produces ice in the form of dice and half dice. The oversized condenser is optimal for warm climates in both versions (cooling by air and by water). The manufacturing system is simple, reliable, and suitable for chalky areas and difficult working conditions. In both versions it is manufactured in 220V/50Hz, 220V/60Hz and 115V/60Hz. The SPIKA range produces the piece of ice in the form of dice or half dice; it is one of the best-known and most widely used cubes in the world. It cools drinks very quickly: the cooling ratio is close to the 100% mark. You can enjoy your drink in seconds.";762;mm;620;mm;500;mm;60;Kg;4926;;EUR;;;cold>ice maker;ITV, icemaker, bar, cube, ice, full cube, dice cube;;;;simple;;Production (kg/24h);220;Ice type;Half Dice Cube;Storage;Modular;ice size (gr);6;Condensation;Air;Gas type;R 290;active;https://raw.githubusercontent.com/cooknation/itv/refs/heads/main/itv_video_SPIKA_MS_220_H_A.mp4;https://raw.githubusercontent.com/cooknation/itv/refs/heads/main/itv_image_SPIKA_MS_220_H_A.jpg;https://raw.githubusercontent.com/cooknation/itv/refs/heads/main/itv_image_2_SPIKA_MS_220_H_A.jpg;https://raw.githubusercontent.com/cooknation/itv/refs/heads/main/itv_image_3_SPIKA_MS_220_H_A.jpg;https://raw.githubusercontent.com/cooknation/itv/refs/heads/main/itv_datasheet_SPIKA_MS_220_H_A.pdf;https://raw.githubusercontent.com/cooknation/itv/refs/heads/main/itv_manual_SPIKA_MS_220_H_A.pdf;https://raw.githubusercontent.com/cooknation/itv/refs/heads/main/itv_technicalmanual_SPIKA_MS_220_H_A.pdf;https://raw.githubusercontent.com/cooknation/itv/refs/heads/main/itv_drawing_SPIKA_MS_220_H_A.pdf;https://raw.githubusercontent.com/cooknation/itv/refs/heads/main/itv_catalogue_SPIKA_MS_220_H_A.pdf;https://raw.githubusercontent.com/cooknation/itv/refs/heads/main/itv_photo_SPIKA_MS_220_H_A.jpg;https://raw.githubusercontent.com/cooknation/itv/refs/heads/main/itv_card_SPIKA_MS_220_H_A.pdf;https://raw.githubusercontent.com/cooknation/itv/refs/heads/main/itv_brandcatalogue.pdf;https://raw.githubusercontent.com/cooknation/itv/refs/heads/main/itv_price.pdf
CKNITVSPIKA_MS_220_H_A_REMOTE;SPIKA_MS_220_H_A_REMOTE;ITV;Ice maker;Ice maker, vertical system, full cubes ;"DESIGNED TO STAND UP TO THE DEVILUSH PACE OF FAST-FOOD. Quick to produce cubes that cool the drink at full speed (in seconds the drink is cold). The SPIKA ITV range responds to the needs of fast-food establishments with machines ideal for large consumption of ice. The ARHI certification guarantees maximum energy efficiency. A special switch enables easy and rapid cleaning. SPIKA machines are presented in under the counter versions (New Generation technology), or in modules with the option of stacking them and duplicating production in the same space. SPIKA machines are vertical evaporating, with the water distributor patented by ITV which produces ice in the form of dice and half dice. The oversized condenser is optimal for warm climates in both versions (cooling by air and by water). The manufacturing system is simple, reliable, and suitable for chalky areas and difficult working conditions. In both versions it is manufactured in 220V/50Hz, 220V/60Hz and 115V/60Hz. The SPIKA range produces the piece of ice in the form of dice or half dice; it is one of the best-known and most widely used cubes in the world. It cools drinks very quickly: the cooling ratio is close to the 100% mark. You can enjoy your drink in seconds.";762;mm;620;mm;500;mm;66;Kg;ask;;EUR;;;cold>ice maker;ITV, icemaker, bar, cube, ice, full cube, dice cube;;;;simple;;Production (kg/24h);220;Ice type;Half Dice Cube;Storage;Modular;ice size (gr);6;Condensation;;Gas type;R 290;active;https://raw.githubusercontent.com/cooknation/itv/refs/heads/main/itv_video_SPIKA_MS_220_H_A_REMOTE.mp4;https://raw.githubusercontent.com/cooknation/itv/refs/heads/main/itv_image_SPIKA_MS_220_H_A_REMOTE.jpg;https://raw.githubusercontent.com/cooknation/itv/refs/heads/main/itv_image_2_SPIKA_MS_220_H_A_REMOTE.jpg;https://raw.githubusercontent.com/cooknation/itv/refs/heads/main/itv_image_3_SPIKA_MS_220_H_A_REMOTE.jpg;https://raw.githubusercontent.com/cooknation/itv/refs/heads/main/itv_datasheet_SPIKA_MS_220_H_A_REMOTE.pdf;https://raw.githubusercontent.com/cooknation/itv/refs/heads/main/itv_manual_SPIKA_MS_220_H_A_REMOTE.pdf;https://raw.githubusercontent.com/cooknation/itv/refs/heads/main/itv_technicalmanual_SPIKA_MS_220_H_A_REMOTE.pdf;https://raw.githubusercontent.com/cooknation/itv/refs/heads/main/itv_drawing_SPIKA_MS_220_H_A_REMOTE.pdf;https://raw.githubusercontent.com/cooknation/itv/refs/heads/main/itv_catalogue_SPIKA_MS_220_H_A_REMOTE.pdf;https://raw.githubusercontent.com/cooknation/itv/refs/heads/main/itv_photo_SPIKA_MS_220_H_A_REMOTE.jpg;https://raw.githubusercontent.com/cooknation/itv/refs/heads/main/itv_card_SPIKA_MS_220_H_A_REMOTE.pdf;https://raw.githubusercontent.com/cooknation/itv/refs/heads/main/itv_brandcatalogue.pdf;https://raw.githubusercontent.com/cooknation/itv/refs/heads/main/itv_price.pdf
CKNITVSPIKA_MS_220_H_W;SPIKA_MS_220_H_W;ITV;Ice maker;Ice maker, vertical system, full cubes, water cooling ;"DESIGNED TO STAND UP TO THE DEVILUSH PACE OF FAST-FOOD. Quick to produce cubes that cool the drink at full speed (in seconds the drink is cold). The SPIKA ITV range responds to the needs of fast-food establishments with machines ideal for large consumption of ice. The ARHI certification guarantees maximum energy efficiency. A special switch enables easy and rapid cleaning. SPIKA machines are presented in under the counter versions (New Generation technology), or in modules with the option of stacking them and duplicating production in the same space. SPIKA machines are vertical evaporating, with the water distributor patented by ITV which produces ice in the form of dice and half dice. The oversized condenser is optimal for warm climates in both versions (cooling by air and by water). The manufacturing system is simple, reliable, and suitable for chalky areas and difficult working conditions. In both versions it is manufactured in 220V/50Hz, 220V/60Hz and 115V/60Hz. The SPIKA range produces the piece of ice in the form of dice or half dice; it is one of the best-known and most widely used cubes in the world. It cools drinks very quickly: the cooling ratio is close to the 100% mark. You can enjoy your drink in seconds.";762;mm;620;mm;500;mm;60;Kg;4958;;EUR;;;cold>ice maker;ITV, icemaker, bar, cube, ice, full cube, dice cube;;;;simple;;Production (kg/24h);236;Ice type;Half Dice Cube;Storage;Modular;ice size (gr);6;Condensation;Water;Gas type;R 290;active;https://raw.githubusercontent.com/cooknation/itv/refs/heads/main/itv_video_SPIKA_MS_220_H_W.mp4;https://raw.githubusercontent.com/cooknation/itv/refs/heads/main/itv_image_SPIKA_MS_220_H_W.jpg;https://raw.githubusercontent.com/cooknation/itv/refs/heads/main/itv_image_2_SPIKA_MS_220_H_W.jpg;https://raw.githubusercontent.com/cooknation/itv/refs/heads/main/itv_image_3_SPIKA_MS_220_H_W.jpg;https://raw.githubusercontent.com/cooknation/itv/refs/heads/main/itv_datasheet_SPIKA_MS_220_H_W.pdf;https://raw.githubusercontent.com/cooknation/itv/refs/heads/main/itv_manual_SPIKA_MS_220_H_W.pdf;https://raw.githubusercontent.com/cooknation/itv/refs/heads/main/itv_technicalmanual_SPIKA_MS_220_H_W.pdf;https://raw.githubusercontent.com/cooknation/itv/refs/heads/main/itv_drawing_SPIKA_MS_220_H_W.pdf;https://raw.githubusercontent.com/cooknation/itv/refs/heads/main/itv_catalogue_SPIKA_MS_220_H_W.pdf;https://raw.githubusercontent.com/cooknation/itv/refs/heads/main/itv_photo_SPIKA_MS_220_H_W.jpg;https://raw.githubusercontent.com/cooknation/itv/refs/heads/main/itv_card_SPIKA_MS_220_H_W.pdf;https://raw.githubusercontent.com/cooknation/itv/refs/heads/main/itv_brandcatalogue.pdf;https://raw.githubusercontent.com/cooknation/itv/refs/heads/main/itv_price.pdf
CKNITVSPIKA_MS_300_F_A_SLIM;SPIKA_MS_300_F_A_SLIM;ITV;Ice maker;Ice maker, vertical system, full cubes air cooling, ;"DESIGNED TO STAND UP TO THE DEVILUSH PACE OF FAST-FOOD. Quick to produce cubes that cool the drink at full speed (in seconds the drink is cold). The SPIKA ITV range responds to the needs of fast-food establishments with machines ideal for large consumption of ice. The ARHI certification guarantees maximum energy efficiency. A special switch enables easy and rapid cleaning. SPIKA machines are presented in under the counter versions (New Generation technology), or in modules with the option of stacking them and duplicating production in the same space. SPIKA machines are vertical evaporating, with the water distributor patented by ITV which produces ice in the form of dice and half dice. The oversized condenser is optimal for warm climates in both versions (cooling by air and by water). The manufacturing system is simple, reliable, and suitable for chalky areas and difficult working conditions. In both versions it is manufactured in 220V/50Hz, 220V/60Hz and 115V/60Hz. The SPIKA range produces the piece of ice in the form of dice or half dice; it is one of the best-known and most widely used cubes in the world. It cools drinks very quickly: the cooling ratio is close to the 100% mark. You can enjoy your drink in seconds.";559;mm;621;mm;659;mm;66;Kg;6969;;EUR;;;cold>ice maker;ITV, icemaker, bar, cube, ice, full cube, dice cube;;;;simple;;Production (kg/24h);305;Ice type;Full Dice Cube;Storage;Modular ;ice size (gr);12;Condensation;Air ;Gas type;R 290;active;https://raw.githubusercontent.com/cooknation/itv/refs/heads/main/itv_video_SPIKA_MS_300_F_A_SLIM.mp4;https://raw.githubusercontent.com/cooknation/itv/refs/heads/main/itv_image_SPIKA_MS_300_F_A_SLIM.jpg;https://raw.githubusercontent.com/cooknation/itv/refs/heads/main/itv_image_2_SPIKA_MS_300_F_A_SLIM.jpg;https://raw.githubusercontent.com/cooknation/itv/refs/heads/main/itv_image_3_SPIKA_MS_300_F_A_SLIM.jpg;https://raw.githubusercontent.com/cooknation/itv/refs/heads/main/itv_datasheet_SPIKA_MS_300_F_A_SLIM.pdf;https://raw.githubusercontent.com/cooknation/itv/refs/heads/main/itv_manual_SPIKA_MS_300_F_A_SLIM.pdf;https://raw.githubusercontent.com/cooknation/itv/refs/heads/main/itv_technicalmanual_SPIKA_MS_300_F_A_SLIM.pdf;https://raw.githubusercontent.com/cooknation/itv/refs/heads/main/itv_drawing_SPIKA_MS_300_F_A_SLIM.pdf;https://raw.githubusercontent.com/cooknation/itv/refs/heads/main/itv_catalogue_SPIKA_MS_300_F_A_SLIM.pdf;https://raw.githubusercontent.com/cooknation/itv/refs/heads/main/itv_photo_SPIKA_MS_300_F_A_SLIM.jpg;https://raw.githubusercontent.com/cooknation/itv/refs/heads/main/itv_card_SPIKA_MS_300_F_A_SLIM.pdf;https://raw.githubusercontent.com/cooknation/itv/refs/heads/main/itv_brandcatalogue.pdf;https://raw.githubusercontent.com/cooknation/itv/refs/heads/main/itv_price.pdf
CKNITVSPIKA_MS_300_F_W_SLIM;SPIKA_MS_300_F_W_SLIM;ITV;Ice maker;Ice maker, vertical system, full cubes ;"DESIGNED TO STAND UP TO THE DEVILUSH PACE OF FAST-FOOD. Quick to produce cubes that cool the drink at full speed (in seconds the drink is cold). The SPIKA ITV range responds to the needs of fast-food establishments with machines ideal for large consumption of ice. The ARHI certification guarantees maximum energy efficiency. A special switch enables easy and rapid cleaning. SPIKA machines are presented in under the counter versions (New Generation technology), or in modules with the option of stacking them and duplicating production in the same space. SPIKA machines are vertical evaporating, with the water distributor patented by ITV which produces ice in the form of dice and half dice. The oversized condenser is optimal for warm climates in both versions (cooling by air and by water). The manufacturing system is simple, reliable, and suitable for chalky areas and difficult working conditions. In both versions it is manufactured in 220V/50Hz, 220V/60Hz and 115V/60Hz. The SPIKA range produces the piece of ice in the form of dice or half dice; it is one of the best-known and most widely used cubes in the world. It cools drinks very quickly: the cooling ratio is close to the 100% mark. You can enjoy your drink in seconds.";559;mm;621;mm;659;mm;66;Kg;7014;;EUR;;;cold>ice maker;ITV, icemaker, bar, cube, ice, full cube, dice cube;;;;simple;;Production (kg/24h);320;Ice type;Full Dice Cube;Storage;Modular ;ice size (gr);12;Condensation;Water;Gas type;R 290;active;https://raw.githubusercontent.com/cooknation/itv/refs/heads/main/itv_video_SPIKA_MS_300_F_W_SLIM.mp4;https://raw.githubusercontent.com/cooknation/itv/refs/heads/main/itv_image_SPIKA_MS_300_F_W_SLIM.jpg;https://raw.githubusercontent.com/cooknation/itv/refs/heads/main/itv_image_2_SPIKA_MS_300_F_W_SLIM.jpg;https://raw.githubusercontent.com/cooknation/itv/refs/heads/main/itv_image_3_SPIKA_MS_300_F_W_SLIM.jpg;https://raw.githubusercontent.com/cooknation/itv/refs/heads/main/itv_datasheet_SPIKA_MS_300_F_W_SLIM.pdf;https://raw.githubusercontent.com/cooknation/itv/refs/heads/main/itv_manual_SPIKA_MS_300_F_W_SLIM.pdf;https://raw.githubusercontent.com/cooknation/itv/refs/heads/main/itv_technicalmanual_SPIKA_MS_300_F_W_SLIM.pdf;https://raw.githubusercontent.com/cooknation/itv/refs/heads/main/itv_drawing_SPIKA_MS_300_F_W_SLIM.pdf;https://raw.githubusercontent.com/cooknation/itv/refs/heads/main/itv_catalogue_SPIKA_MS_300_F_W_SLIM.pdf;https://raw.githubusercontent.com/cooknation/itv/refs/heads/main/itv_photo_SPIKA_MS_300_F_W_SLIM.jpg;https://raw.githubusercontent.com/cooknation/itv/refs/heads/main/itv_card_SPIKA_MS_300_F_W_SLIM.pdf;https://raw.githubusercontent.com/cooknation/itv/refs/heads/main/itv_brandcatalogue.pdf;https://raw.githubusercontent.com/cooknation/itv/refs/heads/main/itv_price.pdf
CKNITVSPIKA_MS_300_H_A_SLIM;SPIKA_MS_300_H_A_SLIM;ITV;Ice maker;Ice maker, vertical system, full cubes air cooling, ;"DESIGNED TO STAND UP TO THE DEVILUSH PACE OF FAST-FOOD. Quick to produce cubes that cool the drink at full speed (in seconds the drink is cold). The SPIKA ITV range responds to the needs of fast-food establishments with machines ideal for large consumption of ice. The ARHI certification guarantees maximum energy efficiency. A special switch enables easy and rapid cleaning. SPIKA machines are presented in under the counter versions (New Generation technology), or in modules with the option of stacking them and duplicating production in the same space. SPIKA machines are vertical evaporating, with the water distributor patented by ITV which produces ice in the form of dice and half dice. The oversized condenser is optimal for warm climates in both versions (cooling by air and by water). The manufacturing system is simple, reliable, and suitable for chalky areas and difficult working conditions. In both versions it is manufactured in 220V/50Hz, 220V/60Hz and 115V/60Hz. The SPIKA range produces the piece of ice in the form of dice or half dice; it is one of the best-known and most widely used cubes in the world. It cools drinks very quickly: the cooling ratio is close to the 100% mark. You can enjoy your drink in seconds.";559;mm;621;mm;659;mm;66;Kg;6969;;EUR;;;cold>ice maker;ITV, icemaker, bar, cube, ice, full cube, dice cube;;;;simple;;Production (kg/24h);305;Ice type;Half Dice Cube;Storage;Modular ;ice size (gr);6;Condensation;Air ;Gas type;R 290;active;https://raw.githubusercontent.com/cooknation/itv/refs/heads/main/itv_video_SPIKA_MS_300_H_A_SLIM.mp4;https://raw.githubusercontent.com/cooknation/itv/refs/heads/main/itv_image_SPIKA_MS_300_H_A_SLIM.jpg;https://raw.githubusercontent.com/cooknation/itv/refs/heads/main/itv_image_2_SPIKA_MS_300_H_A_SLIM.jpg;https://raw.githubusercontent.com/cooknation/itv/refs/heads/main/itv_image_3_SPIKA_MS_300_H_A_SLIM.jpg;https://raw.githubusercontent.com/cooknation/itv/refs/heads/main/itv_datasheet_SPIKA_MS_300_H_A_SLIM.pdf;https://raw.githubusercontent.com/cooknation/itv/refs/heads/main/itv_manual_SPIKA_MS_300_H_A_SLIM.pdf;https://raw.githubusercontent.com/cooknation/itv/refs/heads/main/itv_technicalmanual_SPIKA_MS_300_H_A_SLIM.pdf;https://raw.githubusercontent.com/cooknation/itv/refs/heads/main/itv_drawing_SPIKA_MS_300_H_A_SLIM.pdf;https://raw.githubusercontent.com/cooknation/itv/refs/heads/main/itv_catalogue_SPIKA_MS_300_H_A_SLIM.pdf;https://raw.githubusercontent.com/cooknation/itv/refs/heads/main/itv_photo_SPIKA_MS_300_H_A_SLIM.jpg;https://raw.githubusercontent.com/cooknation/itv/refs/heads/main/itv_card_SPIKA_MS_300_H_A_SLIM.pdf;https://raw.githubusercontent.com/cooknation/itv/refs/heads/main/itv_brandcatalogue.pdf;https://raw.githubusercontent.com/cooknation/itv/refs/heads/main/itv_price.pdf
CKNITVSPIKA_MS_300_H_W_SLIM;SPIKA_MS_300_H_W_SLIM;ITV;Ice maker;Ice maker, vertical system, full cubes ;"DESIGNED TO STAND UP TO THE DEVILUSH PACE OF FAST-FOOD. Quick to produce cubes that cool the drink at full speed (in seconds the drink is cold). The SPIKA ITV range responds to the needs of fast-food establishments with machines ideal for large consumption of ice. The ARHI certification guarantees maximum energy efficiency. A special switch enables easy and rapid cleaning. SPIKA machines are presented in under the counter versions (New Generation technology), or in modules with the option of stacking them and duplicating production in the same space. SPIKA machines are vertical evaporating, with the water distributor patented by ITV which produces ice in the form of dice and half dice. The oversized condenser is optimal for warm climates in both versions (cooling by air and by water). The manufacturing system is simple, reliable, and suitable for chalky areas and difficult working conditions. In both versions it is manufactured in 220V/50Hz, 220V/60Hz and 115V/60Hz. The SPIKA range produces the piece of ice in the form of dice or half dice; it is one of the best-known and most widely used cubes in the world. It cools drinks very quickly: the cooling ratio is close to the 100% mark. You can enjoy your drink in seconds.";559;mm;621;mm;659;mm;66;Kg;7014;;EUR;;;cold>ice maker;ITV, icemaker, bar, cube, ice, full cube, dice cube;;;;simple;;Production (kg/24h);320;Ice type;Half Dice Cube;Storage;Modular ;ice size (gr);6;Condensation;Water;Gas type;R 290;active;https://raw.githubusercontent.com/cooknation/itv/refs/heads/main/itv_video_SPIKA_MS_300_H_W_SLIM.mp4;https://raw.githubusercontent.com/cooknation/itv/refs/heads/main/itv_image_SPIKA_MS_300_H_W_SLIM.jpg;https://raw.githubusercontent.com/cooknation/itv/refs/heads/main/itv_image_2_SPIKA_MS_300_H_W_SLIM.jpg;https://raw.githubusercontent.com/cooknation/itv/refs/heads/main/itv_image_3_SPIKA_MS_300_H_W_SLIM.jpg;https://raw.githubusercontent.com/cooknation/itv/refs/heads/main/itv_datasheet_SPIKA_MS_300_H_W_SLIM.pdf;https://raw.githubusercontent.com/cooknation/itv/refs/heads/main/itv_manual_SPIKA_MS_300_H_W_SLIM.pdf;https://raw.githubusercontent.com/cooknation/itv/refs/heads/main/itv_technicalmanual_SPIKA_MS_300_H_W_SLIM.pdf;https://raw.githubusercontent.com/cooknation/itv/refs/heads/main/itv_drawing_SPIKA_MS_300_H_W_SLIM.pdf;https://raw.githubusercontent.com/cooknation/itv/refs/heads/main/itv_catalogue_SPIKA_MS_300_H_W_SLIM.pdf;https://raw.githubusercontent.com/cooknation/itv/refs/heads/main/itv_photo_SPIKA_MS_300_H_W_SLIM.jpg;https://raw.githubusercontent.com/cooknation/itv/refs/heads/main/itv_card_SPIKA_MS_300_H_W_SLIM.pdf;https://raw.githubusercontent.com/cooknation/itv/refs/heads/main/itv_brandcatalogue.pdf;https://raw.githubusercontent.com/cooknation/itv/refs/heads/main/itv_price.pdf
CKNITVSPIKA_MS_410_F_A;SPIKA_MS_410_F_A;ITV;Ice maker;Ice maker, vertical system, full cubes air cooling, ;"DESIGNED TO STAND UP TO THE DEVILUSH PACE OF FAST-FOOD. Quick to produce cubes that cool the drink at full speed (in seconds the drink is cold). The SPIKA ITV range responds to the needs of fast-food establishments with machines ideal for large consumption of ice. The ARHI certification guarantees maximum energy efficiency. A special switch enables easy and rapid cleaning. SPIKA machines are presented in under the counter versions (New Generation technology), or in modules with the option of stacking them and duplicating production in the same space. SPIKA machines are vertical evaporating, with the water distributor patented by ITV which produces ice in the form of dice and half dice. The oversized condenser is optimal for warm climates in both versions (cooling by air and by water). The manufacturing system is simple, reliable, and suitable for chalky areas and difficult working conditions. In both versions it is manufactured in 220V/50Hz, 220V/60Hz and 115V/60Hz. The SPIKA range produces the piece of ice in the form of dice or half dice; it is one of the best-known and most widely used cubes in the world. It cools drinks very quickly: the cooling ratio is close to the 100% mark. You can enjoy your drink in seconds.";760;mm;620;mm;762;mm;95;Kg;6714;;EUR;;;cold>ice maker;ITV, icemaker, bar, cube, ice, full cube, dice cube;;;;simple;;Production (kg/24h);405;Ice type;Full Dice Cube;Storage;Modular;ice size (gr);12;Condensation;Air;Gas type;R 452A;active;https://raw.githubusercontent.com/cooknation/itv/refs/heads/main/itv_video_SPIKA_MS_410_F_A.mp4;https://raw.githubusercontent.com/cooknation/itv/refs/heads/main/itv_image_SPIKA_MS_410_F_A.jpg;https://raw.githubusercontent.com/cooknation/itv/refs/heads/main/itv_image_2_SPIKA_MS_410_F_A.jpg;https://raw.githubusercontent.com/cooknation/itv/refs/heads/main/itv_image_3_SPIKA_MS_410_F_A.jpg;https://raw.githubusercontent.com/cooknation/itv/refs/heads/main/itv_datasheet_SPIKA_MS_410_F_A.pdf;https://raw.githubusercontent.com/cooknation/itv/refs/heads/main/itv_manual_SPIKA_MS_410_F_A.pdf;https://raw.githubusercontent.com/cooknation/itv/refs/heads/main/itv_technicalmanual_SPIKA_MS_410_F_A.pdf;https://raw.githubusercontent.com/cooknation/itv/refs/heads/main/itv_drawing_SPIKA_MS_410_F_A.pdf;https://raw.githubusercontent.com/cooknation/itv/refs/heads/main/itv_catalogue_SPIKA_MS_410_F_A.pdf;https://raw.githubusercontent.com/cooknation/itv/refs/heads/main/itv_photo_SPIKA_MS_410_F_A.jpg;https://raw.githubusercontent.com/cooknation/itv/refs/heads/main/itv_card_SPIKA_MS_410_F_A.pdf;https://raw.githubusercontent.com/cooknation/itv/refs/heads/main/itv_brandcatalogue.pdf;https://raw.githubusercontent.com/cooknation/itv/refs/heads/main/itv_price.pdf
CKNITVSPIKA_MS_410_F_A_REMOTE ;SPIKA_MS_410_F_A_REMOTE ;ITV;Ice maker;Ice maker, vertical system, full cubes ;"DESIGNED TO STAND UP TO THE DEVILUSH PACE OF FAST-FOOD. Quick to produce cubes that cool the drink at full speed (in seconds the drink is cold). The SPIKA ITV range responds to the needs of fast-food establishments with machines ideal for large consumption of ice. The ARHI certification guarantees maximum energy efficiency. A special switch enables easy and rapid cleaning. SPIKA machines are presented in under the counter versions (New Generation technology), or in modules with the option of stacking them and duplicating production in the same space. SPIKA machines are vertical evaporating, with the water distributor patented by ITV which produces ice in the form of dice and half dice. The oversized condenser is optimal for warm climates in both versions (cooling by air and by water). The manufacturing system is simple, reliable, and suitable for chalky areas and difficult working conditions. In both versions it is manufactured in 220V/50Hz, 220V/60Hz and 115V/60Hz. The SPIKA range produces the piece of ice in the form of dice or half dice; it is one of the best-known and most widely used cubes in the world. It cools drinks very quickly: the cooling ratio is close to the 100% mark. You can enjoy your drink in seconds.";760;mm;620;mm;762;mm;95;Kg;6556;;EUR;;;cold>ice maker;ITV, icemaker, bar, cube, ice, full cube, dice cube;;;;simple;;Production (kg/24h);416;Ice type;Half Dice Cube;Storage;Modular;ice size (gr);12;Condensation;Water;Gas type;R 452A;active;https://raw.githubusercontent.com/cooknation/itv/refs/heads/main/itv_video_SPIKA_MS_410_F_A_REMOTE .mp4;https://raw.githubusercontent.com/cooknation/itv/refs/heads/main/itv_image_SPIKA_MS_410_F_A_REMOTE .jpg;https://raw.githubusercontent.com/cooknation/itv/refs/heads/main/itv_image_2_SPIKA_MS_410_F_A_REMOTE .jpg;https://raw.githubusercontent.com/cooknation/itv/refs/heads/main/itv_image_3_SPIKA_MS_410_F_A_REMOTE .jpg;https://raw.githubusercontent.com/cooknation/itv/refs/heads/main/itv_datasheet_SPIKA_MS_410_F_A_REMOTE .pdf;https://raw.githubusercontent.com/cooknation/itv/refs/heads/main/itv_manual_SPIKA_MS_410_F_A_REMOTE .pdf;https://raw.githubusercontent.com/cooknation/itv/refs/heads/main/itv_technicalmanual_SPIKA_MS_410_F_A_REMOTE .pdf;https://raw.githubusercontent.com/cooknation/itv/refs/heads/main/itv_drawing_SPIKA_MS_410_F_A_REMOTE .pdf;https://raw.githubusercontent.com/cooknation/itv/refs/heads/main/itv_catalogue_SPIKA_MS_410_F_A_REMOTE .pdf;https://raw.githubusercontent.com/cooknation/itv/refs/heads/main/itv_photo_SPIKA_MS_410_F_A_REMOTE .jpg;https://raw.githubusercontent.com/cooknation/itv/refs/heads/main/itv_card_SPIKA_MS_410_F_A_REMOTE .pdf;https://raw.githubusercontent.com/cooknation/itv/refs/heads/main/itv_brandcatalogue.pdf;https://raw.githubusercontent.com/cooknation/itv/refs/heads/main/itv_price.pdf
CKNITVSPIKA_MS_410_F_W;SPIKA_MS_410_F_W;ITV;Ice maker;Ice maker, vertical system, full cubes, water cooling, ;"DESIGNED TO STAND UP TO THE DEVILUSH PACE OF FAST-FOOD. Quick to produce cubes that cool the drink at full speed (in seconds the drink is cold). The SPIKA ITV range responds to the needs of fast-food establishments with machines ideal for large consumption of ice. The ARHI certification guarantees maximum energy efficiency. A special switch enables easy and rapid cleaning. SPIKA machines are presented in under the counter versions (New Generation technology), or in modules with the option of stacking them and duplicating production in the same space. SPIKA machines are vertical evaporating, with the water distributor patented by ITV which produces ice in the form of dice and half dice. The oversized condenser is optimal for warm climates in both versions (cooling by air and by water). The manufacturing system is simple, reliable, and suitable for chalky areas and difficult working conditions. In both versions it is manufactured in 220V/50Hz, 220V/60Hz and 115V/60Hz. The SPIKA range produces the piece of ice in the form of dice or half dice; it is one of the best-known and most widely used cubes in the world. It cools drinks very quickly: the cooling ratio is close to the 100% mark. You can enjoy your drink in seconds.";760;mm;620;mm;762;mm;95;Kg;6790;;EUR;;;cold>ice maker;ITV, icemaker, bar, cube, ice, full cube, dice cube;;;;simple;;Production (kg/24h);405;Ice type;Full Dice Cube;Storage;Modular;ice size (gr);6;Condensation;Air;Gas type;R 452A;active;https://raw.githubusercontent.com/cooknation/itv/refs/heads/main/itv_video_SPIKA_MS_410_F_W.mp4;https://raw.githubusercontent.com/cooknation/itv/refs/heads/main/itv_image_SPIKA_MS_410_F_W.jpg;https://raw.githubusercontent.com/cooknation/itv/refs/heads/main/itv_image_2_SPIKA_MS_410_F_W.jpg;https://raw.githubusercontent.com/cooknation/itv/refs/heads/main/itv_image_3_SPIKA_MS_410_F_W.jpg;https://raw.githubusercontent.com/cooknation/itv/refs/heads/main/itv_datasheet_SPIKA_MS_410_F_W.pdf;https://raw.githubusercontent.com/cooknation/itv/refs/heads/main/itv_manual_SPIKA_MS_410_F_W.pdf;https://raw.githubusercontent.com/cooknation/itv/refs/heads/main/itv_technicalmanual_SPIKA_MS_410_F_W.pdf;https://raw.githubusercontent.com/cooknation/itv/refs/heads/main/itv_drawing_SPIKA_MS_410_F_W.pdf;https://raw.githubusercontent.com/cooknation/itv/refs/heads/main/itv_catalogue_SPIKA_MS_410_F_W.pdf;https://raw.githubusercontent.com/cooknation/itv/refs/heads/main/itv_photo_SPIKA_MS_410_F_W.jpg;https://raw.githubusercontent.com/cooknation/itv/refs/heads/main/itv_card_SPIKA_MS_410_F_W.pdf;https://raw.githubusercontent.com/cooknation/itv/refs/heads/main/itv_brandcatalogue.pdf;https://raw.githubusercontent.com/cooknation/itv/refs/heads/main/itv_price.pdf
CKNITVSPIKA_MS_410_H_A;SPIKA_MS_410_H_A;ITV;Ice maker;Ice maker, vertical system, full cubes air cooling, ;"DESIGNED TO STAND UP TO THE DEVILUSH PACE OF FAST-FOOD. Quick to produce cubes that cool the drink at full speed (in seconds the drink is cold). The SPIKA ITV range responds to the needs of fast-food establishments with machines ideal for large consumption of ice. The ARHI certification guarantees maximum energy efficiency. A special switch enables easy and rapid cleaning. SPIKA machines are presented in under the counter versions (New Generation technology), or in modules with the option of stacking them and duplicating production in the same space. SPIKA machines are vertical evaporating, with the water distributor patented by ITV which produces ice in the form of dice and half dice. The oversized condenser is optimal for warm climates in both versions (cooling by air and by water). The manufacturing system is simple, reliable, and suitable for chalky areas and difficult working conditions. In both versions it is manufactured in 220V/50Hz, 220V/60Hz and 115V/60Hz. The SPIKA range produces the piece of ice in the form of dice or half dice; it is one of the best-known and most widely used cubes in the world. It cools drinks very quickly: the cooling ratio is close to the 100% mark. You can enjoy your drink in seconds.";760;mm;620;mm;762;mm;95;Kg;6714;;EUR;;;cold>ice maker;ITV, icemaker, bar, cube, ice, full cube, dice cube;;;;simple;;Production (kg/24h);405;Ice type;Half Dice Cube;Storage;Modular;ice size (gr);12;Condensation;Air;Gas type;R 452A;active;https://raw.githubusercontent.com/cooknation/itv/refs/heads/main/itv_video_SPIKA_MS_410_H_A.mp4;https://raw.githubusercontent.com/cooknation/itv/refs/heads/main/itv_image_SPIKA_MS_410_H_A.jpg;https://raw.githubusercontent.com/cooknation/itv/refs/heads/main/itv_image_2_SPIKA_MS_410_H_A.jpg;https://raw.githubusercontent.com/cooknation/itv/refs/heads/main/itv_image_3_SPIKA_MS_410_H_A.jpg;https://raw.githubusercontent.com/cooknation/itv/refs/heads/main/itv_datasheet_SPIKA_MS_410_H_A.pdf;https://raw.githubusercontent.com/cooknation/itv/refs/heads/main/itv_manual_SPIKA_MS_410_H_A.pdf;https://raw.githubusercontent.com/cooknation/itv/refs/heads/main/itv_technicalmanual_SPIKA_MS_410_H_A.pdf;https://raw.githubusercontent.com/cooknation/itv/refs/heads/main/itv_drawing_SPIKA_MS_410_H_A.pdf;https://raw.githubusercontent.com/cooknation/itv/refs/heads/main/itv_catalogue_SPIKA_MS_410_H_A.pdf;https://raw.githubusercontent.com/cooknation/itv/refs/heads/main/itv_photo_SPIKA_MS_410_H_A.jpg;https://raw.githubusercontent.com/cooknation/itv/refs/heads/main/itv_card_SPIKA_MS_410_H_A.pdf;https://raw.githubusercontent.com/cooknation/itv/refs/heads/main/itv_brandcatalogue.pdf;https://raw.githubusercontent.com/cooknation/itv/refs/heads/main/itv_price.pdf
CKNITVSPIKA_MS_410_H_A_REMOTE;SPIKA_MS_410_H_A_REMOTE;ITV;Ice maker;Ice maker, vertical system, full cubes, water cooling, ;"DESIGNED TO STAND UP TO THE DEVILUSH PACE OF FAST-FOOD. Quick to produce cubes that cool the drink at full speed (in seconds the drink is cold). The SPIKA ITV range responds to the needs of fast-food establishments with machines ideal for large consumption of ice. The ARHI certification guarantees maximum energy efficiency. A special switch enables easy and rapid cleaning. SPIKA machines are presented in under the counter versions (New Generation technology), or in modules with the option of stacking them and duplicating production in the same space. SPIKA machines are vertical evaporating, with the water distributor patented by ITV which produces ice in the form of dice and half dice. The oversized condenser is optimal for warm climates in both versions (cooling by air and by water). The manufacturing system is simple, reliable, and suitable for chalky areas and difficult working conditions. In both versions it is manufactured in 220V/50Hz, 220V/60Hz and 115V/60Hz. The SPIKA range produces the piece of ice in the form of dice or half dice; it is one of the best-known and most widely used cubes in the world. It cools drinks very quickly: the cooling ratio is close to the 100% mark. You can enjoy your drink in seconds.";760;mm;620;mm;762;mm;95;Kg;6556;;EUR;;;cold>ice maker;ITV, icemaker, bar, cube, ice, full cube, dice cube;;;;simple;;Production (kg/24h);405;Ice type;Half Dice Cube;Storage;Modular;ice size (gr);6;Condensation;Air;Gas type;R 452A;active;https://raw.githubusercontent.com/cooknation/itv/refs/heads/main/itv_video_SPIKA_MS_410_H_A_REMOTE.mp4;https://raw.githubusercontent.com/cooknation/itv/refs/heads/main/itv_image_SPIKA_MS_410_H_A_REMOTE.jpg;https://raw.githubusercontent.com/cooknation/itv/refs/heads/main/itv_image_2_SPIKA_MS_410_H_A_REMOTE.jpg;https://raw.githubusercontent.com/cooknation/itv/refs/heads/main/itv_image_3_SPIKA_MS_410_H_A_REMOTE.jpg;https://raw.githubusercontent.com/cooknation/itv/refs/heads/main/itv_datasheet_SPIKA_MS_410_H_A_REMOTE.pdf;https://raw.githubusercontent.com/cooknation/itv/refs/heads/main/itv_manual_SPIKA_MS_410_H_A_REMOTE.pdf;https://raw.githubusercontent.com/cooknation/itv/refs/heads/main/itv_technicalmanual_SPIKA_MS_410_H_A_REMOTE.pdf;https://raw.githubusercontent.com/cooknation/itv/refs/heads/main/itv_drawing_SPIKA_MS_410_H_A_REMOTE.pdf;https://raw.githubusercontent.com/cooknation/itv/refs/heads/main/itv_catalogue_SPIKA_MS_410_H_A_REMOTE.pdf;https://raw.githubusercontent.com/cooknation/itv/refs/heads/main/itv_photo_SPIKA_MS_410_H_A_REMOTE.jpg;https://raw.githubusercontent.com/cooknation/itv/refs/heads/main/itv_card_SPIKA_MS_410_H_A_REMOTE.pdf;https://raw.githubusercontent.com/cooknation/itv/refs/heads/main/itv_brandcatalogue.pdf;https://raw.githubusercontent.com/cooknation/itv/refs/heads/main/itv_price.pdf
CKNITVSPIKA_MS_410_H_W;SPIKA_MS_410_H_W;ITV;Ice maker;Ice maker, vertical system, full cubes ;"DESIGNED TO STAND UP TO THE DEVILUSH PACE OF FAST-FOOD. Quick to produce cubes that cool the drink at full speed (in seconds the drink is cold). The SPIKA ITV range responds to the needs of fast-food establishments with machines ideal for large consumption of ice. The ARHI certification guarantees maximum energy efficiency. A special switch enables easy and rapid cleaning. SPIKA machines are presented in under the counter versions (New Generation technology), or in modules with the option of stacking them and duplicating production in the same space. SPIKA machines are vertical evaporating, with the water distributor patented by ITV which produces ice in the form of dice and half dice. The oversized condenser is optimal for warm climates in both versions (cooling by air and by water). The manufacturing system is simple, reliable, and suitable for chalky areas and difficult working conditions. In both versions it is manufactured in 220V/50Hz, 220V/60Hz and 115V/60Hz. The SPIKA range produces the piece of ice in the form of dice or half dice; it is one of the best-known and most widely used cubes in the world. It cools drinks very quickly: the cooling ratio is close to the 100% mark. You can enjoy your drink in seconds.";760;mm;620;mm;762;mm;95;Kg;6790;;EUR;;;cold>ice maker;ITV, icemaker, bar, cube, ice, full cube, dice cube;;;;simple;;Production (kg/24h);416;Ice type;Half Dice Cube;Storage;Modular;ice size (gr);6;Condensation;Water;Gas type;R 452A;active;https://raw.githubusercontent.com/cooknation/itv/refs/heads/main/itv_video_SPIKA_MS_410_H_W.mp4;https://raw.githubusercontent.com/cooknation/itv/refs/heads/main/itv_image_SPIKA_MS_410_H_W.jpg;https://raw.githubusercontent.com/cooknation/itv/refs/heads/main/itv_image_2_SPIKA_MS_410_H_W.jpg;https://raw.githubusercontent.com/cooknation/itv/refs/heads/main/itv_image_3_SPIKA_MS_410_H_W.jpg;https://raw.githubusercontent.com/cooknation/itv/refs/heads/main/itv_datasheet_SPIKA_MS_410_H_W.pdf;https://raw.githubusercontent.com/cooknation/itv/refs/heads/main/itv_manual_SPIKA_MS_410_H_W.pdf;https://raw.githubusercontent.com/cooknation/itv/refs/heads/main/itv_technicalmanual_SPIKA_MS_410_H_W.pdf;https://raw.githubusercontent.com/cooknation/itv/refs/heads/main/itv_drawing_SPIKA_MS_410_H_W.pdf;https://raw.githubusercontent.com/cooknation/itv/refs/heads/main/itv_catalogue_SPIKA_MS_410_H_W.pdf;https://raw.githubusercontent.com/cooknation/itv/refs/heads/main/itv_photo_SPIKA_MS_410_H_W.jpg;https://raw.githubusercontent.com/cooknation/itv/refs/heads/main/itv_card_SPIKA_MS_410_H_W.pdf;https://raw.githubusercontent.com/cooknation/itv/refs/heads/main/itv_brandcatalogue.pdf;https://raw.githubusercontent.com/cooknation/itv/refs/heads/main/itv_price.pdf
CKNITVSPIKA_MS_800_F_A;SPIKA_MS_800_F_A;ITV;Ice maker;Ice maker, vertical system, full cubes air cooling, ;"DESIGNED TO STAND UP TO THE DEVILUSH PACE OF FAST-FOOD. Quick to produce cubes that cool the drink at full speed (in seconds the drink is cold). The SPIKA ITV range responds to the needs of fast-food establishments with machines ideal for large consumption of ice. The ARHI certification guarantees maximum energy efficiency. A special switch enables easy and rapid cleaning. SPIKA machines are presented in under the counter versions (New Generation technology), or in modules with the option of stacking them and duplicating production in the same space. SPIKA machines are vertical evaporating, with the water distributor patented by ITV which produces ice in the form of dice and half dice. The oversized condenser is optimal for warm climates in both versions (cooling by air and by water). The manufacturing system is simple, reliable, and suitable for chalky areas and difficult working conditions. In both versions it is manufactured in 220V/50Hz, 220V/60Hz and 115V/60Hz. The SPIKA range produces the piece of ice in the form of dice or half dice; it is one of the best-known and most widely used cubes in the world. It cools drinks very quickly: the cooling ratio is close to the 100% mark. You can enjoy your drink in seconds.";559;mm;621;mm;659;mm;180;Kg;9527;;EUR;;;cold>ice maker;ITV, icemaker, bar, cube, ice, full cube, dice cube;;;;simple;;Production (kg/24h);826;Ice type;Full Dice Cube;Storage;Modular;ice size (gr);12;Condensation;Air;Gas type;R 452A;active;https://raw.githubusercontent.com/cooknation/itv/refs/heads/main/itv_video_SPIKA_MS_800_F_A.mp4;https://raw.githubusercontent.com/cooknation/itv/refs/heads/main/itv_image_SPIKA_MS_800_F_A.jpg;https://raw.githubusercontent.com/cooknation/itv/refs/heads/main/itv_image_2_SPIKA_MS_800_F_A.jpg;https://raw.githubusercontent.com/cooknation/itv/refs/heads/main/itv_image_3_SPIKA_MS_800_F_A.jpg;https://raw.githubusercontent.com/cooknation/itv/refs/heads/main/itv_datasheet_SPIKA_MS_800_F_A.pdf;https://raw.githubusercontent.com/cooknation/itv/refs/heads/main/itv_manual_SPIKA_MS_800_F_A.pdf;https://raw.githubusercontent.com/cooknation/itv/refs/heads/main/itv_technicalmanual_SPIKA_MS_800_F_A.pdf;https://raw.githubusercontent.com/cooknation/itv/refs/heads/main/itv_drawing_SPIKA_MS_800_F_A.pdf;https://raw.githubusercontent.com/cooknation/itv/refs/heads/main/itv_catalogue_SPIKA_MS_800_F_A.pdf;https://raw.githubusercontent.com/cooknation/itv/refs/heads/main/itv_photo_SPIKA_MS_800_F_A.jpg;https://raw.githubusercontent.com/cooknation/itv/refs/heads/main/itv_card_SPIKA_MS_800_F_A.pdf;https://raw.githubusercontent.com/cooknation/itv/refs/heads/main/itv_brandcatalogue.pdf;https://raw.githubusercontent.com/cooknation/itv/refs/heads/main/itv_price.pdf
CKNITVSPIKA_MS_800_H_A;SPIKA_MS_800_H_A;ITV;Ice maker;Ice maker, vertical system, full cubes air cooling, ;"DESIGNED TO STAND UP TO THE DEVILUSH PACE OF FAST-FOOD. Quick to produce cubes that cool the drink at full speed (in seconds the drink is cold). The SPIKA ITV range responds to the needs of fast-food establishments with machines ideal for large consumption of ice. The ARHI certification guarantees maximum energy efficiency. A special switch enables easy and rapid cleaning. SPIKA machines are presented in under the counter versions (New Generation technology), or in modules with the option of stacking them and duplicating production in the same space. SPIKA machines are vertical evaporating, with the water distributor patented by ITV which produces ice in the form of dice and half dice. The oversized condenser is optimal for warm climates in both versions (cooling by air and by water). The manufacturing system is simple, reliable, and suitable for chalky areas and difficult working conditions. In both versions it is manufactured in 220V/50Hz, 220V/60Hz and 115V/60Hz. The SPIKA range produces the piece of ice in the form of dice or half dice; it is one of the best-known and most widely used cubes in the world. It cools drinks very quickly: the cooling ratio is close to the 100% mark. You can enjoy your drink in seconds.";559;mm;621;mm;659;mm;180;Kg;9527;;EUR;;;cold>ice maker;ITV, icemaker, bar, cube, ice, full cube, dice cube;;;;simple;;Production (kg/24h);826;Ice type;Half Dice Cube;Storage;Modular;ice size (gr);6;Condensation;Air;Gas type;R 452A;active;https://raw.githubusercontent.com/cooknation/itv/refs/heads/main/itv_video_SPIKA_MS_800_H_A.mp4;https://raw.githubusercontent.com/cooknation/itv/refs/heads/main/itv_image_SPIKA_MS_800_H_A.jpg;https://raw.githubusercontent.com/cooknation/itv/refs/heads/main/itv_image_2_SPIKA_MS_800_H_A.jpg;https://raw.githubusercontent.com/cooknation/itv/refs/heads/main/itv_image_3_SPIKA_MS_800_H_A.jpg;https://raw.githubusercontent.com/cooknation/itv/refs/heads/main/itv_datasheet_SPIKA_MS_800_H_A.pdf;https://raw.githubusercontent.com/cooknation/itv/refs/heads/main/itv_manual_SPIKA_MS_800_H_A.pdf;https://raw.githubusercontent.com/cooknation/itv/refs/heads/main/itv_technicalmanual_SPIKA_MS_800_H_A.pdf;https://raw.githubusercontent.com/cooknation/itv/refs/heads/main/itv_drawing_SPIKA_MS_800_H_A.pdf;https://raw.githubusercontent.com/cooknation/itv/refs/heads/main/itv_catalogue_SPIKA_MS_800_H_A.pdf;https://raw.githubusercontent.com/cooknation/itv/refs/heads/main/itv_photo_SPIKA_MS_800_H_A.jpg;https://raw.githubusercontent.com/cooknation/itv/refs/heads/main/itv_card_SPIKA_MS_800_H_A.pdf;https://raw.githubusercontent.com/cooknation/itv/refs/heads/main/itv_brandcatalogue.pdf;https://raw.githubusercontent.com/cooknation/itv/refs/heads/main/itv_price.pdf
CKNITVSPIKA_NG_100_F_A;SPIKA_NG_100_F_A;ITV;Ice maker;Ice maker, vertical system, full cubes air cooling, ;"DESIGNED TO STAND UP TO THE DEVILUSH PACE OF FAST-FOOD. Quick to produce cubes that cool the drink at full speed (in seconds the drink is cold). The SPIKA ITV range responds to the needs of fast-food establishments with machines ideal for large consumption of ice. The ARHI certification guarantees maximum energy efficiency. A special switch enables easy and rapid cleaning. SPIKA machines are presented in under the counter versions (New Generation technology), or in modules with the option of stacking them and duplicating production in the same space. SPIKA machines are vertical evaporating, with the water distributor patented by ITV which produces ice in the form of dice and half dice. The oversized condenser is optimal for warm climates in both versions (cooling by air and by water). The manufacturing system is simple, reliable, and suitable for chalky areas and difficult working conditions. In both versions it is manufactured in 220V/50Hz, 220V/60Hz and 115V/60Hz. The SPIKA range produces the piece of ice in the form of dice or half dice; it is one of the best-known and most widely used cubes in the world. It cools drinks very quickly: the cooling ratio is close to the 100% mark. You can enjoy your drink in seconds.";660;mm;700;mm;832;mm;70;Kg;3826;;EUR;;;cold>ice maker;ITV, icemaker, bar, cube, ice, full cube, dice cube;;;;simple;;Production (kg/24h);99;Ice type;Full Dice Cube;Storage;35;ice size (gr);12;Condensation;Air;Gas type;R 290;active;https://raw.githubusercontent.com/cooknation/itv/refs/heads/main/itv_video_SPIKA_NG_100_F_A.mp4;https://raw.githubusercontent.com/cooknation/itv/refs/heads/main/itv_image_SPIKA_NG_100_F_A.jpg;https://raw.githubusercontent.com/cooknation/itv/refs/heads/main/itv_image_2_SPIKA_NG_100_F_A.jpg;https://raw.githubusercontent.com/cooknation/itv/refs/heads/main/itv_image_3_SPIKA_NG_100_F_A.jpg;https://raw.githubusercontent.com/cooknation/itv/refs/heads/main/itv_datasheet_SPIKA_NG_100_F_A.pdf;https://raw.githubusercontent.com/cooknation/itv/refs/heads/main/itv_manual_SPIKA_NG_100_F_A.pdf;https://raw.githubusercontent.com/cooknation/itv/refs/heads/main/itv_technicalmanual_SPIKA_NG_100_F_A.pdf;https://raw.githubusercontent.com/cooknation/itv/refs/heads/main/itv_drawing_SPIKA_NG_100_F_A.pdf;https://raw.githubusercontent.com/cooknation/itv/refs/heads/main/itv_catalogue_SPIKA_NG_100_F_A.pdf;https://raw.githubusercontent.com/cooknation/itv/refs/heads/main/itv_photo_SPIKA_NG_100_F_A.jpg;https://raw.githubusercontent.com/cooknation/itv/refs/heads/main/itv_card_SPIKA_NG_100_F_A.pdf;https://raw.githubusercontent.com/cooknation/itv/refs/heads/main/itv_brandcatalogue.pdf;https://raw.githubusercontent.com/cooknation/itv/refs/heads/main/itv_price.pdf
CKNITVSPIKA_NG_100_F_A_DP;SPIKA_NG_100_F_A_DP;ITV;Ice maker;Ice maker, vertical system, full cubes air cooling,;"DESIGNED TO STAND UP TO THE DEVILUSH PACE OF FAST-FOOD. Quick to produce cubes that cool the drink at full speed (in seconds the drink is cold). The SPIKA ITV range responds to the needs of fast-food establishments with machines ideal for large consumption of ice. The ARHI certification guarantees maximum energy efficiency. A special switch enables easy and rapid cleaning. SPIKA machines are presented in under the counter versions (New Generation technology), or in modules with the option of stacking them and duplicating production in the same space. SPIKA machines are vertical evaporating, with the water distributor patented by ITV which produces ice in the form of dice and half dice. The oversized condenser is optimal for warm climates in both versions (cooling by air and by water). The manufacturing system is simple, reliable, and suitable for chalky areas and difficult working conditions. In both versions it is manufactured in 220V/50Hz, 220V/60Hz and 115V/60Hz. The SPIKA range produces the piece of ice in the form of dice or half dice; it is one of the best-known and most widely used cubes in the world. It cools drinks very quickly: the cooling ratio is close to the 100% mark. You can enjoy your drink in seconds.";660;mm;700;mm;832;mm;70;Kg;3933;;EUR;;;cold>ice maker;ITV, icemaker, bar, cube, ice, full cube, dice cube;;;;simple;;Production (kg/24h);99;Ice type;Full Dice Cube;Storage;35;ice size (gr);12;Condensation;Air;Gas type;R 290;active;https://raw.githubusercontent.com/cooknation/itv/refs/heads/main/itv_video_SPIKA_NG_100_F_A_DP.mp4;https://raw.githubusercontent.com/cooknation/itv/refs/heads/main/itv_image_SPIKA_NG_100_F_A_DP.jpg;https://raw.githubusercontent.com/cooknation/itv/refs/heads/main/itv_image_2_SPIKA_NG_100_F_A_DP.jpg;https://raw.githubusercontent.com/cooknation/itv/refs/heads/main/itv_image_3_SPIKA_NG_100_F_A_DP.jpg;https://raw.githubusercontent.com/cooknation/itv/refs/heads/main/itv_datasheet_SPIKA_NG_100_F_A_DP.pdf;https://raw.githubusercontent.com/cooknation/itv/refs/heads/main/itv_manual_SPIKA_NG_100_F_A_DP.pdf;https://raw.githubusercontent.com/cooknation/itv/refs/heads/main/itv_technicalmanual_SPIKA_NG_100_F_A_DP.pdf;https://raw.githubusercontent.com/cooknation/itv/refs/heads/main/itv_drawing_SPIKA_NG_100_F_A_DP.pdf;https://raw.githubusercontent.com/cooknation/itv/refs/heads/main/itv_catalogue_SPIKA_NG_100_F_A_DP.pdf;https://raw.githubusercontent.com/cooknation/itv/refs/heads/main/itv_photo_SPIKA_NG_100_F_A_DP.jpg;https://raw.githubusercontent.com/cooknation/itv/refs/heads/main/itv_card_SPIKA_NG_100_F_A_DP.pdf;https://raw.githubusercontent.com/cooknation/itv/refs/heads/main/itv_brandcatalogue.pdf;https://raw.githubusercontent.com/cooknation/itv/refs/heads/main/itv_price.pdf
CKNITVSPIKA_NG_100_F_W;SPIKA_NG_100_F_W;ITV;Ice maker;Ice maker, vertical system, full cubes ;"DESIGNED TO STAND UP TO THE DEVILUSH PACE OF FAST-FOOD. Quick to produce cubes that cool the drink at full speed (in seconds the drink is cold). The SPIKA ITV range responds to the needs of fast-food establishments with machines ideal for large consumption of ice. The ARHI certification guarantees maximum energy efficiency. A special switch enables easy and rapid cleaning. SPIKA machines are presented in under the counter versions (New Generation technology), or in modules with the option of stacking them and duplicating production in the same space. SPIKA machines are vertical evaporating, with the water distributor patented by ITV which produces ice in the form of dice and half dice. The oversized condenser is optimal for warm climates in both versions (cooling by air and by water). The manufacturing system is simple, reliable, and suitable for chalky areas and difficult working conditions. In both versions it is manufactured in 220V/50Hz, 220V/60Hz and 115V/60Hz. The SPIKA range produces the piece of ice in the form of dice or half dice; it is one of the best-known and most widely used cubes in the world. It cools drinks very quickly: the cooling ratio is close to the 100% mark. You can enjoy your drink in seconds.";660;mm;700;mm;832;mm;70;Kg;3983;;EUR;;;cold>ice maker;ITV, icemaker, bar, cube, ice, full cube, dice cube;;;;simple;;Production (kg/24h);99;Ice type;Full Dice Cube;Storage;35;ice size (gr);12;Condensation;Water;Gas type;R 290;active;https://raw.githubusercontent.com/cooknation/itv/refs/heads/main/itv_video_SPIKA_NG_100_F_W.mp4;https://raw.githubusercontent.com/cooknation/itv/refs/heads/main/itv_image_SPIKA_NG_100_F_W.jpg;https://raw.githubusercontent.com/cooknation/itv/refs/heads/main/itv_image_2_SPIKA_NG_100_F_W.jpg;https://raw.githubusercontent.com/cooknation/itv/refs/heads/main/itv_image_3_SPIKA_NG_100_F_W.jpg;https://raw.githubusercontent.com/cooknation/itv/refs/heads/main/itv_datasheet_SPIKA_NG_100_F_W.pdf;https://raw.githubusercontent.com/cooknation/itv/refs/heads/main/itv_manual_SPIKA_NG_100_F_W.pdf;https://raw.githubusercontent.com/cooknation/itv/refs/heads/main/itv_technicalmanual_SPIKA_NG_100_F_W.pdf;https://raw.githubusercontent.com/cooknation/itv/refs/heads/main/itv_drawing_SPIKA_NG_100_F_W.pdf;https://raw.githubusercontent.com/cooknation/itv/refs/heads/main/itv_catalogue_SPIKA_NG_100_F_W.pdf;https://raw.githubusercontent.com/cooknation/itv/refs/heads/main/itv_photo_SPIKA_NG_100_F_W.jpg;https://raw.githubusercontent.com/cooknation/itv/refs/heads/main/itv_card_SPIKA_NG_100_F_W.pdf;https://raw.githubusercontent.com/cooknation/itv/refs/heads/main/itv_brandcatalogue.pdf;https://raw.githubusercontent.com/cooknation/itv/refs/heads/main/itv_price.pdf
CKNITVSPIKA_NG_100_H_A;SPIKA_NG_100_H_A;ITV;Ice maker;Ice maker, vertical system, full cubes air cooling, ;"DESIGNED TO STAND UP TO THE DEVILUSH PACE OF FAST-FOOD. Quick to produce cubes that cool the drink at full speed (in seconds the drink is cold). The SPIKA ITV range responds to the needs of fast-food establishments with machines ideal for large consumption of ice. The ARHI certification guarantees maximum energy efficiency. A special switch enables easy and rapid cleaning. SPIKA machines are presented in under the counter versions (New Generation technology), or in modules with the option of stacking them and duplicating production in the same space. SPIKA machines are vertical evaporating, with the water distributor patented by ITV which produces ice in the form of dice and half dice. The oversized condenser is optimal for warm climates in both versions (cooling by air and by water). The manufacturing system is simple, reliable, and suitable for chalky areas and difficult working conditions. In both versions it is manufactured in 220V/50Hz, 220V/60Hz and 115V/60Hz. The SPIKA range produces the piece of ice in the form of dice or half dice; it is one of the best-known and most widely used cubes in the world. It cools drinks very quickly: the cooling ratio is close to the 100% mark. You can enjoy your drink in seconds.";660;mm;700;mm;832;mm;70;Kg;3826;;EUR;;;cold>ice maker;ITV, icemaker, bar, cube, ice, full cube, dice cube;;;;simple;;Production (kg/24h);99;Ice type;Half Dice Cube;Storage;35;ice size (gr);6;Condensation;Air;Gas type;R 290;active;https://raw.githubusercontent.com/cooknation/itv/refs/heads/main/itv_video_SPIKA_NG_100_H_A.mp4;https://raw.githubusercontent.com/cooknation/itv/refs/heads/main/itv_image_SPIKA_NG_100_H_A.jpg;https://raw.githubusercontent.com/cooknation/itv/refs/heads/main/itv_image_2_SPIKA_NG_100_H_A.jpg;https://raw.githubusercontent.com/cooknation/itv/refs/heads/main/itv_image_3_SPIKA_NG_100_H_A.jpg;https://raw.githubusercontent.com/cooknation/itv/refs/heads/main/itv_datasheet_SPIKA_NG_100_H_A.pdf;https://raw.githubusercontent.com/cooknation/itv/refs/heads/main/itv_manual_SPIKA_NG_100_H_A.pdf;https://raw.githubusercontent.com/cooknation/itv/refs/heads/main/itv_technicalmanual_SPIKA_NG_100_H_A.pdf;https://raw.githubusercontent.com/cooknation/itv/refs/heads/main/itv_drawing_SPIKA_NG_100_H_A.pdf;https://raw.githubusercontent.com/cooknation/itv/refs/heads/main/itv_catalogue_SPIKA_NG_100_H_A.pdf;https://raw.githubusercontent.com/cooknation/itv/refs/heads/main/itv_photo_SPIKA_NG_100_H_A.jpg;https://raw.githubusercontent.com/cooknation/itv/refs/heads/main/itv_card_SPIKA_NG_100_H_A.pdf;https://raw.githubusercontent.com/cooknation/itv/refs/heads/main/itv_brandcatalogue.pdf;https://raw.githubusercontent.com/cooknation/itv/refs/heads/main/itv_price.pdf
CKNITVSPIKA_NG_100_H_A_DP;SPIKA_NG_100_H_A_DP;ITV;Ice maker;Ice maker, vertical system, full cubes air cooling,;"DESIGNED TO STAND UP TO THE DEVILUSH PACE OF FAST-FOOD. Quick to produce cubes that cool the drink at full speed (in seconds the drink is cold). The SPIKA ITV range responds to the needs of fast-food establishments with machines ideal for large consumption of ice. The ARHI certification guarantees maximum energy efficiency. A special switch enables easy and rapid cleaning. SPIKA machines are presented in under the counter versions (New Generation technology), or in modules with the option of stacking them and duplicating production in the same space. SPIKA machines are vertical evaporating, with the water distributor patented by ITV which produces ice in the form of dice and half dice. The oversized condenser is optimal for warm climates in both versions (cooling by air and by water). The manufacturing system is simple, reliable, and suitable for chalky areas and difficult working conditions. In both versions it is manufactured in 220V/50Hz, 220V/60Hz and 115V/60Hz. The SPIKA range produces the piece of ice in the form of dice or half dice; it is one of the best-known and most widely used cubes in the world. It cools drinks very quickly: the cooling ratio is close to the 100% mark. You can enjoy your drink in seconds.";660;mm;700;mm;832;mm;70;Kg;3933;;EUR;;;cold>ice maker;ITV, icemaker, bar, cube, ice, full cube, dice cube;;;;simple;;Production (kg/24h);99;Ice type;Half Dice Cube;Storage;35;ice size (gr);6;Condensation;Air;Gas type;R 290;active;https://raw.githubusercontent.com/cooknation/itv/refs/heads/main/itv_video_SPIKA_NG_100_H_A_DP.mp4;https://raw.githubusercontent.com/cooknation/itv/refs/heads/main/itv_image_SPIKA_NG_100_H_A_DP.jpg;https://raw.githubusercontent.com/cooknation/itv/refs/heads/main/itv_image_2_SPIKA_NG_100_H_A_DP.jpg;https://raw.githubusercontent.com/cooknation/itv/refs/heads/main/itv_image_3_SPIKA_NG_100_H_A_DP.jpg;https://raw.githubusercontent.com/cooknation/itv/refs/heads/main/itv_datasheet_SPIKA_NG_100_H_A_DP.pdf;https://raw.githubusercontent.com/cooknation/itv/refs/heads/main/itv_manual_SPIKA_NG_100_H_A_DP.pdf;https://raw.githubusercontent.com/cooknation/itv/refs/heads/main/itv_technicalmanual_SPIKA_NG_100_H_A_DP.pdf;https://raw.githubusercontent.com/cooknation/itv/refs/heads/main/itv_drawing_SPIKA_NG_100_H_A_DP.pdf;https://raw.githubusercontent.com/cooknation/itv/refs/heads/main/itv_catalogue_SPIKA_NG_100_H_A_DP.pdf;https://raw.githubusercontent.com/cooknation/itv/refs/heads/main/itv_photo_SPIKA_NG_100_H_A_DP.jpg;https://raw.githubusercontent.com/cooknation/itv/refs/heads/main/itv_card_SPIKA_NG_100_H_A_DP.pdf;https://raw.githubusercontent.com/cooknation/itv/refs/heads/main/itv_brandcatalogue.pdf;https://raw.githubusercontent.com/cooknation/itv/refs/heads/main/itv_price.pdf
CKNITVSPIKA_NG_100_H_W;SPIKA_NG_100_H_W;ITV;Ice maker;Ice maker, vertical system, full cubes ;"DESIGNED TO STAND UP TO THE DEVILUSH PACE OF FAST-FOOD. Quick to produce cubes that cool the drink at full speed (in seconds the drink is cold). The SPIKA ITV range responds to the needs of fast-food establishments with machines ideal for large consumption of ice. The ARHI certification guarantees maximum energy efficiency. A special switch enables easy and rapid cleaning. SPIKA machines are presented in under the counter versions (New Generation technology), or in modules with the option of stacking them and duplicating production in the same space. SPIKA machines are vertical evaporating, with the water distributor patented by ITV which produces ice in the form of dice and half dice. The oversized condenser is optimal for warm climates in both versions (cooling by air and by water). The manufacturing system is simple, reliable, and suitable for chalky areas and difficult working conditions. In both versions it is manufactured in 220V/50Hz, 220V/60Hz and 115V/60Hz. The SPIKA range produces the piece of ice in the form of dice or half dice; it is one of the best-known and most widely used cubes in the world. It cools drinks very quickly: the cooling ratio is close to the 100% mark. You can enjoy your drink in seconds.";660;mm;700;mm;832;mm;70;Kg;3983;;EUR;;;cold>ice maker;ITV, icemaker, bar, cube, ice, full cube, dice cube;;;;simple;;Production (kg/24h);99;Ice type;Half Dice Cube;Storage;35;ice size (gr);6;Condensation;Water;Gas type;R 290;active;https://raw.githubusercontent.com/cooknation/itv/refs/heads/main/itv_video_SPIKA_NG_100_H_W.mp4;https://raw.githubusercontent.com/cooknation/itv/refs/heads/main/itv_image_SPIKA_NG_100_H_W.jpg;https://raw.githubusercontent.com/cooknation/itv/refs/heads/main/itv_image_2_SPIKA_NG_100_H_W.jpg;https://raw.githubusercontent.com/cooknation/itv/refs/heads/main/itv_image_3_SPIKA_NG_100_H_W.jpg;https://raw.githubusercontent.com/cooknation/itv/refs/heads/main/itv_datasheet_SPIKA_NG_100_H_W.pdf;https://raw.githubusercontent.com/cooknation/itv/refs/heads/main/itv_manual_SPIKA_NG_100_H_W.pdf;https://raw.githubusercontent.com/cooknation/itv/refs/heads/main/itv_technicalmanual_SPIKA_NG_100_H_W.pdf;https://raw.githubusercontent.com/cooknation/itv/refs/heads/main/itv_drawing_SPIKA_NG_100_H_W.pdf;https://raw.githubusercontent.com/cooknation/itv/refs/heads/main/itv_catalogue_SPIKA_NG_100_H_W.pdf;https://raw.githubusercontent.com/cooknation/itv/refs/heads/main/itv_photo_SPIKA_NG_100_H_W.jpg;https://raw.githubusercontent.com/cooknation/itv/refs/heads/main/itv_card_SPIKA_NG_100_H_W.pdf;https://raw.githubusercontent.com/cooknation/itv/refs/heads/main/itv_brandcatalogue.pdf;https://raw.githubusercontent.com/cooknation/itv/refs/heads/main/itv_price.pdf
CKNITVSPIKA_NG_150_F_A;SPIKA_NG_150_F_A;ITV;Ice maker;Ice maker, vertical system, full cubes air cooling, ;"DESIGNED TO STAND UP TO THE DEVILUSH PACE OF FAST-FOOD. Quick to produce cubes that cool the drink at full speed (in seconds the drink is cold). The SPIKA ITV range responds to the needs of fast-food establishments with machines ideal for large consumption of ice. The ARHI certification guarantees maximum energy efficiency. A special switch enables easy and rapid cleaning. SPIKA machines are presented in under the counter versions (New Generation technology), or in modules with the option of stacking them and duplicating production in the same space. SPIKA machines are vertical evaporating, with the water distributor patented by ITV which produces ice in the form of dice and half dice. The oversized condenser is optimal for warm climates in both versions (cooling by air and by water). The manufacturing system is simple, reliable, and suitable for chalky areas and difficult working conditions. In both versions it is manufactured in 220V/50Hz, 220V/60Hz and 115V/60Hz. The SPIKA range produces the piece of ice in the form of dice or half dice; it is one of the best-known and most widely used cubes in the world. It cools drinks very quickly: the cooling ratio is close to the 100% mark. You can enjoy your drink in seconds.";762;mm;762;mm;832;mm;78;Kg;4313;;EUR;;;cold>ice maker;ITV, icemaker, bar, cube, ice, full cube, dice cube;;;;simple;;Production (kg/24h);145;Ice type;Full Dice Cube;Storage;45;ice size (gr);12;Condensation;Air;Gas type;R 290;active;https://raw.githubusercontent.com/cooknation/itv/refs/heads/main/itv_video_SPIKA_NG_150_F_A.mp4;https://raw.githubusercontent.com/cooknation/itv/refs/heads/main/itv_image_SPIKA_NG_150_F_A.jpg;https://raw.githubusercontent.com/cooknation/itv/refs/heads/main/itv_image_2_SPIKA_NG_150_F_A.jpg;https://raw.githubusercontent.com/cooknation/itv/refs/heads/main/itv_image_3_SPIKA_NG_150_F_A.jpg;https://raw.githubusercontent.com/cooknation/itv/refs/heads/main/itv_datasheet_SPIKA_NG_150_F_A.pdf;https://raw.githubusercontent.com/cooknation/itv/refs/heads/main/itv_manual_SPIKA_NG_150_F_A.pdf;https://raw.githubusercontent.com/cooknation/itv/refs/heads/main/itv_technicalmanual_SPIKA_NG_150_F_A.pdf;https://raw.githubusercontent.com/cooknation/itv/refs/heads/main/itv_drawing_SPIKA_NG_150_F_A.pdf;https://raw.githubusercontent.com/cooknation/itv/refs/heads/main/itv_catalogue_SPIKA_NG_150_F_A.pdf;https://raw.githubusercontent.com/cooknation/itv/refs/heads/main/itv_photo_SPIKA_NG_150_F_A.jpg;https://raw.githubusercontent.com/cooknation/itv/refs/heads/main/itv_card_SPIKA_NG_150_F_A.pdf;https://raw.githubusercontent.com/cooknation/itv/refs/heads/main/itv_brandcatalogue.pdf;https://raw.githubusercontent.com/cooknation/itv/refs/heads/main/itv_price.pdf
CKNITVSPIKA_NG_150_F_A_DP;SPIKA_NG_150_F_A_DP;ITV;Ice maker;Ice maker, vertical system, full cubes air cooling,;"DESIGNED TO STAND UP TO THE DEVILUSH PACE OF FAST-FOOD. Quick to produce cubes that cool the drink at full speed (in seconds the drink is cold). The SPIKA ITV range responds to the needs of fast-food establishments with machines ideal for large consumption of ice. The ARHI certification guarantees maximum energy efficiency. A special switch enables easy and rapid cleaning. SPIKA machines are presented in under the counter versions (New Generation technology), or in modules with the option of stacking them and duplicating production in the same space. SPIKA machines are vertical evaporating, with the water distributor patented by ITV which produces ice in the form of dice and half dice. The oversized condenser is optimal for warm climates in both versions (cooling by air and by water). The manufacturing system is simple, reliable, and suitable for chalky areas and difficult working conditions. In both versions it is manufactured in 220V/50Hz, 220V/60Hz and 115V/60Hz. The SPIKA range produces the piece of ice in the form of dice or half dice; it is one of the best-known and most widely used cubes in the world. It cools drinks very quickly: the cooling ratio is close to the 100% mark. You can enjoy your drink in seconds.";762;mm;762;mm;832;mm;78;Kg;4467;;EUR;;;cold>ice maker;ITV, icemaker, bar, cube, ice, full cube, dice cube;;;;simple;;Production (kg/24h);145;Ice type;Full Dice Cube;Storage;45;ice size (gr);12;Condensation;Air;Gas type;R 290;active;https://raw.githubusercontent.com/cooknation/itv/refs/heads/main/itv_video_SPIKA_NG_150_F_A_DP.mp4;https://raw.githubusercontent.com/cooknation/itv/refs/heads/main/itv_image_SPIKA_NG_150_F_A_DP.jpg;https://raw.githubusercontent.com/cooknation/itv/refs/heads/main/itv_image_2_SPIKA_NG_150_F_A_DP.jpg;https://raw.githubusercontent.com/cooknation/itv/refs/heads/main/itv_image_3_SPIKA_NG_150_F_A_DP.jpg;https://raw.githubusercontent.com/cooknation/itv/refs/heads/main/itv_datasheet_SPIKA_NG_150_F_A_DP.pdf;https://raw.githubusercontent.com/cooknation/itv/refs/heads/main/itv_manual_SPIKA_NG_150_F_A_DP.pdf;https://raw.githubusercontent.com/cooknation/itv/refs/heads/main/itv_technicalmanual_SPIKA_NG_150_F_A_DP.pdf;https://raw.githubusercontent.com/cooknation/itv/refs/heads/main/itv_drawing_SPIKA_NG_150_F_A_DP.pdf;https://raw.githubusercontent.com/cooknation/itv/refs/heads/main/itv_catalogue_SPIKA_NG_150_F_A_DP.pdf;https://raw.githubusercontent.com/cooknation/itv/refs/heads/main/itv_photo_SPIKA_NG_150_F_A_DP.jpg;https://raw.githubusercontent.com/cooknation/itv/refs/heads/main/itv_card_SPIKA_NG_150_F_A_DP.pdf;https://raw.githubusercontent.com/cooknation/itv/refs/heads/main/itv_brandcatalogue.pdf;https://raw.githubusercontent.com/cooknation/itv/refs/heads/main/itv_price.pdf
CKNITVSPIKA_NG_150_F_W;SPIKA_NG_150_F_W;ITV;Ice maker;Ice maker, vertical system, full cubes ;"DESIGNED TO STAND UP TO THE DEVILUSH PACE OF FAST-FOOD. Quick to produce cubes that cool the drink at full speed (in seconds the drink is cold). The SPIKA ITV range responds to the needs of fast-food establishments with machines ideal for large consumption of ice. The ARHI certification guarantees maximum energy efficiency. A special switch enables easy and rapid cleaning. SPIKA machines are presented in under the counter versions (New Generation technology), or in modules with the option of stacking them and duplicating production in the same space. SPIKA machines are vertical evaporating, with the water distributor patented by ITV which produces ice in the form of dice and half dice. The oversized condenser is optimal for warm climates in both versions (cooling by air and by water). The manufacturing system is simple, reliable, and suitable for chalky areas and difficult working conditions. In both versions it is manufactured in 220V/50Hz, 220V/60Hz and 115V/60Hz. The SPIKA range produces the piece of ice in the form of dice or half dice; it is one of the best-known and most widely used cubes in the world. It cools drinks very quickly: the cooling ratio is close to the 100% mark. You can enjoy your drink in seconds.";762;mm;762;mm;832;mm;78;Kg;4575;;EUR;;;cold>ice maker;ITV, icemaker, bar, cube, ice, full cube, dice cube;;;;simple;;Production (kg/24h);145;Ice type;Full Dice Cube;Storage;45;ice size (gr);12;Condensation;Water;Gas type;R 290;active;https://raw.githubusercontent.com/cooknation/itv/refs/heads/main/itv_video_SPIKA_NG_150_F_W.mp4;https://raw.githubusercontent.com/cooknation/itv/refs/heads/main/itv_image_SPIKA_NG_150_F_W.jpg;https://raw.githubusercontent.com/cooknation/itv/refs/heads/main/itv_image_2_SPIKA_NG_150_F_W.jpg;https://raw.githubusercontent.com/cooknation/itv/refs/heads/main/itv_image_3_SPIKA_NG_150_F_W.jpg;https://raw.githubusercontent.com/cooknation/itv/refs/heads/main/itv_datasheet_SPIKA_NG_150_F_W.pdf;https://raw.githubusercontent.com/cooknation/itv/refs/heads/main/itv_manual_SPIKA_NG_150_F_W.pdf;https://raw.githubusercontent.com/cooknation/itv/refs/heads/main/itv_technicalmanual_SPIKA_NG_150_F_W.pdf;https://raw.githubusercontent.com/cooknation/itv/refs/heads/main/itv_drawing_SPIKA_NG_150_F_W.pdf;https://raw.githubusercontent.com/cooknation/itv/refs/heads/main/itv_catalogue_SPIKA_NG_150_F_W.pdf;https://raw.githubusercontent.com/cooknation/itv/refs/heads/main/itv_photo_SPIKA_NG_150_F_W.jpg;https://raw.githubusercontent.com/cooknation/itv/refs/heads/main/itv_card_SPIKA_NG_150_F_W.pdf;https://raw.githubusercontent.com/cooknation/itv/refs/heads/main/itv_brandcatalogue.pdf;https://raw.githubusercontent.com/cooknation/itv/refs/heads/main/itv_price.pdf
CKNITVSPIKA_NG_150_H_A;SPIKA_NG_150_H_A;ITV;Ice maker;Ice maker, vertical system, full cubes air cooling,;"DESIGNED TO STAND UP TO THE DEVILUSH PACE OF FAST-FOOD. Quick to produce cubes that cool the drink at full speed (in seconds the drink is cold). The SPIKA ITV range responds to the needs of fast-food establishments with machines ideal for large consumption of ice. The ARHI certification guarantees maximum energy efficiency. A special switch enables easy and rapid cleaning. SPIKA machines are presented in under the counter versions (New Generation technology), or in modules with the option of stacking them and duplicating production in the same space. SPIKA machines are vertical evaporating, with the water distributor patented by ITV which produces ice in the form of dice and half dice. The oversized condenser is optimal for warm climates in both versions (cooling by air and by water). The manufacturing system is simple, reliable, and suitable for chalky areas and difficult working conditions. In both versions it is manufactured in 220V/50Hz, 220V/60Hz and 115V/60Hz. The SPIKA range produces the piece of ice in the form of dice or half dice; it is one of the best-known and most widely used cubes in the world. It cools drinks very quickly: the cooling ratio is close to the 100% mark. You can enjoy your drink in seconds.";762;mm;762;mm;832;mm;78;Kg;4313;;EUR;;;cold>ice maker;ITV, icemaker, bar, cube, ice, full cube, dice cube;;;;simple;;Production (kg/24h);145;Ice type;Half Dice Cube;Storage;45;ice size (gr);6;Condensation;Air;Gas type;R 290;active;https://raw.githubusercontent.com/cooknation/itv/refs/heads/main/itv_video_SPIKA_NG_150_H_A.mp4;https://raw.githubusercontent.com/cooknation/itv/refs/heads/main/itv_image_SPIKA_NG_150_H_A.jpg;https://raw.githubusercontent.com/cooknation/itv/refs/heads/main/itv_image_2_SPIKA_NG_150_H_A.jpg;https://raw.githubusercontent.com/cooknation/itv/refs/heads/main/itv_image_3_SPIKA_NG_150_H_A.jpg;https://raw.githubusercontent.com/cooknation/itv/refs/heads/main/itv_datasheet_SPIKA_NG_150_H_A.pdf;https://raw.githubusercontent.com/cooknation/itv/refs/heads/main/itv_manual_SPIKA_NG_150_H_A.pdf;https://raw.githubusercontent.com/cooknation/itv/refs/heads/main/itv_technicalmanual_SPIKA_NG_150_H_A.pdf;https://raw.githubusercontent.com/cooknation/itv/refs/heads/main/itv_drawing_SPIKA_NG_150_H_A.pdf;https://raw.githubusercontent.com/cooknation/itv/refs/heads/main/itv_catalogue_SPIKA_NG_150_H_A.pdf;https://raw.githubusercontent.com/cooknation/itv/refs/heads/main/itv_photo_SPIKA_NG_150_H_A.jpg;https://raw.githubusercontent.com/cooknation/itv/refs/heads/main/itv_card_SPIKA_NG_150_H_A.pdf;https://raw.githubusercontent.com/cooknation/itv/refs/heads/main/itv_brandcatalogue.pdf;https://raw.githubusercontent.com/cooknation/itv/refs/heads/main/itv_price.pdf
CKNITVSPIKA_NG_150_H_A_DP;SPIKA_NG_150_H_A_DP;ITV;Ice maker;Ice maker, vertical system, full cubes air cooling,;"DESIGNED TO STAND UP TO THE DEVILUSH PACE OF FAST-FOOD. Quick to produce cubes that cool the drink at full speed (in seconds the drink is cold). The SPIKA ITV range responds to the needs of fast-food establishments with machines ideal for large consumption of ice. The ARHI certification guarantees maximum energy efficiency. A special switch enables easy and rapid cleaning. SPIKA machines are presented in under the counter versions (New Generation technology), or in modules with the option of stacking them and duplicating production in the same space. SPIKA machines are vertical evaporating, with the water distributor patented by ITV which produces ice in the form of dice and half dice. The oversized condenser is optimal for warm climates in both versions (cooling by air and by water). The manufacturing system is simple, reliable, and suitable for chalky areas and difficult working conditions. In both versions it is manufactured in 220V/50Hz, 220V/60Hz and 115V/60Hz. The SPIKA range produces the piece of ice in the form of dice or half dice; it is one of the best-known and most widely used cubes in the world. It cools drinks very quickly: the cooling ratio is close to the 100% mark. You can enjoy your drink in seconds.";762;mm;762;mm;832;mm;78;Kg;4467;;EUR;;;cold>ice maker;ITV, icemaker, bar, cube, ice, full cube, dice cube;;;;simple;;Production (kg/24h);145;Ice type;Half Dice Cube;Storage;45;ice size (gr);6;Condensation;Air;Gas type;R 290;active;https://raw.githubusercontent.com/cooknation/itv/refs/heads/main/itv_video_SPIKA_NG_150_H_A_DP.mp4;https://raw.githubusercontent.com/cooknation/itv/refs/heads/main/itv_image_SPIKA_NG_150_H_A_DP.jpg;https://raw.githubusercontent.com/cooknation/itv/refs/heads/main/itv_image_2_SPIKA_NG_150_H_A_DP.jpg;https://raw.githubusercontent.com/cooknation/itv/refs/heads/main/itv_image_3_SPIKA_NG_150_H_A_DP.jpg;https://raw.githubusercontent.com/cooknation/itv/refs/heads/main/itv_datasheet_SPIKA_NG_150_H_A_DP.pdf;https://raw.githubusercontent.com/cooknation/itv/refs/heads/main/itv_manual_SPIKA_NG_150_H_A_DP.pdf;https://raw.githubusercontent.com/cooknation/itv/refs/heads/main/itv_technicalmanual_SPIKA_NG_150_H_A_DP.pdf;https://raw.githubusercontent.com/cooknation/itv/refs/heads/main/itv_drawing_SPIKA_NG_150_H_A_DP.pdf;https://raw.githubusercontent.com/cooknation/itv/refs/heads/main/itv_catalogue_SPIKA_NG_150_H_A_DP.pdf;https://raw.githubusercontent.com/cooknation/itv/refs/heads/main/itv_photo_SPIKA_NG_150_H_A_DP.jpg;https://raw.githubusercontent.com/cooknation/itv/refs/heads/main/itv_card_SPIKA_NG_150_H_A_DP.pdf;https://raw.githubusercontent.com/cooknation/itv/refs/heads/main/itv_brandcatalogue.pdf;https://raw.githubusercontent.com/cooknation/itv/refs/heads/main/itv_price.pdf
CKNITVSPIKA_NG_150_H_W;SPIKA_NG_150_H_W;ITV;Ice maker;Ice maker, vertical system, full cubes ;"DESIGNED TO STAND UP TO THE DEVILUSH PACE OF FAST-FOOD. Quick to produce cubes that cool the drink at full speed (in seconds the drink is cold). The SPIKA ITV range responds to the needs of fast-food establishments with machines ideal for large consumption of ice. The ARHI certification guarantees maximum energy efficiency. A special switch enables easy and rapid cleaning. SPIKA machines are presented in under the counter versions (New Generation technology), or in modules with the option of stacking them and duplicating production in the same space. SPIKA machines are vertical evaporating, with the water distributor patented by ITV which produces ice in the form of dice and half dice. The oversized condenser is optimal for warm climates in both versions (cooling by air and by water). The manufacturing system is simple, reliable, and suitable for chalky areas and difficult working conditions. In both versions it is manufactured in 220V/50Hz, 220V/60Hz and 115V/60Hz. The SPIKA range produces the piece of ice in the form of dice or half dice; it is one of the best-known and most widely used cubes in the world. It cools drinks very quickly: the cooling ratio is close to the 100% mark. You can enjoy your drink in seconds.";762;mm;762;mm;832;mm;78;Kg;4575;;EUR;;;cold>ice maker;ITV, icemaker, bar, cube, ice, full cube, dice cube;;;;simple;;Production (kg/24h);145;Ice type;Half Dice Cube;Storage;45;ice size (gr);6;Condensation;Water;Gas type;R 290;active;https://raw.githubusercontent.com/cooknation/itv/refs/heads/main/itv_video_SPIKA_NG_150_H_W.mp4;https://raw.githubusercontent.com/cooknation/itv/refs/heads/main/itv_image_SPIKA_NG_150_H_W.jpg;https://raw.githubusercontent.com/cooknation/itv/refs/heads/main/itv_image_2_SPIKA_NG_150_H_W.jpg;https://raw.githubusercontent.com/cooknation/itv/refs/heads/main/itv_image_3_SPIKA_NG_150_H_W.jpg;https://raw.githubusercontent.com/cooknation/itv/refs/heads/main/itv_datasheet_SPIKA_NG_150_H_W.pdf;https://raw.githubusercontent.com/cooknation/itv/refs/heads/main/itv_manual_SPIKA_NG_150_H_W.pdf;https://raw.githubusercontent.com/cooknation/itv/refs/heads/main/itv_technicalmanual_SPIKA_NG_150_H_W.pdf;https://raw.githubusercontent.com/cooknation/itv/refs/heads/main/itv_drawing_SPIKA_NG_150_H_W.pdf;https://raw.githubusercontent.com/cooknation/itv/refs/heads/main/itv_catalogue_SPIKA_NG_150_H_W.pdf;https://raw.githubusercontent.com/cooknation/itv/refs/heads/main/itv_photo_SPIKA_NG_150_H_W.jpg;https://raw.githubusercontent.com/cooknation/itv/refs/heads/main/itv_card_SPIKA_NG_150_H_W.pdf;https://raw.githubusercontent.com/cooknation/itv/refs/heads/main/itv_brandcatalogue.pdf;https://raw.githubusercontent.com/cooknation/itv/refs/heads/main/itv_price.pdf
CKNITVSPIKA_NG_50_F_A;SPIKA_NG_50_F_A;ITV;Ice maker;Ice maker, vertical system, full cubes air cooling,;"DESIGNED TO STAND UP TO THE DEVILUSH PACE OF FAST-FOOD. Quick to produce cubes that cool the drink at full speed (in seconds the drink is cold). The SPIKA ITV range responds to the needs of fast-food establishments with machines ideal for large consumption of ice. The ARHI certification guarantees maximum energy efficiency. A special switch enables easy and rapid cleaning. SPIKA machines are presented in under the counter versions (New Generation technology), or in modules with the option of stacking them and duplicating production in the same space. SPIKA machines are vertical evaporating, with the water distributor patented by ITV which produces ice in the form of dice and half dice. The oversized condenser is optimal for warm climates in both versions (cooling by air and by water). The manufacturing system is simple, reliable, and suitable for chalky areas and difficult working conditions. In both versions it is manufactured in 220V/50Hz, 220V/60Hz and 115V/60Hz. The SPIKA range produces the piece of ice in the form of dice or half dice; it is one of the best-known and most widely used cubes in the world. It cools drinks very quickly: the cooling ratio is close to the 100% mark. You can enjoy your drink in seconds.";535;mm;595;mm;789;mm;52;Kg;2452;;EUR;;;cold>ice maker;ITV, icemaker, bar, cube, ice, full cube, dice cube;;;;simple;;Production (kg/24h);45;Ice type;Full Dice Cube;Storage;20;ice size (gr);12;Condensation;Air;Gas type;R 290;active;https://raw.githubusercontent.com/cooknation/itv/refs/heads/main/itv_video_SPIKA_NG_50_F_A.mp4;https://raw.githubusercontent.com/cooknation/itv/refs/heads/main/itv_image_SPIKA_NG_50_F_A.jpg;https://raw.githubusercontent.com/cooknation/itv/refs/heads/main/itv_image_2_SPIKA_NG_50_F_A.jpg;https://raw.githubusercontent.com/cooknation/itv/refs/heads/main/itv_image_3_SPIKA_NG_50_F_A.jpg;https://raw.githubusercontent.com/cooknation/itv/refs/heads/main/itv_datasheet_SPIKA_NG_50_F_A.pdf;https://raw.githubusercontent.com/cooknation/itv/refs/heads/main/itv_manual_SPIKA_NG_50_F_A.pdf;https://raw.githubusercontent.com/cooknation/itv/refs/heads/main/itv_technicalmanual_SPIKA_NG_50_F_A.pdf;https://raw.githubusercontent.com/cooknation/itv/refs/heads/main/itv_drawing_SPIKA_NG_50_F_A.pdf;https://raw.githubusercontent.com/cooknation/itv/refs/heads/main/itv_catalogue_SPIKA_NG_50_F_A.pdf;https://raw.githubusercontent.com/cooknation/itv/refs/heads/main/itv_photo_SPIKA_NG_50_F_A.jpg;https://raw.githubusercontent.com/cooknation/itv/refs/heads/main/itv_card_SPIKA_NG_50_F_A.pdf;https://raw.githubusercontent.com/cooknation/itv/refs/heads/main/itv_brandcatalogue.pdf;https://raw.githubusercontent.com/cooknation/itv/refs/heads/main/itv_price.pdf
CKNITVSPIKA_NG_50_F_A_DP;SPIKA_NG_50_F_A_DP;ITV;Ice maker;Ice maker, vertical system, full cubes air cooling,;"DESIGNED TO STAND UP TO THE DEVILUSH PACE OF FAST-FOOD. Quick to produce cubes that cool the drink at full speed (in seconds the drink is cold). The SPIKA ITV range responds to the needs of fast-food establishments with machines ideal for large consumption of ice. The ARHI certification guarantees maximum energy efficiency. A special switch enables easy and rapid cleaning. SPIKA machines are presented in under the counter versions (New Generation technology), or in modules with the option of stacking them and duplicating production in the same space. SPIKA machines are vertical evaporating, with the water distributor patented by ITV which produces ice in the form of dice and half dice. The oversized condenser is optimal for warm climates in both versions (cooling by air and by water). The manufacturing system is simple, reliable, and suitable for chalky areas and difficult working conditions. In both versions it is manufactured in 220V/50Hz, 220V/60Hz and 115V/60Hz. The SPIKA range produces the piece of ice in the form of dice or half dice; it is one of the best-known and most widely used cubes in the world. It cools drinks very quickly: the cooling ratio is close to the 100% mark. You can enjoy your drink in seconds.";535;mm;595;mm;789;mm;52;Kg;2559;;EUR;;;cold>ice maker;ITV, icemaker, bar, cube, ice, full cube, dice cube;;;;simple;;Production (kg/24h);45;Ice type;Full Dice Cube;Storage;20;ice size (gr);12;Condensation;Air;Gas type;R 290;active;https://raw.githubusercontent.com/cooknation/itv/refs/heads/main/itv_video_SPIKA_NG_50_F_A_DP.mp4;https://raw.githubusercontent.com/cooknation/itv/refs/heads/main/itv_image_SPIKA_NG_50_F_A_DP.jpg;https://raw.githubusercontent.com/cooknation/itv/refs/heads/main/itv_image_2_SPIKA_NG_50_F_A_DP.jpg;https://raw.githubusercontent.com/cooknation/itv/refs/heads/main/itv_image_3_SPIKA_NG_50_F_A_DP.jpg;https://raw.githubusercontent.com/cooknation/itv/refs/heads/main/itv_datasheet_SPIKA_NG_50_F_A_DP.pdf;https://raw.githubusercontent.com/cooknation/itv/refs/heads/main/itv_manual_SPIKA_NG_50_F_A_DP.pdf;https://raw.githubusercontent.com/cooknation/itv/refs/heads/main/itv_technicalmanual_SPIKA_NG_50_F_A_DP.pdf;https://raw.githubusercontent.com/cooknation/itv/refs/heads/main/itv_drawing_SPIKA_NG_50_F_A_DP.pdf;https://raw.githubusercontent.com/cooknation/itv/refs/heads/main/itv_catalogue_SPIKA_NG_50_F_A_DP.pdf;https://raw.githubusercontent.com/cooknation/itv/refs/heads/main/itv_photo_SPIKA_NG_50_F_A_DP.jpg;https://raw.githubusercontent.com/cooknation/itv/refs/heads/main/itv_card_SPIKA_NG_50_F_A_DP.pdf;https://raw.githubusercontent.com/cooknation/itv/refs/heads/main/itv_brandcatalogue.pdf;https://raw.githubusercontent.com/cooknation/itv/refs/heads/main/itv_price.pdf
CKNITVSPIKA_NG_50_F_W;SPIKA_NG_50_F_W;ITV;Ice maker;Ice maker, vertical system, full cubes ;"DESIGNED TO STAND UP TO THE DEVILUSH PACE OF FAST-FOOD. Quick to produce cubes that cool the drink at full speed (in seconds the drink is cold). The SPIKA ITV range responds to the needs of fast-food establishments with machines ideal for large consumption of ice. The ARHI certification guarantees maximum energy efficiency. A special switch enables easy and rapid cleaning. SPIKA machines are presented in under the counter versions (New Generation technology), or in modules with the option of stacking them and duplicating production in the same space. SPIKA machines are vertical evaporating, with the water distributor patented by ITV which produces ice in the form of dice and half dice. The oversized condenser is optimal for warm climates in both versions (cooling by air and by water). The manufacturing system is simple, reliable, and suitable for chalky areas and difficult working conditions. In both versions it is manufactured in 220V/50Hz, 220V/60Hz and 115V/60Hz. The SPIKA range produces the piece of ice in the form of dice or half dice; it is one of the best-known and most widely used cubes in the world. It cools drinks very quickly: the cooling ratio is close to the 100% mark. You can enjoy your drink in seconds.";535;mm;595;mm;789;mm;52;Kg;2499;;EUR;;;cold>ice maker;ITV, icemaker, bar, cube, ice, full cube, dice cube;;;;simple;;Production (kg/24h);45;Ice type;Full Dice Cube;Storage;20;ice size (gr);12;Condensation;Water;Gas type;R 290;active;https://raw.githubusercontent.com/cooknation/itv/refs/heads/main/itv_video_SPIKA_NG_50_F_W.mp4;https://raw.githubusercontent.com/cooknation/itv/refs/heads/main/itv_image_SPIKA_NG_50_F_W.jpg;https://raw.githubusercontent.com/cooknation/itv/refs/heads/main/itv_image_2_SPIKA_NG_50_F_W.jpg;https://raw.githubusercontent.com/cooknation/itv/refs/heads/main/itv_image_3_SPIKA_NG_50_F_W.jpg;https://raw.githubusercontent.com/cooknation/itv/refs/heads/main/itv_datasheet_SPIKA_NG_50_F_W.pdf;https://raw.githubusercontent.com/cooknation/itv/refs/heads/main/itv_manual_SPIKA_NG_50_F_W.pdf;https://raw.githubusercontent.com/cooknation/itv/refs/heads/main/itv_technicalmanual_SPIKA_NG_50_F_W.pdf;https://raw.githubusercontent.com/cooknation/itv/refs/heads/main/itv_drawing_SPIKA_NG_50_F_W.pdf;https://raw.githubusercontent.com/cooknation/itv/refs/heads/main/itv_catalogue_SPIKA_NG_50_F_W.pdf;https://raw.githubusercontent.com/cooknation/itv/refs/heads/main/itv_photo_SPIKA_NG_50_F_W.jpg;https://raw.githubusercontent.com/cooknation/itv/refs/heads/main/itv_card_SPIKA_NG_50_F_W.pdf;https://raw.githubusercontent.com/cooknation/itv/refs/heads/main/itv_brandcatalogue.pdf;https://raw.githubusercontent.com/cooknation/itv/refs/heads/main/itv_price.pdf
CKNITVSPIKA_NG_50_H_A;SPIKA_NG_50_H_A;ITV;Ice maker;Ice maker, vertical system, full cubes air cooling,;"DESIGNED TO STAND UP TO THE DEVILUSH PACE OF FAST-FOOD. Quick to produce cubes that cool the drink at full speed (in seconds the drink is cold). The SPIKA ITV range responds to the needs of fast-food establishments with machines ideal for large consumption of ice. The ARHI certification guarantees maximum energy efficiency. A special switch enables easy and rapid cleaning. SPIKA machines are presented in under the counter versions (New Generation technology), or in modules with the option of stacking them and duplicating production in the same space. SPIKA machines are vertical evaporating, with the water distributor patented by ITV which produces ice in the form of dice and half dice. The oversized condenser is optimal for warm climates in both versions (cooling by air and by water). The manufacturing system is simple, reliable, and suitable for chalky areas and difficult working conditions. In both versions it is manufactured in 220V/50Hz, 220V/60Hz and 115V/60Hz. The SPIKA range produces the piece of ice in the form of dice or half dice; it is one of the best-known and most widely used cubes in the world. It cools drinks very quickly: the cooling ratio is close to the 100% mark. You can enjoy your drink in seconds.";535;mm;595;mm;789;mm;52;Kg;2452;;EUR;;;cold>ice maker;ITV, icemaker, bar, cube, ice, full cube, dice cube;;;;simple;;Production (kg/24h);45;Ice type;Half Dice Cube;Storage;20;ice size (gr);6;Condensation;Air;Gas type;R 290;active;https://raw.githubusercontent.com/cooknation/itv/refs/heads/main/itv_video_SPIKA_NG_50_H_A.mp4;https://raw.githubusercontent.com/cooknation/itv/refs/heads/main/itv_image_SPIKA_NG_50_H_A.jpg;https://raw.githubusercontent.com/cooknation/itv/refs/heads/main/itv_image_2_SPIKA_NG_50_H_A.jpg;https://raw.githubusercontent.com/cooknation/itv/refs/heads/main/itv_image_3_SPIKA_NG_50_H_A.jpg;https://raw.githubusercontent.com/cooknation/itv/refs/heads/main/itv_datasheet_SPIKA_NG_50_H_A.pdf;https://raw.githubusercontent.com/cooknation/itv/refs/heads/main/itv_manual_SPIKA_NG_50_H_A.pdf;https://raw.githubusercontent.com/cooknation/itv/refs/heads/main/itv_technicalmanual_SPIKA_NG_50_H_A.pdf;https://raw.githubusercontent.com/cooknation/itv/refs/heads/main/itv_drawing_SPIKA_NG_50_H_A.pdf;https://raw.githubusercontent.com/cooknation/itv/refs/heads/main/itv_catalogue_SPIKA_NG_50_H_A.pdf;https://raw.githubusercontent.com/cooknation/itv/refs/heads/main/itv_photo_SPIKA_NG_50_H_A.jpg;https://raw.githubusercontent.com/cooknation/itv/refs/heads/main/itv_card_SPIKA_NG_50_H_A.pdf;https://raw.githubusercontent.com/cooknation/itv/refs/heads/main/itv_brandcatalogue.pdf;https://raw.githubusercontent.com/cooknation/itv/refs/heads/main/itv_price.pdf
CKNITVSPIKA_NG_50_H_A_DP;SPIKA_NG_50_H_A_DP;ITV;Ice maker;Ice maker, vertical system, full cubes air cooling,;"DESIGNED TO STAND UP TO THE DEVILUSH PACE OF FAST-FOOD. Quick to produce cubes that cool the drink at full speed (in seconds the drink is cold). The SPIKA ITV range responds to the needs of fast-food establishments with machines ideal for large consumption of ice. The ARHI certification guarantees maximum energy efficiency. A special switch enables easy and rapid cleaning. SPIKA machines are presented in under the counter versions (New Generation technology), or in modules with the option of stacking them and duplicating production in the same space. SPIKA machines are vertical evaporating, with the water distributor patented by ITV which produces ice in the form of dice and half dice. The oversized condenser is optimal for warm climates in both versions (cooling by air and by water). The manufacturing system is simple, reliable, and suitable for chalky areas and difficult working conditions. In both versions it is manufactured in 220V/50Hz, 220V/60Hz and 115V/60Hz. The SPIKA range produces the piece of ice in the form of dice or half dice; it is one of the best-known and most widely used cubes in the world. It cools drinks very quickly: the cooling ratio is close to the 100% mark. You can enjoy your drink in seconds.";535;mm;595;mm;789;mm;52;Kg;2559;;EUR;;;cold>ice maker;ITV, icemaker, bar, cube, ice, full cube, dice cube;;;;simple;;Production (kg/24h);45;Ice type;Half Dice Cube;Storage;20;ice size (gr);6;Condensation;Air;Gas type;R 290;active;https://raw.githubusercontent.com/cooknation/itv/refs/heads/main/itv_video_SPIKA_NG_50_H_A_DP.mp4;https://raw.githubusercontent.com/cooknation/itv/refs/heads/main/itv_image_SPIKA_NG_50_H_A_DP.jpg;https://raw.githubusercontent.com/cooknation/itv/refs/heads/main/itv_image_2_SPIKA_NG_50_H_A_DP.jpg;https://raw.githubusercontent.com/cooknation/itv/refs/heads/main/itv_image_3_SPIKA_NG_50_H_A_DP.jpg;https://raw.githubusercontent.com/cooknation/itv/refs/heads/main/itv_datasheet_SPIKA_NG_50_H_A_DP.pdf;https://raw.githubusercontent.com/cooknation/itv/refs/heads/main/itv_manual_SPIKA_NG_50_H_A_DP.pdf;https://raw.githubusercontent.com/cooknation/itv/refs/heads/main/itv_technicalmanual_SPIKA_NG_50_H_A_DP.pdf;https://raw.githubusercontent.com/cooknation/itv/refs/heads/main/itv_drawing_SPIKA_NG_50_H_A_DP.pdf;https://raw.githubusercontent.com/cooknation/itv/refs/heads/main/itv_catalogue_SPIKA_NG_50_H_A_DP.pdf;https://raw.githubusercontent.com/cooknation/itv/refs/heads/main/itv_photo_SPIKA_NG_50_H_A_DP.jpg;https://raw.githubusercontent.com/cooknation/itv/refs/heads/main/itv_card_SPIKA_NG_50_H_A_DP.pdf;https://raw.githubusercontent.com/cooknation/itv/refs/heads/main/itv_brandcatalogue.pdf;https://raw.githubusercontent.com/cooknation/itv/refs/heads/main/itv_price.pdf
CKNITVSPIKA_NG_50_H_W;SPIKA_NG_50_H_W;ITV;Ice maker;Ice maker, vertical system, full cubes ;"DESIGNED TO STAND UP TO THE DEVILUSH PACE OF FAST-FOOD. Quick to produce cubes that cool the drink at full speed (in seconds the drink is cold). The SPIKA ITV range responds to the needs of fast-food establishments with machines ideal for large consumption of ice. The ARHI certification guarantees maximum energy efficiency. A special switch enables easy and rapid cleaning. SPIKA machines are presented in under the counter versions (New Generation technology), or in modules with the option of stacking them and duplicating production in the same space. SPIKA machines are vertical evaporating, with the water distributor patented by ITV which produces ice in the form of dice and half dice. The oversized condenser is optimal for warm climates in both versions (cooling by air and by water). The manufacturing system is simple, reliable, and suitable for chalky areas and difficult working conditions. In both versions it is manufactured in 220V/50Hz, 220V/60Hz and 115V/60Hz. The SPIKA range produces the piece of ice in the form of dice or half dice; it is one of the best-known and most widely used cubes in the world. It cools drinks very quickly: the cooling ratio is close to the 100% mark. You can enjoy your drink in seconds.";535;mm;595;mm;789;mm;52;Kg;2499;;EUR;;;cold>ice maker;ITV, icemaker, bar, cube, ice, full cube, dice cube;;;;simple;;Production (kg/24h);45;Ice type;Half Dice Cube;Storage;20;ice size (gr);6;Condensation;Water;Gas type;R 290;active;https://raw.githubusercontent.com/cooknation/itv/refs/heads/main/itv_video_SPIKA_NG_50_H_W.mp4;https://raw.githubusercontent.com/cooknation/itv/refs/heads/main/itv_image_SPIKA_NG_50_H_W.jpg;https://raw.githubusercontent.com/cooknation/itv/refs/heads/main/itv_image_2_SPIKA_NG_50_H_W.jpg;https://raw.githubusercontent.com/cooknation/itv/refs/heads/main/itv_image_3_SPIKA_NG_50_H_W.jpg;https://raw.githubusercontent.com/cooknation/itv/refs/heads/main/itv_datasheet_SPIKA_NG_50_H_W.pdf;https://raw.githubusercontent.com/cooknation/itv/refs/heads/main/itv_manual_SPIKA_NG_50_H_W.pdf;https://raw.githubusercontent.com/cooknation/itv/refs/heads/main/itv_technicalmanual_SPIKA_NG_50_H_W.pdf;https://raw.githubusercontent.com/cooknation/itv/refs/heads/main/itv_drawing_SPIKA_NG_50_H_W.pdf;https://raw.githubusercontent.com/cooknation/itv/refs/heads/main/itv_catalogue_SPIKA_NG_50_H_W.pdf;https://raw.githubusercontent.com/cooknation/itv/refs/heads/main/itv_photo_SPIKA_NG_50_H_W.jpg;https://raw.githubusercontent.com/cooknation/itv/refs/heads/main/itv_card_SPIKA_NG_50_H_W.pdf;https://raw.githubusercontent.com/cooknation/itv/refs/heads/main/itv_brandcatalogue.pdf;https://raw.githubusercontent.com/cooknation/itv/refs/heads/main/itv_price.pdf
CKNITVSPIKA_NG_70_F_A;SPIKA_NG_70_F_A;ITV;Ice maker;Ice maker, vertical system, full cubes air cooling,;"DESIGNED TO STAND UP TO THE DEVILUSH PACE OF FAST-FOOD. Quick to produce cubes that cool the drink at full speed (in seconds the drink is cold). The SPIKA ITV range responds to the needs of fast-food establishments with machines ideal for large consumption of ice. The ARHI certification guarantees maximum energy efficiency. A special switch enables easy and rapid cleaning. SPIKA machines are presented in under the counter versions (New Generation technology), or in modules with the option of stacking them and duplicating production in the same space. SPIKA machines are vertical evaporating, with the water distributor patented by ITV which produces ice in the form of dice and half dice. The oversized condenser is optimal for warm climates in both versions (cooling by air and by water). The manufacturing system is simple, reliable, and suitable for chalky areas and difficult working conditions. In both versions it is manufactured in 220V/50Hz, 220V/60Hz and 115V/60Hz. The SPIKA range produces the piece of ice in the form of dice or half dice; it is one of the best-known and most widely used cubes in the world. It cools drinks very quickly: the cooling ratio is close to the 100% mark. You can enjoy your drink in seconds.";535;mm;595;mm;789;mm;52;Kg;3017;;EUR;;;cold>ice maker;ITV, icemaker, bar, cube, ice, full cube, dice cube;;;;simple;;Production (kg/24h);76;Ice type;Full Dice Cube;Storage;20;ice size (gr);12;Condensation;Air;Gas type;R 290;active;https://raw.githubusercontent.com/cooknation/itv/refs/heads/main/itv_video_SPIKA_NG_70_F_A.mp4;https://raw.githubusercontent.com/cooknation/itv/refs/heads/main/itv_image_SPIKA_NG_70_F_A.jpg;https://raw.githubusercontent.com/cooknation/itv/refs/heads/main/itv_image_2_SPIKA_NG_70_F_A.jpg;https://raw.githubusercontent.com/cooknation/itv/refs/heads/main/itv_image_3_SPIKA_NG_70_F_A.jpg;https://raw.githubusercontent.com/cooknation/itv/refs/heads/main/itv_datasheet_SPIKA_NG_70_F_A.pdf;https://raw.githubusercontent.com/cooknation/itv/refs/heads/main/itv_manual_SPIKA_NG_70_F_A.pdf;https://raw.githubusercontent.com/cooknation/itv/refs/heads/main/itv_technicalmanual_SPIKA_NG_70_F_A.pdf;https://raw.githubusercontent.com/cooknation/itv/refs/heads/main/itv_drawing_SPIKA_NG_70_F_A.pdf;https://raw.githubusercontent.com/cooknation/itv/refs/heads/main/itv_catalogue_SPIKA_NG_70_F_A.pdf;https://raw.githubusercontent.com/cooknation/itv/refs/heads/main/itv_photo_SPIKA_NG_70_F_A.jpg;https://raw.githubusercontent.com/cooknation/itv/refs/heads/main/itv_card_SPIKA_NG_70_F_A.pdf;https://raw.githubusercontent.com/cooknation/itv/refs/heads/main/itv_brandcatalogue.pdf;https://raw.githubusercontent.com/cooknation/itv/refs/heads/main/itv_price.pdf
CKNITVSPIKA_NG_70_F_A_DP;SPIKA_NG_70_F_A_DP;ITV;Ice maker;Ice maker, vertical system, full cubes air cooling,;"DESIGNED TO STAND UP TO THE DEVILUSH PACE OF FAST-FOOD. Quick to produce cubes that cool the drink at full speed (in seconds the drink is cold). The SPIKA ITV range responds to the needs of fast-food establishments with machines ideal for large consumption of ice. The ARHI certification guarantees maximum energy efficiency. A special switch enables easy and rapid cleaning. SPIKA machines are presented in under the counter versions (New Generation technology), or in modules with the option of stacking them and duplicating production in the same space. SPIKA machines are vertical evaporating, with the water distributor patented by ITV which produces ice in the form of dice and half dice. The oversized condenser is optimal for warm climates in both versions (cooling by air and by water). The manufacturing system is simple, reliable, and suitable for chalky areas and difficult working conditions. In both versions it is manufactured in 220V/50Hz, 220V/60Hz and 115V/60Hz. The SPIKA range produces the piece of ice in the form of dice or half dice; it is one of the best-known and most widely used cubes in the world. It cools drinks very quickly: the cooling ratio is close to the 100% mark. You can enjoy your drink in seconds.";535;mm;595;mm;789;mm;52;Kg;3124;;EUR;;;cold>ice maker;ITV, icemaker, bar, cube, ice, full cube, dice cube;;;;simple;;Production (kg/24h);76;Ice type;Full Dice Cube;Storage;20;ice size (gr);12;Condensation;Air;Gas type;R 290;active;https://raw.githubusercontent.com/cooknation/itv/refs/heads/main/itv_video_SPIKA_NG_70_F_A_DP.mp4;https://raw.githubusercontent.com/cooknation/itv/refs/heads/main/itv_image_SPIKA_NG_70_F_A_DP.jpg;https://raw.githubusercontent.com/cooknation/itv/refs/heads/main/itv_image_2_SPIKA_NG_70_F_A_DP.jpg;https://raw.githubusercontent.com/cooknation/itv/refs/heads/main/itv_image_3_SPIKA_NG_70_F_A_DP.jpg;https://raw.githubusercontent.com/cooknation/itv/refs/heads/main/itv_datasheet_SPIKA_NG_70_F_A_DP.pdf;https://raw.githubusercontent.com/cooknation/itv/refs/heads/main/itv_manual_SPIKA_NG_70_F_A_DP.pdf;https://raw.githubusercontent.com/cooknation/itv/refs/heads/main/itv_technicalmanual_SPIKA_NG_70_F_A_DP.pdf;https://raw.githubusercontent.com/cooknation/itv/refs/heads/main/itv_drawing_SPIKA_NG_70_F_A_DP.pdf;https://raw.githubusercontent.com/cooknation/itv/refs/heads/main/itv_catalogue_SPIKA_NG_70_F_A_DP.pdf;https://raw.githubusercontent.com/cooknation/itv/refs/heads/main/itv_photo_SPIKA_NG_70_F_A_DP.jpg;https://raw.githubusercontent.com/cooknation/itv/refs/heads/main/itv_card_SPIKA_NG_70_F_A_DP.pdf;https://raw.githubusercontent.com/cooknation/itv/refs/heads/main/itv_brandcatalogue.pdf;https://raw.githubusercontent.com/cooknation/itv/refs/heads/main/itv_price.pdf
CKNITVSPIKA_NG_70_F_W;SPIKA_NG_70_F_W;ITV;Ice maker;Ice maker, vertical system, full cubes ;"DESIGNED TO STAND UP TO THE DEVILUSH PACE OF FAST-FOOD. Quick to produce cubes that cool the drink at full speed (in seconds the drink is cold). The SPIKA ITV range responds to the needs of fast-food establishments with machines ideal for large consumption of ice. The ARHI certification guarantees maximum energy efficiency. A special switch enables easy and rapid cleaning. SPIKA machines are presented in under the counter versions (New Generation technology), or in modules with the option of stacking them and duplicating production in the same space. SPIKA machines are vertical evaporating, with the water distributor patented by ITV which produces ice in the form of dice and half dice. The oversized condenser is optimal for warm climates in both versions (cooling by air and by water). The manufacturing system is simple, reliable, and suitable for chalky areas and difficult working conditions. In both versions it is manufactured in 220V/50Hz, 220V/60Hz and 115V/60Hz. The SPIKA range produces the piece of ice in the form of dice or half dice; it is one of the best-known and most widely used cubes in the world. It cools drinks very quickly: the cooling ratio is close to the 100% mark. You can enjoy your drink in seconds.";535;mm;595;mm;789;mm;52;Kg;3068;;EUR;;;cold>ice maker;ITV, icemaker, bar, cube, ice, full cube, dice cube;;;;simple;;Production (kg/24h);76;Ice type;Full Dice Cube;Storage;20;ice size (gr);12;Condensation;Water;Gas type;R 290;active;https://raw.githubusercontent.com/cooknation/itv/refs/heads/main/itv_video_SPIKA_NG_70_F_W.mp4;https://raw.githubusercontent.com/cooknation/itv/refs/heads/main/itv_image_SPIKA_NG_70_F_W.jpg;https://raw.githubusercontent.com/cooknation/itv/refs/heads/main/itv_image_2_SPIKA_NG_70_F_W.jpg;https://raw.githubusercontent.com/cooknation/itv/refs/heads/main/itv_image_3_SPIKA_NG_70_F_W.jpg;https://raw.githubusercontent.com/cooknation/itv/refs/heads/main/itv_datasheet_SPIKA_NG_70_F_W.pdf;https://raw.githubusercontent.com/cooknation/itv/refs/heads/main/itv_manual_SPIKA_NG_70_F_W.pdf;https://raw.githubusercontent.com/cooknation/itv/refs/heads/main/itv_technicalmanual_SPIKA_NG_70_F_W.pdf;https://raw.githubusercontent.com/cooknation/itv/refs/heads/main/itv_drawing_SPIKA_NG_70_F_W.pdf;https://raw.githubusercontent.com/cooknation/itv/refs/heads/main/itv_catalogue_SPIKA_NG_70_F_W.pdf;https://raw.githubusercontent.com/cooknation/itv/refs/heads/main/itv_photo_SPIKA_NG_70_F_W.jpg;https://raw.githubusercontent.com/cooknation/itv/refs/heads/main/itv_card_SPIKA_NG_70_F_W.pdf;https://raw.githubusercontent.com/cooknation/itv/refs/heads/main/itv_brandcatalogue.pdf;https://raw.githubusercontent.com/cooknation/itv/refs/heads/main/itv_price.pdf
CKNITVSPIKA_NG_70_H_A;SPIKA_NG_70_H_A;ITV;Ice maker;Ice maker, vertical system, full cubes air cooling,;"DESIGNED TO STAND UP TO THE DEVILUSH PACE OF FAST-FOOD. Quick to produce cubes that cool the drink at full speed (in seconds the drink is cold). The SPIKA ITV range responds to the needs of fast-food establishments with machines ideal for large consumption of ice. The ARHI certification guarantees maximum energy efficiency. A special switch enables easy and rapid cleaning. SPIKA machines are presented in under the counter versions (New Generation technology), or in modules with the option of stacking them and duplicating production in the same space. SPIKA machines are vertical evaporating, with the water distributor patented by ITV which produces ice in the form of dice and half dice. The oversized condenser is optimal for warm climates in both versions (cooling by air and by water). The manufacturing system is simple, reliable, and suitable for chalky areas and difficult working conditions. In both versions it is manufactured in 220V/50Hz, 220V/60Hz and 115V/60Hz. The SPIKA range produces the piece of ice in the form of dice or half dice; it is one of the best-known and most widely used cubes in the world. It cools drinks very quickly: the cooling ratio is close to the 100% mark. You can enjoy your drink in seconds.";535;mm;595;mm;789;mm;52;Kg;3017;;EUR;;;cold>ice maker;ITV, icemaker, bar, cube, ice, full cube, dice cube;;;;simple;;Production (kg/24h);76;Ice type;Half Dice Cube;Storage;20;ice size (gr);6;Condensation;Air;Gas type;R 290;active;https://raw.githubusercontent.com/cooknation/itv/refs/heads/main/itv_video_SPIKA_NG_70_H_A.mp4;https://raw.githubusercontent.com/cooknation/itv/refs/heads/main/itv_image_SPIKA_NG_70_H_A.jpg;https://raw.githubusercontent.com/cooknation/itv/refs/heads/main/itv_image_2_SPIKA_NG_70_H_A.jpg;https://raw.githubusercontent.com/cooknation/itv/refs/heads/main/itv_image_3_SPIKA_NG_70_H_A.jpg;https://raw.githubusercontent.com/cooknation/itv/refs/heads/main/itv_datasheet_SPIKA_NG_70_H_A.pdf;https://raw.githubusercontent.com/cooknation/itv/refs/heads/main/itv_manual_SPIKA_NG_70_H_A.pdf;https://raw.githubusercontent.com/cooknation/itv/refs/heads/main/itv_technicalmanual_SPIKA_NG_70_H_A.pdf;https://raw.githubusercontent.com/cooknation/itv/refs/heads/main/itv_drawing_SPIKA_NG_70_H_A.pdf;https://raw.githubusercontent.com/cooknation/itv/refs/heads/main/itv_catalogue_SPIKA_NG_70_H_A.pdf;https://raw.githubusercontent.com/cooknation/itv/refs/heads/main/itv_photo_SPIKA_NG_70_H_A.jpg;https://raw.githubusercontent.com/cooknation/itv/refs/heads/main/itv_card_SPIKA_NG_70_H_A.pdf;https://raw.githubusercontent.com/cooknation/itv/refs/heads/main/itv_brandcatalogue.pdf;https://raw.githubusercontent.com/cooknation/itv/refs/heads/main/itv_price.pdf
CKNITVSPIKA_NG_70_H_A_DP;SPIKA_NG_70_H_A_DP;ITV;Ice maker;Ice maker, vertical system, full cubes air cooling,;"DESIGNED TO STAND UP TO THE DEVILUSH PACE OF FAST-FOOD. Quick to produce cubes that cool the drink at full speed (in seconds the drink is cold). The SPIKA ITV range responds to the needs of fast-food establishments with machines ideal for large consumption of ice. The ARHI certification guarantees maximum energy efficiency. A special switch enables easy and rapid cleaning. SPIKA machines are presented in under the counter versions (New Generation technology), or in modules with the option of stacking them and duplicating production in the same space. SPIKA machines are vertical evaporating, with the water distributor patented by ITV which produces ice in the form of dice and half dice. The oversized condenser is optimal for warm climates in both versions (cooling by air and by water). The manufacturing system is simple, reliable, and suitable for chalky areas and difficult working conditions. In both versions it is manufactured in 220V/50Hz, 220V/60Hz and 115V/60Hz. The SPIKA range produces the piece of ice in the form of dice or half dice; it is one of the best-known and most widely used cubes in the world. It cools drinks very quickly: the cooling ratio is close to the 100% mark. You can enjoy your drink in seconds.";535;mm;595;mm;789;mm;52;Kg;3124;;EUR;;;cold>ice maker;ITV, icemaker, bar, cube, ice, full cube, dice cube;;;;simple;;Production (kg/24h);76;Ice type;Half Dice Cube;Storage;20;ice size (gr);6;Condensation;Air;Gas type;R 290;active;https://raw.githubusercontent.com/cooknation/itv/refs/heads/main/itv_video_SPIKA_NG_70_H_A_DP.mp4;https://raw.githubusercontent.com/cooknation/itv/refs/heads/main/itv_image_SPIKA_NG_70_H_A_DP.jpg;https://raw.githubusercontent.com/cooknation/itv/refs/heads/main/itv_image_2_SPIKA_NG_70_H_A_DP.jpg;https://raw.githubusercontent.com/cooknation/itv/refs/heads/main/itv_image_3_SPIKA_NG_70_H_A_DP.jpg;https://raw.githubusercontent.com/cooknation/itv/refs/heads/main/itv_datasheet_SPIKA_NG_70_H_A_DP.pdf;https://raw.githubusercontent.com/cooknation/itv/refs/heads/main/itv_manual_SPIKA_NG_70_H_A_DP.pdf;https://raw.githubusercontent.com/cooknation/itv/refs/heads/main/itv_technicalmanual_SPIKA_NG_70_H_A_DP.pdf;https://raw.githubusercontent.com/cooknation/itv/refs/heads/main/itv_drawing_SPIKA_NG_70_H_A_DP.pdf;https://raw.githubusercontent.com/cooknation/itv/refs/heads/main/itv_catalogue_SPIKA_NG_70_H_A_DP.pdf;https://raw.githubusercontent.com/cooknation/itv/refs/heads/main/itv_photo_SPIKA_NG_70_H_A_DP.jpg;https://raw.githubusercontent.com/cooknation/itv/refs/heads/main/itv_card_SPIKA_NG_70_H_A_DP.pdf;https://raw.githubusercontent.com/cooknation/itv/refs/heads/main/itv_brandcatalogue.pdf;https://raw.githubusercontent.com/cooknation/itv/refs/heads/main/itv_price.pdf
CKNITVSPIKA_NG_70_H_W;SPIKA_NG_70_H_W;ITV;Ice maker;Ice maker, vertical system, full cubes ;"DESIGNED TO STAND UP TO THE DEVILUSH PACE OF FAST-FOOD. Quick to produce cubes that cool the drink at full speed (in seconds the drink is cold). The SPIKA ITV range responds to the needs of fast-food establishments with machines ideal for large consumption of ice. The ARHI certification guarantees maximum energy efficiency. A special switch enables easy and rapid cleaning. SPIKA machines are presented in under the counter versions (New Generation technology), or in modules with the option of stacking them and duplicating production in the same space. SPIKA machines are vertical evaporating, with the water distributor patented by ITV which produces ice in the form of dice and half dice. The oversized condenser is optimal for warm climates in both versions (cooling by air and by water). The manufacturing system is simple, reliable, and suitable for chalky areas and difficult working conditions. In both versions it is manufactured in 220V/50Hz, 220V/60Hz and 115V/60Hz. The SPIKA range produces the piece of ice in the form of dice or half dice; it is one of the best-known and most widely used cubes in the world. It cools drinks very quickly: the cooling ratio is close to the 100% mark. You can enjoy your drink in seconds.";535;mm;595;mm;789;mm;52;Kg;3068;;EUR;;;cold>ice maker;ITV, icemaker, bar, cube, ice, full cube, dice cube;;;;simple;;Production (kg/24h);76;Ice type;Half Dice Cube;Storage;20;ice size (gr);6;Condensation;Water;Gas type;R 290;active;https://raw.githubusercontent.com/cooknation/itv/refs/heads/main/itv_video_SPIKA_NG_70_H_W.mp4;https://raw.githubusercontent.com/cooknation/itv/refs/heads/main/itv_image_SPIKA_NG_70_H_W.jpg;https://raw.githubusercontent.com/cooknation/itv/refs/heads/main/itv_image_2_SPIKA_NG_70_H_W.jpg;https://raw.githubusercontent.com/cooknation/itv/refs/heads/main/itv_image_3_SPIKA_NG_70_H_W.jpg;https://raw.githubusercontent.com/cooknation/itv/refs/heads/main/itv_datasheet_SPIKA_NG_70_H_W.pdf;https://raw.githubusercontent.com/cooknation/itv/refs/heads/main/itv_manual_SPIKA_NG_70_H_W.pdf;https://raw.githubusercontent.com/cooknation/itv/refs/heads/main/itv_technicalmanual_SPIKA_NG_70_H_W.pdf;https://raw.githubusercontent.com/cooknation/itv/refs/heads/main/itv_drawing_SPIKA_NG_70_H_W.pdf;https://raw.githubusercontent.com/cooknation/itv/refs/heads/main/itv_catalogue_SPIKA_NG_70_H_W.pdf;https://raw.githubusercontent.com/cooknation/itv/refs/heads/main/itv_photo_SPIKA_NG_70_H_W.jpg;https://raw.githubusercontent.com/cooknation/itv/refs/heads/main/itv_card_SPIKA_NG_70_H_W.pdf;https://raw.githubusercontent.com/cooknation/itv/refs/heads/main/itv_brandcatalogue.pdf;https://raw.githubusercontent.com/cooknation/itv/refs/heads/main/itv_price.pdf
CKNITVSTELLA_35_A;STELLA_35_A;ITV;Ice maker;Ice maker, spray system, full cube 22gr., air cooling,;COMPACT ELEGANCE FOR ANY SPACE. The STELLA range of machines offers a compact gourmet ice cube, designed for the hospitality sector. High quality AISI 304 stainless steel external finish with integrated door enhances the machine’s pristine styling. With exceptional injected polyurethane insulation, the STELLA machine will maintain the consistency and quality of the ice produced to deliver an exceptional product to the customer.;435;mm;605;mm;695;mm;39;Kg;2350;;EUR;;;cold>ice maker;ITV, icemaker, bar, cube, ice, full cube;;;;simple;;Production (kg/24h);33;Ice type;Full Cube;Storage;15;ice size (gr);22;Condensation;Air;Gas type;R 290;active;https://raw.githubusercontent.com/cooknation/itv/refs/heads/main/itv_video_STELLA_35_A.mp4;https://raw.githubusercontent.com/cooknation/itv/refs/heads/main/itv_image_STELLA_35_A.jpg;https://raw.githubusercontent.com/cooknation/itv/refs/heads/main/itv_image_2_STELLA_35_A.jpg;https://raw.githubusercontent.com/cooknation/itv/refs/heads/main/itv_image_3_STELLA_35_A.jpg;https://raw.githubusercontent.com/cooknation/itv/refs/heads/main/itv_datasheet_STELLA_35_A.pdf;https://raw.githubusercontent.com/cooknation/itv/refs/heads/main/itv_manual_STELLA_35_A.pdf;https://raw.githubusercontent.com/cooknation/itv/refs/heads/main/itv_technicalmanual_STELLA_35_A.pdf;https://raw.githubusercontent.com/cooknation/itv/refs/heads/main/itv_drawing_STELLA_35_A.pdf;https://raw.githubusercontent.com/cooknation/itv/refs/heads/main/itv_catalogue_STELLA_35_A.pdf;https://raw.githubusercontent.com/cooknation/itv/refs/heads/main/itv_photo_STELLA_35_A.jpg;https://raw.githubusercontent.com/cooknation/itv/refs/heads/main/itv_card_STELLA_35_A.pdf;https://raw.githubusercontent.com/cooknation/itv/refs/heads/main/itv_brandcatalogue.pdf;https://raw.githubusercontent.com/cooknation/itv/refs/heads/main/itv_price.pdf
CKNITVSTELLA_35_A_DP;STELLA_35_A_DP;ITV;Ice maker;Ice maker, spray system, full cube 22gr., air cooling, drainage pump;COMPACT ELEGANCE FOR ANY SPACE. The STELLA range of machines offers a compact gourmet ice cube, designed for the hospitality sector. High quality AISI 304 stainless steel external finish with integrated door enhances the machine’s pristine styling. With exceptional injected polyurethane insulation, the STELLA machine will maintain the consistency and quality of the ice produced to deliver an exceptional product to the customer.;435;mm;605;mm;695;mm;39;Kg;2462;;EUR;;;cold>ice maker;ITV, icemaker, bar, cube, ice, full cube;;;;simple;;Production (kg/24h);33;Ice type;Full Cube;Storage;15;ice size (gr);22;Condensation;Air;Gas type;R 290;active;https://raw.githubusercontent.com/cooknation/itv/refs/heads/main/itv_video_STELLA_35_A_DP.mp4;https://raw.githubusercontent.com/cooknation/itv/refs/heads/main/itv_image_STELLA_35_A_DP.jpg;https://raw.githubusercontent.com/cooknation/itv/refs/heads/main/itv_image_2_STELLA_35_A_DP.jpg;https://raw.githubusercontent.com/cooknation/itv/refs/heads/main/itv_image_3_STELLA_35_A_DP.jpg;https://raw.githubusercontent.com/cooknation/itv/refs/heads/main/itv_datasheet_STELLA_35_A_DP.pdf;https://raw.githubusercontent.com/cooknation/itv/refs/heads/main/itv_manual_STELLA_35_A_DP.pdf;https://raw.githubusercontent.com/cooknation/itv/refs/heads/main/itv_technicalmanual_STELLA_35_A_DP.pdf;https://raw.githubusercontent.com/cooknation/itv/refs/heads/main/itv_drawing_STELLA_35_A_DP.pdf;https://raw.githubusercontent.com/cooknation/itv/refs/heads/main/itv_catalogue_STELLA_35_A_DP.pdf;https://raw.githubusercontent.com/cooknation/itv/refs/heads/main/itv_photo_STELLA_35_A_DP.jpg;https://raw.githubusercontent.com/cooknation/itv/refs/heads/main/itv_card_STELLA_35_A_DP.pdf;https://raw.githubusercontent.com/cooknation/itv/refs/heads/main/itv_brandcatalogue.pdf;https://raw.githubusercontent.com/cooknation/itv/refs/heads/main/itv_price.pdf
CKNITVSTELLA_35_W;STELLA_35_W;ITV;Ice maker;Ice maker, spray system, full cube 22gr., water cooling, ;COMPACT ELEGANCE FOR ANY SPACE. The STELLA range of machines offers a compact gourmet ice cube, designed for the hospitality sector. High quality AISI 304 stainless steel external finish with integrated door enhances the machine’s pristine styling. With exceptional injected polyurethane insulation, the STELLA machine will maintain the consistency and quality of the ice produced to deliver an exceptional product to the customer.;435;mm;605;mm;695;mm;39;Kg;2419;;EUR;;;cold>ice maker;ITV, icemaker, bar, cube, ice, full cube;;;;simple;;Production (kg/24h);37;Ice type;Full Cube;Storage;15;ice size (gr);22;Condensation;Water;Gas type;R 290;active;https://raw.githubusercontent.com/cooknation/itv/refs/heads/main/itv_video_STELLA_35_W.mp4;https://raw.githubusercontent.com/cooknation/itv/refs/heads/main/itv_image_STELLA_35_W.jpg;https://raw.githubusercontent.com/cooknation/itv/refs/heads/main/itv_image_2_STELLA_35_W.jpg;https://raw.githubusercontent.com/cooknation/itv/refs/heads/main/itv_image_3_STELLA_35_W.jpg;https://raw.githubusercontent.com/cooknation/itv/refs/heads/main/itv_datasheet_STELLA_35_W.pdf;https://raw.githubusercontent.com/cooknation/itv/refs/heads/main/itv_manual_STELLA_35_W.pdf;https://raw.githubusercontent.com/cooknation/itv/refs/heads/main/itv_technicalmanual_STELLA_35_W.pdf;https://raw.githubusercontent.com/cooknation/itv/refs/heads/main/itv_drawing_STELLA_35_W.pdf;https://raw.githubusercontent.com/cooknation/itv/refs/heads/main/itv_catalogue_STELLA_35_W.pdf;https://raw.githubusercontent.com/cooknation/itv/refs/heads/main/itv_photo_STELLA_35_W.jpg;https://raw.githubusercontent.com/cooknation/itv/refs/heads/main/itv_card_STELLA_35_W.pdf;https://raw.githubusercontent.com/cooknation/itv/refs/heads/main/itv_brandcatalogue.pdf;https://raw.githubusercontent.com/cooknation/itv/refs/heads/main/itv_price.pdf
CKNITVSTELLA_45_A;STELLA_45_A;ITV;Ice maker;Ice maker, spray system, full cube 22gr., air cooling, ;COMPACT ELEGANCE FOR ANY SPACE. The STELLA range of machines offers a compact gourmet ice cube, designed for the hospitality sector. High quality AISI 304 stainless steel external finish with integrated door enhances the machine’s pristine styling. With exceptional injected polyurethane insulation, the STELLA machine will maintain the consistency and quality of the ice produced to deliver an exceptional product to the customer.;435;mm;605;mm;695;mm;39;Kg;2460;;EUR;;;cold>ice maker;ITV, icemaker, bar, cube, ice, full cube;;;;simple;;Production (kg/24h);43;Ice type;Full Cube;Storage;15;ice size (gr);22;Condensation;Air;Gas type;R 290;active;https://raw.githubusercontent.com/cooknation/itv/refs/heads/main/itv_video_STELLA_45_A.mp4;https://raw.githubusercontent.com/cooknation/itv/refs/heads/main/itv_image_STELLA_45_A.jpg;https://raw.githubusercontent.com/cooknation/itv/refs/heads/main/itv_image_2_STELLA_45_A.jpg;https://raw.githubusercontent.com/cooknation/itv/refs/heads/main/itv_image_3_STELLA_45_A.jpg;https://raw.githubusercontent.com/cooknation/itv/refs/heads/main/itv_datasheet_STELLA_45_A.pdf;https://raw.githubusercontent.com/cooknation/itv/refs/heads/main/itv_manual_STELLA_45_A.pdf;https://raw.githubusercontent.com/cooknation/itv/refs/heads/main/itv_technicalmanual_STELLA_45_A.pdf;https://raw.githubusercontent.com/cooknation/itv/refs/heads/main/itv_drawing_STELLA_45_A.pdf;https://raw.githubusercontent.com/cooknation/itv/refs/heads/main/itv_catalogue_STELLA_45_A.pdf;https://raw.githubusercontent.com/cooknation/itv/refs/heads/main/itv_photo_STELLA_45_A.jpg;https://raw.githubusercontent.com/cooknation/itv/refs/heads/main/itv_card_STELLA_45_A.pdf;https://raw.githubusercontent.com/cooknation/itv/refs/heads/main/itv_brandcatalogue.pdf;https://raw.githubusercontent.com/cooknation/itv/refs/heads/main/itv_price.pdf
CKNITVSTELLA_45_A_DP;STELLA_45_A_DP;ITV;Ice maker;Ice maker, spray system, full cube 22gr., air cooling, drainage pump;COMPACT ELEGANCE FOR ANY SPACE. The STELLA range of machines offers a compact gourmet ice cube, designed for the hospitality sector. High quality AISI 304 stainless steel external finish with integrated door enhances the machine’s pristine styling. With exceptional injected polyurethane insulation, the STELLA machine will maintain the consistency and quality of the ice produced to deliver an exceptional product to the customer.;435;mm;605;mm;695;mm;39;Kg;2567;;EUR;;;cold>ice maker;ITV, icemaker, bar, cube, ice, full cube;;;;simple;;Production (kg/24h);43;Ice type;Full Cube;Storage;15;ice size (gr);22;Condensation;Air;Gas type;R 290;active;https://raw.githubusercontent.com/cooknation/itv/refs/heads/main/itv_video_STELLA_45_A_DP.mp4;https://raw.githubusercontent.com/cooknation/itv/refs/heads/main/itv_image_STELLA_45_A_DP.jpg;https://raw.githubusercontent.com/cooknation/itv/refs/heads/main/itv_image_2_STELLA_45_A_DP.jpg;https://raw.githubusercontent.com/cooknation/itv/refs/heads/main/itv_image_3_STELLA_45_A_DP.jpg;https://raw.githubusercontent.com/cooknation/itv/refs/heads/main/itv_datasheet_STELLA_45_A_DP.pdf;https://raw.githubusercontent.com/cooknation/itv/refs/heads/main/itv_manual_STELLA_45_A_DP.pdf;https://raw.githubusercontent.com/cooknation/itv/refs/heads/main/itv_technicalmanual_STELLA_45_A_DP.pdf;https://raw.githubusercontent.com/cooknation/itv/refs/heads/main/itv_drawing_STELLA_45_A_DP.pdf;https://raw.githubusercontent.com/cooknation/itv/refs/heads/main/itv_catalogue_STELLA_45_A_DP.pdf;https://raw.githubusercontent.com/cooknation/itv/refs/heads/main/itv_photo_STELLA_45_A_DP.jpg;https://raw.githubusercontent.com/cooknation/itv/refs/heads/main/itv_card_STELLA_45_A_DP.pdf;https://raw.githubusercontent.com/cooknation/itv/refs/heads/main/itv_brandcatalogue.pdf;https://raw.githubusercontent.com/cooknation/itv/refs/heads/main/itv_price.pdf
CKNITVSTELLA_45_W;STELLA_45_W;ITV;Ice maker;Ice maker, spray system, full cube 22gr., water cooling,  ;COMPACT ELEGANCE FOR ANY SPACE. The STELLA range of machines offers a compact gourmet ice cube, designed for the hospitality sector. High quality AISI 304 stainless steel external finish with integrated door enhances the machine’s pristine styling. With exceptional injected polyurethane insulation, the STELLA machine will maintain the consistency and quality of the ice produced to deliver an exceptional product to the customer.;435;mm;605;mm;695;mm;39;Kg;2465;;EUR;;;cold>ice maker;ITV, icemaker, bar, cube, ice, full cube;;;;simple;;Production (kg/24h);45;Ice type;Full Cube;Storage;15;ice size (gr);22;Condensation;Water;Gas type;R 290;active;https://raw.githubusercontent.com/cooknation/itv/refs/heads/main/itv_video_STELLA_45_W.mp4;https://raw.githubusercontent.com/cooknation/itv/refs/heads/main/itv_image_STELLA_45_W.jpg;https://raw.githubusercontent.com/cooknation/itv/refs/heads/main/itv_image_2_STELLA_45_W.jpg;https://raw.githubusercontent.com/cooknation/itv/refs/heads/main/itv_image_3_STELLA_45_W.jpg;https://raw.githubusercontent.com/cooknation/itv/refs/heads/main/itv_datasheet_STELLA_45_W.pdf;https://raw.githubusercontent.com/cooknation/itv/refs/heads/main/itv_manual_STELLA_45_W.pdf;https://raw.githubusercontent.com/cooknation/itv/refs/heads/main/itv_technicalmanual_STELLA_45_W.pdf;https://raw.githubusercontent.com/cooknation/itv/refs/heads/main/itv_drawing_STELLA_45_W.pdf;https://raw.githubusercontent.com/cooknation/itv/refs/heads/main/itv_catalogue_STELLA_45_W.pdf;https://raw.githubusercontent.com/cooknation/itv/refs/heads/main/itv_photo_STELLA_45_W.jpg;https://raw.githubusercontent.com/cooknation/itv/refs/heads/main/itv_card_STELLA_45_W.pdf;https://raw.githubusercontent.com/cooknation/itv/refs/heads/main/itv_brandcatalogue.pdf;https://raw.githubusercontent.com/cooknation/itv/refs/heads/main/itv_price.pdf
CKNITVSUPER_STAR_MDP_150_A;SUPER_STAR_MDP_150_A;ITV;Ice maker;Ice maker, spray system, full cube 48 gr., air cooling,;"THE BIGGEST ICE CUBE ON THE MARKET. The SUPER STAR range responds to the demand of large-sized cubes, especially in the Night Club market. With this objective, the SUPER STAR machines base their productivity on simple and agile maintenance (structure of four autonomous columns), anti-limescale system (elastic shower) and frontal ventilation. To accurately control the production, two separate thermostats help regulate both the production time and the amount of ice stored. A cleaning switch allows water to circulate without the need to connect the cold, which facilitates perfect system cleaning. The SUPER STAR model is low-counter, and does not lose productivity when it’s built-in. The door, made of stainless steel, has a dampening system patented by ITV. Standard equipment includes: ON/OFF switch; connection of water inlet; drainage; shovel to pick up the ice; Shuko cable connection; two mechanical filters. Ideal for the typical tube-glass drinks in massive environments, although not all glass widths support the use of this cube. It is not recommended for Premium drinks.";775;mm;625;mm;805;mm;87;Kg;4957;;EUR;;;cold>ice maker;ITV, icemaker, bar, cube, ice, full cube;;;;simple;;Production (kg/24h);130;Ice type;Full Cube;Storage;MODULAR;ice size (gr);60;Condensation;Air;Gas type;R 290;active;https://raw.githubusercontent.com/cooknation/itv/refs/heads/main/itv_video_SUPER_STAR_MDP_150_A.mp4;https://raw.githubusercontent.com/cooknation/itv/refs/heads/main/itv_image_SUPER_STAR_MDP_150_A.jpg;https://raw.githubusercontent.com/cooknation/itv/refs/heads/main/itv_image_2_SUPER_STAR_MDP_150_A.jpg;https://raw.githubusercontent.com/cooknation/itv/refs/heads/main/itv_image_3_SUPER_STAR_MDP_150_A.jpg;https://raw.githubusercontent.com/cooknation/itv/refs/heads/main/itv_datasheet_SUPER_STAR_MDP_150_A.pdf;https://raw.githubusercontent.com/cooknation/itv/refs/heads/main/itv_manual_SUPER_STAR_MDP_150_A.pdf;https://raw.githubusercontent.com/cooknation/itv/refs/heads/main/itv_technicalmanual_SUPER_STAR_MDP_150_A.pdf;https://raw.githubusercontent.com/cooknation/itv/refs/heads/main/itv_drawing_SUPER_STAR_MDP_150_A.pdf;https://raw.githubusercontent.com/cooknation/itv/refs/heads/main/itv_catalogue_SUPER_STAR_MDP_150_A.pdf;https://raw.githubusercontent.com/cooknation/itv/refs/heads/main/itv_photo_SUPER_STAR_MDP_150_A.jpg;https://raw.githubusercontent.com/cooknation/itv/refs/heads/main/itv_card_SUPER_STAR_MDP_150_A.pdf;https://raw.githubusercontent.com/cooknation/itv/refs/heads/main/itv_brandcatalogue.pdf;https://raw.githubusercontent.com/cooknation/itv/refs/heads/main/itv_price.pdf
CKNITVSUPER_STAR_MDP_150_W;SUPER_STAR_MDP_150_W;ITV;Ice maker;Ice maker, spray system, full cube 48 gr., water cooling, ;"THE BIGGEST ICE CUBE ON THE MARKET. The SUPER STAR range responds to the demand of large-sized cubes, especially in the Night Club market. With this objective, the SUPER STAR machines base their productivity on simple and agile maintenance (structure of four autonomous columns), anti-limescale system (elastic shower) and frontal ventilation. To accurately control the production, two separate thermostats help regulate both the production time and the amount of ice stored. A cleaning switch allows water to circulate without the need to connect the cold, which facilitates perfect system cleaning. The SUPER STAR model is low-counter, and does not lose productivity when it’s built-in. The door, made of stainless steel, has a dampening system patented by ITV. Standard equipment includes: ON/OFF switch; connection of water inlet; drainage; shovel to pick up the ice; Shuko cable connection; two mechanical filters. Ideal for the typical tube-glass drinks in massive environments, although not all glass widths support the use of this cube. It is not recommended for Premium drinks.";775;mm;625;mm;805;mm;87;Kg;5497;;EUR;;;cold>ice maker;ITV, icemaker, bar, cube, ice, full cube;;;;simple;;Production (kg/24h);135;Ice type;Full Cube;Storage;MODULAR;ice size (gr);60;Condensation;Water;Gas type;R 290;active;https://raw.githubusercontent.com/cooknation/itv/refs/heads/main/itv_video_SUPER_STAR_MDP_150_W.mp4;https://raw.githubusercontent.com/cooknation/itv/refs/heads/main/itv_image_SUPER_STAR_MDP_150_W.jpg;https://raw.githubusercontent.com/cooknation/itv/refs/heads/main/itv_image_2_SUPER_STAR_MDP_150_W.jpg;https://raw.githubusercontent.com/cooknation/itv/refs/heads/main/itv_image_3_SUPER_STAR_MDP_150_W.jpg;https://raw.githubusercontent.com/cooknation/itv/refs/heads/main/itv_datasheet_SUPER_STAR_MDP_150_W.pdf;https://raw.githubusercontent.com/cooknation/itv/refs/heads/main/itv_manual_SUPER_STAR_MDP_150_W.pdf;https://raw.githubusercontent.com/cooknation/itv/refs/heads/main/itv_technicalmanual_SUPER_STAR_MDP_150_W.pdf;https://raw.githubusercontent.com/cooknation/itv/refs/heads/main/itv_drawing_SUPER_STAR_MDP_150_W.pdf;https://raw.githubusercontent.com/cooknation/itv/refs/heads/main/itv_catalogue_SUPER_STAR_MDP_150_W.pdf;https://raw.githubusercontent.com/cooknation/itv/refs/heads/main/itv_photo_SUPER_STAR_MDP_150_W.jpg;https://raw.githubusercontent.com/cooknation/itv/refs/heads/main/itv_card_SUPER_STAR_MDP_150_W.pdf;https://raw.githubusercontent.com/cooknation/itv/refs/heads/main/itv_brandcatalogue.pdf;https://raw.githubusercontent.com/cooknation/itv/refs/heads/main/itv_price.pdf
CKNITVSUPER_STAR_MR_400_A_1PH;SUPER_STAR_MR_400_A_1PH;ITV;Ice maker;Ice maker, spray system, full cube 48 gr., air cooling, Voltage 230/50/1;"THE BIGGEST ICE CUBE ON THE MARKET. The SUPER STAR range responds to the demand of large-sized cubes, especially in the Night Club market. With this objective, the SUPER STAR machines base their productivity on simple and agile maintenance (structure of four autonomous columns), anti-limescale system (elastic shower) and frontal ventilation. To accurately control the production, two separate thermostats help regulate both the production time and the amount of ice stored. A cleaning switch allows water to circulate without the need to connect the cold, which facilitates perfect system cleaning. The SUPER STAR model is low-counter, and does not lose productivity when it’s built-in. The door, made of stainless steel, has a dampening system patented by ITV. Standard equipment includes: ON/OFF switch; connection of water inlet; drainage; shovel to pick up the ice; Shuko cable connection; two mechanical filters. Ideal for the typical tube-glass drinks in massive environments, although not all glass widths support the use of this cube. It is not recommended for Premium drinks.";1321;mm;638;mm;978;mm;174;Kg;10124;;EUR;;;cold>ice maker;ITV, icemaker, bar, cube, ice, full cube;;;;simple;;Production (kg/24h);400;Ice type;Full Cube;Storage;MODULAR;ice size (gr);60;Condensation;Air;Gas type;R 452A;active;https://raw.githubusercontent.com/cooknation/itv/refs/heads/main/itv_video_SUPER_STAR_MR_400_A_1PH.mp4;https://raw.githubusercontent.com/cooknation/itv/refs/heads/main/itv_image_SUPER_STAR_MR_400_A_1PH.jpg;https://raw.githubusercontent.com/cooknation/itv/refs/heads/main/itv_image_2_SUPER_STAR_MR_400_A_1PH.jpg;https://raw.githubusercontent.com/cooknation/itv/refs/heads/main/itv_image_3_SUPER_STAR_MR_400_A_1PH.jpg;https://raw.githubusercontent.com/cooknation/itv/refs/heads/main/itv_datasheet_SUPER_STAR_MR_400_A_1PH.pdf;https://raw.githubusercontent.com/cooknation/itv/refs/heads/main/itv_manual_SUPER_STAR_MR_400_A_1PH.pdf;https://raw.githubusercontent.com/cooknation/itv/refs/heads/main/itv_technicalmanual_SUPER_STAR_MR_400_A_1PH.pdf;https://raw.githubusercontent.com/cooknation/itv/refs/heads/main/itv_drawing_SUPER_STAR_MR_400_A_1PH.pdf;https://raw.githubusercontent.com/cooknation/itv/refs/heads/main/itv_catalogue_SUPER_STAR_MR_400_A_1PH.pdf;https://raw.githubusercontent.com/cooknation/itv/refs/heads/main/itv_photo_SUPER_STAR_MR_400_A_1PH.jpg;https://raw.githubusercontent.com/cooknation/itv/refs/heads/main/itv_card_SUPER_STAR_MR_400_A_1PH.pdf;https://raw.githubusercontent.com/cooknation/itv/refs/heads/main/itv_brandcatalogue.pdf;https://raw.githubusercontent.com/cooknation/itv/refs/heads/main/itv_price.pdf
CKNITVSUPER_STAR_MR_400_A_3PH;SUPER_STAR_MR_400_A_3PH;ITV;Ice maker;Ice maker, spray system, full cube 48 gr., air cooling, Voltage 380/50/3;"THE BIGGEST ICE CUBE ON THE MARKET. The SUPER STAR range responds to the demand of large-sized cubes, especially in the Night Club market. With this objective, the SUPER STAR machines base their productivity on simple and agile maintenance (structure of four autonomous columns), anti-limescale system (elastic shower) and frontal ventilation. To accurately control the production, two separate thermostats help regulate both the production time and the amount of ice stored. A cleaning switch allows water to circulate without the need to connect the cold, which facilitates perfect system cleaning. The SUPER STAR model is low-counter, and does not lose productivity when it’s built-in. The door, made of stainless steel, has a dampening system patented by ITV. Standard equipment includes: ON/OFF switch; connection of water inlet; drainage; shovel to pick up the ice; Shuko cable connection; two mechanical filters. Ideal for the typical tube-glass drinks in massive environments, although not all glass widths support the use of this cube. It is not recommended for Premium drinks.";1321;mm;638;mm;978;mm;174;Kg;10124;;EUR;;;cold>ice maker;ITV, icemaker, bar, cube, ice, full cube;;;;simple;;Production (kg/24h);400;Ice type;Full Cube;Storage;MODULAR;ice size (gr);60;Condensation;Air;Gas type;R 452A;active;https://raw.githubusercontent.com/cooknation/itv/refs/heads/main/itv_video_SUPER_STAR_MR_400_A_3PH.mp4;https://raw.githubusercontent.com/cooknation/itv/refs/heads/main/itv_image_SUPER_STAR_MR_400_A_3PH.jpg;https://raw.githubusercontent.com/cooknation/itv/refs/heads/main/itv_image_2_SUPER_STAR_MR_400_A_3PH.jpg;https://raw.githubusercontent.com/cooknation/itv/refs/heads/main/itv_image_3_SUPER_STAR_MR_400_A_3PH.jpg;https://raw.githubusercontent.com/cooknation/itv/refs/heads/main/itv_datasheet_SUPER_STAR_MR_400_A_3PH.pdf;https://raw.githubusercontent.com/cooknation/itv/refs/heads/main/itv_manual_SUPER_STAR_MR_400_A_3PH.pdf;https://raw.githubusercontent.com/cooknation/itv/refs/heads/main/itv_technicalmanual_SUPER_STAR_MR_400_A_3PH.pdf;https://raw.githubusercontent.com/cooknation/itv/refs/heads/main/itv_drawing_SUPER_STAR_MR_400_A_3PH.pdf;https://raw.githubusercontent.com/cooknation/itv/refs/heads/main/itv_catalogue_SUPER_STAR_MR_400_A_3PH.pdf;https://raw.githubusercontent.com/cooknation/itv/refs/heads/main/itv_photo_SUPER_STAR_MR_400_A_3PH.jpg;https://raw.githubusercontent.com/cooknation/itv/refs/heads/main/itv_card_SUPER_STAR_MR_400_A_3PH.pdf;https://raw.githubusercontent.com/cooknation/itv/refs/heads/main/itv_brandcatalogue.pdf;https://raw.githubusercontent.com/cooknation/itv/refs/heads/main/itv_price.pdf
CKNITVSUPER_STAR_MR_400_A_REMOTE_3PH;SUPER_STAR_MR_400_A_REMOTE_3PH;ITV;Ice maker;Ice maker, spray system, full cube 48 gr., air cooling, Voltage 380/50/1;"THE BIGGEST ICE CUBE ON THE MARKET. The SUPER STAR range responds to the demand of large-sized cubes, especially in the Night Club market. With this objective, the SUPER STAR machines base their productivity on simple and agile maintenance (structure of four autonomous columns), anti-limescale system (elastic shower) and frontal ventilation. To accurately control the production, two separate thermostats help regulate both the production time and the amount of ice stored. A cleaning switch allows water to circulate without the need to connect the cold, which facilitates perfect system cleaning. The SUPER STAR model is low-counter, and does not lose productivity when it’s built-in. The door, made of stainless steel, has a dampening system patented by ITV. Standard equipment includes: ON/OFF switch; connection of water inlet; drainage; shovel to pick up the ice; Shuko cable connection; two mechanical filters. Ideal for the typical tube-glass drinks in massive environments, although not all glass widths support the use of this cube. It is not recommended for Premium drinks.";1321;mm;638;mm;978;mm;158;Kg;9357;;EUR;;;cold>ice maker;ITV, icemaker, bar, cube, ice, full cube;;;;simple;;Production (kg/24h);380;Ice type;Full Cube;Storage;MODULAR;ice size (gr);60;Condensation;Air;Gas type;R 452A;active;https://raw.githubusercontent.com/cooknation/itv/refs/heads/main/itv_video_SUPER_STAR_MR_400_A_REMOTE_3PH.mp4;https://raw.githubusercontent.com/cooknation/itv/refs/heads/main/itv_image_SUPER_STAR_MR_400_A_REMOTE_3PH.jpg;https://raw.githubusercontent.com/cooknation/itv/refs/heads/main/itv_image_2_SUPER_STAR_MR_400_A_REMOTE_3PH.jpg;https://raw.githubusercontent.com/cooknation/itv/refs/heads/main/itv_image_3_SUPER_STAR_MR_400_A_REMOTE_3PH.jpg;https://raw.githubusercontent.com/cooknation/itv/refs/heads/main/itv_datasheet_SUPER_STAR_MR_400_A_REMOTE_3PH.pdf;https://raw.githubusercontent.com/cooknation/itv/refs/heads/main/itv_manual_SUPER_STAR_MR_400_A_REMOTE_3PH.pdf;https://raw.githubusercontent.com/cooknation/itv/refs/heads/main/itv_technicalmanual_SUPER_STAR_MR_400_A_REMOTE_3PH.pdf;https://raw.githubusercontent.com/cooknation/itv/refs/heads/main/itv_drawing_SUPER_STAR_MR_400_A_REMOTE_3PH.pdf;https://raw.githubusercontent.com/cooknation/itv/refs/heads/main/itv_catalogue_SUPER_STAR_MR_400_A_REMOTE_3PH.pdf;https://raw.githubusercontent.com/cooknation/itv/refs/heads/main/itv_photo_SUPER_STAR_MR_400_A_REMOTE_3PH.jpg;https://raw.githubusercontent.com/cooknation/itv/refs/heads/main/itv_card_SUPER_STAR_MR_400_A_REMOTE_3PH.pdf;https://raw.githubusercontent.com/cooknation/itv/refs/heads/main/itv_brandcatalogue.pdf;https://raw.githubusercontent.com/cooknation/itv/refs/heads/main/itv_price.pdf
CKNITVSUPER_STAR_MR_400_W_1PH;SUPER_STAR_MR_400_W_1PH;ITV;Ice maker;Ice maker, spray system, full cube 48 gr., water cooling, Voltage 230/50/1;"THE BIGGEST ICE CUBE ON THE MARKET. The SUPER STAR range responds to the demand of large-sized cubes, especially in the Night Club market. With this objective, the SUPER STAR machines base their productivity on simple and agile maintenance (structure of four autonomous columns), anti-limescale system (elastic shower) and frontal ventilation. To accurately control the production, two separate thermostats help regulate both the production time and the amount of ice stored. A cleaning switch allows water to circulate without the need to connect the cold, which facilitates perfect system cleaning. The SUPER STAR model is low-counter, and does not lose productivity when it’s built-in. The door, made of stainless steel, has a dampening system patented by ITV. Standard equipment includes: ON/OFF switch; connection of water inlet; drainage; shovel to pick up the ice; Shuko cable connection; two mechanical filters. Ideal for the typical tube-glass drinks in massive environments, although not all glass widths support the use of this cube. It is not recommended for Premium drinks.";1321;mm;638;mm;978;mm;174;Kg;10301;;EUR;;;cold>ice maker;ITV, icemaker, bar, cube, ice, full cube;;;;simple;;Production (kg/24h);400;Ice type;Full Cube;Storage;MODULAR;ice size (gr);60;Condensation;Water;Gas type;R 452A;active;https://raw.githubusercontent.com/cooknation/itv/refs/heads/main/itv_video_SUPER_STAR_MR_400_W_1PH.mp4;https://raw.githubusercontent.com/cooknation/itv/refs/heads/main/itv_image_SUPER_STAR_MR_400_W_1PH.jpg;https://raw.githubusercontent.com/cooknation/itv/refs/heads/main/itv_image_2_SUPER_STAR_MR_400_W_1PH.jpg;https://raw.githubusercontent.com/cooknation/itv/refs/heads/main/itv_image_3_SUPER_STAR_MR_400_W_1PH.jpg;https://raw.githubusercontent.com/cooknation/itv/refs/heads/main/itv_datasheet_SUPER_STAR_MR_400_W_1PH.pdf;https://raw.githubusercontent.com/cooknation/itv/refs/heads/main/itv_manual_SUPER_STAR_MR_400_W_1PH.pdf;https://raw.githubusercontent.com/cooknation/itv/refs/heads/main/itv_technicalmanual_SUPER_STAR_MR_400_W_1PH.pdf;https://raw.githubusercontent.com/cooknation/itv/refs/heads/main/itv_drawing_SUPER_STAR_MR_400_W_1PH.pdf;https://raw.githubusercontent.com/cooknation/itv/refs/heads/main/itv_catalogue_SUPER_STAR_MR_400_W_1PH.pdf;https://raw.githubusercontent.com/cooknation/itv/refs/heads/main/itv_photo_SUPER_STAR_MR_400_W_1PH.jpg;https://raw.githubusercontent.com/cooknation/itv/refs/heads/main/itv_card_SUPER_STAR_MR_400_W_1PH.pdf;https://raw.githubusercontent.com/cooknation/itv/refs/heads/main/itv_brandcatalogue.pdf;https://raw.githubusercontent.com/cooknation/itv/refs/heads/main/itv_price.pdf
CKNITVSUPER_STAR_MR_400_W_3PH;SUPER_STAR_MR_400_W_3PH;ITV;Ice maker;Ice maker, spray system, full cube 48 gr., water cooling, Voltage 380/50/3 ;"THE BIGGEST ICE CUBE ON THE MARKET. The SUPER STAR range responds to the demand of large-sized cubes, especially in the Night Club market. With this objective, the SUPER STAR machines base their productivity on simple and agile maintenance (structure of four autonomous columns), anti-limescale system (elastic shower) and frontal ventilation. To accurately control the production, two separate thermostats help regulate both the production time and the amount of ice stored. A cleaning switch allows water to circulate without the need to connect the cold, which facilitates perfect system cleaning. The SUPER STAR model is low-counter, and does not lose productivity when it’s built-in. The door, made of stainless steel, has a dampening system patented by ITV. Standard equipment includes: ON/OFF switch; connection of water inlet; drainage; shovel to pick up the ice; Shuko cable connection; two mechanical filters. Ideal for the typical tube-glass drinks in massive environments, although not all glass widths support the use of this cube. It is not recommended for Premium drinks.";1321;mm;638;mm;978;mm;174;Kg;10301;;EUR;;;cold>ice maker;ITV, icemaker, bar, cube, ice, full cube;;;;simple;;Production (kg/24h);400;Ice type;Full Cube;Storage;MODULAR;ice size (gr);60;Condensation;Water;Gas type;R 452A;active;https://raw.githubusercontent.com/cooknation/itv/refs/heads/main/itv_video_SUPER_STAR_MR_400_W_3PH.mp4;https://raw.githubusercontent.com/cooknation/itv/refs/heads/main/itv_image_SUPER_STAR_MR_400_W_3PH.jpg;https://raw.githubusercontent.com/cooknation/itv/refs/heads/main/itv_image_2_SUPER_STAR_MR_400_W_3PH.jpg;https://raw.githubusercontent.com/cooknation/itv/refs/heads/main/itv_image_3_SUPER_STAR_MR_400_W_3PH.jpg;https://raw.githubusercontent.com/cooknation/itv/refs/heads/main/itv_datasheet_SUPER_STAR_MR_400_W_3PH.pdf;https://raw.githubusercontent.com/cooknation/itv/refs/heads/main/itv_manual_SUPER_STAR_MR_400_W_3PH.pdf;https://raw.githubusercontent.com/cooknation/itv/refs/heads/main/itv_technicalmanual_SUPER_STAR_MR_400_W_3PH.pdf;https://raw.githubusercontent.com/cooknation/itv/refs/heads/main/itv_drawing_SUPER_STAR_MR_400_W_3PH.pdf;https://raw.githubusercontent.com/cooknation/itv/refs/heads/main/itv_catalogue_SUPER_STAR_MR_400_W_3PH.pdf;https://raw.githubusercontent.com/cooknation/itv/refs/heads/main/itv_photo_SUPER_STAR_MR_400_W_3PH.jpg;https://raw.githubusercontent.com/cooknation/itv/refs/heads/main/itv_card_SUPER_STAR_MR_400_W_3PH.pdf;https://raw.githubusercontent.com/cooknation/itv/refs/heads/main/itv_brandcatalogue.pdf;https://raw.githubusercontent.com/cooknation/itv/refs/heads/main/itv_price.pdf
CKNITVSUPER_STAR_NG_110_A;SUPER_STAR_NG_110_A;ITV;Ice maker;Ice maker, spray system, full cube 48 gr., air cooling, ;"THE BIGGEST ICE CUBE ON THE MARKET. The SUPER STAR range responds to the demand of large-sized cubes, especially in the Night Club market. With this objective, the SUPER STAR machines base their productivity on simple and agile maintenance (structure of four autonomous columns), anti-limescale system (elastic shower) and frontal ventilation. To accurately control the production, two separate thermostats help regulate both the production time and the amount of ice stored. A cleaning switch allows water to circulate without the need to connect the cold, which facilitates perfect system cleaning. The SUPER STAR model is low-counter, and does not lose productivity when it’s built-in. The door, made of stainless steel, has a dampening system patented by ITV. Standard equipment includes: ON/OFF switch; connection of water inlet; drainage; shovel to pick up the ice; Shuko cable connection; two mechanical filters. Ideal for the typical tube-glass drinks in massive environments, although not all glass widths support the use of this cube. It is not recommended for Premium drinks.";715;mm;700;mm;1044;mm;95;Kg;4072;;EUR;;;cold>ice maker;ITV, icemaker, bar, cube, ice, full cube;;;;simple;;Production (kg/24h);106;Ice type;Full Cube;Storage;60;ice size (gr);48;Condensation;Air;Gas type;R 290;active;https://raw.githubusercontent.com/cooknation/itv/refs/heads/main/itv_video_SUPER_STAR_NG_110_A.mp4;https://raw.githubusercontent.com/cooknation/itv/refs/heads/main/itv_image_SUPER_STAR_NG_110_A.jpg;https://raw.githubusercontent.com/cooknation/itv/refs/heads/main/itv_image_2_SUPER_STAR_NG_110_A.jpg;https://raw.githubusercontent.com/cooknation/itv/refs/heads/main/itv_image_3_SUPER_STAR_NG_110_A.jpg;https://raw.githubusercontent.com/cooknation/itv/refs/heads/main/itv_datasheet_SUPER_STAR_NG_110_A.pdf;https://raw.githubusercontent.com/cooknation/itv/refs/heads/main/itv_manual_SUPER_STAR_NG_110_A.pdf;https://raw.githubusercontent.com/cooknation/itv/refs/heads/main/itv_technicalmanual_SUPER_STAR_NG_110_A.pdf;https://raw.githubusercontent.com/cooknation/itv/refs/heads/main/itv_drawing_SUPER_STAR_NG_110_A.pdf;https://raw.githubusercontent.com/cooknation/itv/refs/heads/main/itv_catalogue_SUPER_STAR_NG_110_A.pdf;https://raw.githubusercontent.com/cooknation/itv/refs/heads/main/itv_photo_SUPER_STAR_NG_110_A.jpg;https://raw.githubusercontent.com/cooknation/itv/refs/heads/main/itv_card_SUPER_STAR_NG_110_A.pdf;https://raw.githubusercontent.com/cooknation/itv/refs/heads/main/itv_brandcatalogue.pdf;https://raw.githubusercontent.com/cooknation/itv/refs/heads/main/itv_price.pdf
CKNITVSUPER_STAR_NG_110_A_DP;SUPER_STAR_NG_110_A_DP;ITV;Ice maker;Ice maker, spray system, full cube 48 gr., air cooling, drainage pump;"THE BIGGEST ICE CUBE ON THE MARKET. The SUPER STAR range responds to the demand of large-sized cubes, especially in the Night Club market. With this objective, the SUPER STAR machines base their productivity on simple and agile maintenance (structure of four autonomous columns), anti-limescale system (elastic shower) and frontal ventilation. To accurately control the production, two separate thermostats help regulate both the production time and the amount of ice stored. A cleaning switch allows water to circulate without the need to connect the cold, which facilitates perfect system cleaning. The SUPER STAR model is low-counter, and does not lose productivity when it’s built-in. The door, made of stainless steel, has a dampening system patented by ITV. Standard equipment includes: ON/OFF switch; connection of water inlet; drainage; shovel to pick up the ice; Shuko cable connection; two mechanical filters. Ideal for the typical tube-glass drinks in massive environments, although not all glass widths support the use of this cube. It is not recommended for Premium drinks.";715;mm;700;mm;1044;mm;95;Kg;4180;;EUR;;;cold>ice maker;ITV, icemaker, bar, cube, ice, full cube;;;;simple;;Production (kg/24h);106;Ice type;Full Cube;Storage;60;ice size (gr);48;Condensation;Air;Gas type;R 290;active;https://raw.githubusercontent.com/cooknation/itv/refs/heads/main/itv_video_SUPER_STAR_NG_110_A_DP.mp4;https://raw.githubusercontent.com/cooknation/itv/refs/heads/main/itv_image_SUPER_STAR_NG_110_A_DP.jpg;https://raw.githubusercontent.com/cooknation/itv/refs/heads/main/itv_image_2_SUPER_STAR_NG_110_A_DP.jpg;https://raw.githubusercontent.com/cooknation/itv/refs/heads/main/itv_image_3_SUPER_STAR_NG_110_A_DP.jpg;https://raw.githubusercontent.com/cooknation/itv/refs/heads/main/itv_datasheet_SUPER_STAR_NG_110_A_DP.pdf;https://raw.githubusercontent.com/cooknation/itv/refs/heads/main/itv_manual_SUPER_STAR_NG_110_A_DP.pdf;https://raw.githubusercontent.com/cooknation/itv/refs/heads/main/itv_technicalmanual_SUPER_STAR_NG_110_A_DP.pdf;https://raw.githubusercontent.com/cooknation/itv/refs/heads/main/itv_drawing_SUPER_STAR_NG_110_A_DP.pdf;https://raw.githubusercontent.com/cooknation/itv/refs/heads/main/itv_catalogue_SUPER_STAR_NG_110_A_DP.pdf;https://raw.githubusercontent.com/cooknation/itv/refs/heads/main/itv_photo_SUPER_STAR_NG_110_A_DP.jpg;https://raw.githubusercontent.com/cooknation/itv/refs/heads/main/itv_card_SUPER_STAR_NG_110_A_DP.pdf;https://raw.githubusercontent.com/cooknation/itv/refs/heads/main/itv_brandcatalogue.pdf;https://raw.githubusercontent.com/cooknation/itv/refs/heads/main/itv_price.pdf
CKNITVSUPER_STAR_NG_110_W;SUPER_STAR_NG_110_W;ITV;Ice maker;Ice maker, spray system, full cube 48 gr., water cooling, ;"THE BIGGEST ICE CUBE ON THE MARKET. The SUPER STAR range responds to the demand of large-sized cubes, especially in the Night Club market. With this objective, the SUPER STAR machines base their productivity on simple and agile maintenance (structure of four autonomous columns), anti-limescale system (elastic shower) and frontal ventilation. To accurately control the production, two separate thermostats help regulate both the production time and the amount of ice stored. A cleaning switch allows water to circulate without the need to connect the cold, which facilitates perfect system cleaning. The SUPER STAR model is low-counter, and does not lose productivity when it’s built-in. The door, made of stainless steel, has a dampening system patented by ITV. Standard equipment includes: ON/OFF switch; connection of water inlet; drainage; shovel to pick up the ice; Shuko cable connection; two mechanical filters. Ideal for the typical tube-glass drinks in massive environments, although not all glass widths support the use of this cube. It is not recommended for Premium drinks.";715;mm;700;mm;1044;mm;95;Kg;4114;;EUR;;;cold>ice maker;ITV, icemaker, bar, cube, ice, full cube;;;;simple;;Production (kg/24h);108;Ice type;Full Cube;Storage;60;ice size (gr);48;Condensation;Water;Gas type;R 290;active;https://raw.githubusercontent.com/cooknation/itv/refs/heads/main/itv_video_SUPER_STAR_NG_110_W.mp4;https://raw.githubusercontent.com/cooknation/itv/refs/heads/main/itv_image_SUPER_STAR_NG_110_W.jpg;https://raw.githubusercontent.com/cooknation/itv/refs/heads/main/itv_image_2_SUPER_STAR_NG_110_W.jpg;https://raw.githubusercontent.com/cooknation/itv/refs/heads/main/itv_image_3_SUPER_STAR_NG_110_W.jpg;https://raw.githubusercontent.com/cooknation/itv/refs/heads/main/itv_datasheet_SUPER_STAR_NG_110_W.pdf;https://raw.githubusercontent.com/cooknation/itv/refs/heads/main/itv_manual_SUPER_STAR_NG_110_W.pdf;https://raw.githubusercontent.com/cooknation/itv/refs/heads/main/itv_technicalmanual_SUPER_STAR_NG_110_W.pdf;https://raw.githubusercontent.com/cooknation/itv/refs/heads/main/itv_drawing_SUPER_STAR_NG_110_W.pdf;https://raw.githubusercontent.com/cooknation/itv/refs/heads/main/itv_catalogue_SUPER_STAR_NG_110_W.pdf;https://raw.githubusercontent.com/cooknation/itv/refs/heads/main/itv_photo_SUPER_STAR_NG_110_W.jpg;https://raw.githubusercontent.com/cooknation/itv/refs/heads/main/itv_card_SUPER_STAR_NG_110_W.pdf;https://raw.githubusercontent.com/cooknation/itv/refs/heads/main/itv_brandcatalogue.pdf;https://raw.githubusercontent.com/cooknation/itv/refs/heads/main/itv_price.pdf
CKNITVSUPER_STAR_NG_150_A;SUPER_STAR_NG_150_A;ITV;Ice maker;Ice maker, spray system, full cube 48 gr., air cooling,;"THE BIGGEST ICE CUBE ON THE MARKET. The SUPER STAR range responds to the demand of large-sized cubes, especially in the Night Club market. With this objective, the SUPER STAR machines base their productivity on simple and agile maintenance (structure of four autonomous columns), anti-limescale system (elastic shower) and frontal ventilation. To accurately control the production, two separate thermostats help regulate both the production time and the amount of ice stored. A cleaning switch allows water to circulate without the need to connect the cold, which facilitates perfect system cleaning. The SUPER STAR model is low-counter, and does not lose productivity when it’s built-in. The door, made of stainless steel, has a dampening system patented by ITV. Standard equipment includes: ON/OFF switch; connection of water inlet; drainage; shovel to pick up the ice; Shuko cable connection; two mechanical filters. Ideal for the typical tube-glass drinks in massive environments, although not all glass widths support the use of this cube. It is not recommended for Premium drinks.";860;mm;700;mm;1044;mm;100;Kg;5171;;EUR;;;cold>ice maker;ITV, icemaker, bar, cube, ice, full cube;;;;simple;;Production (kg/24h);155;Ice type;Full Cube;Storage;75;ice size (gr);60;Condensation;Air;Gas type;R 290;active;https://raw.githubusercontent.com/cooknation/itv/refs/heads/main/itv_video_SUPER_STAR_NG_150_A.mp4;https://raw.githubusercontent.com/cooknation/itv/refs/heads/main/itv_image_SUPER_STAR_NG_150_A.jpg;https://raw.githubusercontent.com/cooknation/itv/refs/heads/main/itv_image_2_SUPER_STAR_NG_150_A.jpg;https://raw.githubusercontent.com/cooknation/itv/refs/heads/main/itv_image_3_SUPER_STAR_NG_150_A.jpg;https://raw.githubusercontent.com/cooknation/itv/refs/heads/main/itv_datasheet_SUPER_STAR_NG_150_A.pdf;https://raw.githubusercontent.com/cooknation/itv/refs/heads/main/itv_manual_SUPER_STAR_NG_150_A.pdf;https://raw.githubusercontent.com/cooknation/itv/refs/heads/main/itv_technicalmanual_SUPER_STAR_NG_150_A.pdf;https://raw.githubusercontent.com/cooknation/itv/refs/heads/main/itv_drawing_SUPER_STAR_NG_150_A.pdf;https://raw.githubusercontent.com/cooknation/itv/refs/heads/main/itv_catalogue_SUPER_STAR_NG_150_A.pdf;https://raw.githubusercontent.com/cooknation/itv/refs/heads/main/itv_photo_SUPER_STAR_NG_150_A.jpg;https://raw.githubusercontent.com/cooknation/itv/refs/heads/main/itv_card_SUPER_STAR_NG_150_A.pdf;https://raw.githubusercontent.com/cooknation/itv/refs/heads/main/itv_brandcatalogue.pdf;https://raw.githubusercontent.com/cooknation/itv/refs/heads/main/itv_price.pdf
CKNITVSUPER_STAR_NG_150_W;SUPER_STAR_NG_150_W;ITV;Ice maker;Ice maker, spray system, full cube 48 gr., water cooling, ;"THE BIGGEST ICE CUBE ON THE MARKET. The SUPER STAR range responds to the demand of large-sized cubes, especially in the Night Club market. With this objective, the SUPER STAR machines base their productivity on simple and agile maintenance (structure of four autonomous columns), anti-limescale system (elastic shower) and frontal ventilation. To accurately control the production, two separate thermostats help regulate both the production time and the amount of ice stored. A cleaning switch allows water to circulate without the need to connect the cold, which facilitates perfect system cleaning. The SUPER STAR model is low-counter, and does not lose productivity when it’s built-in. The door, made of stainless steel, has a dampening system patented by ITV. Standard equipment includes: ON/OFF switch; connection of water inlet; drainage; shovel to pick up the ice; Shuko cable connection; two mechanical filters. Ideal for the typical tube-glass drinks in massive environments, although not all glass widths support the use of this cube. It is not recommended for Premium drinks.";860;mm;700;mm;1044;mm;100;Kg;5285;;EUR;;;cold>ice maker;ITV, icemaker, bar, cube, ice, full cube;;;;simple;;Production (kg/24h);162;Ice type;Full Cube;Storage;75;ice size (gr);60;Condensation;Water;Gas type;R 290;active;https://raw.githubusercontent.com/cooknation/itv/refs/heads/main/itv_video_SUPER_STAR_NG_150_W.mp4;https://raw.githubusercontent.com/cooknation/itv/refs/heads/main/itv_image_SUPER_STAR_NG_150_W.jpg;https://raw.githubusercontent.com/cooknation/itv/refs/heads/main/itv_image_2_SUPER_STAR_NG_150_W.jpg;https://raw.githubusercontent.com/cooknation/itv/refs/heads/main/itv_image_3_SUPER_STAR_NG_150_W.jpg;https://raw.githubusercontent.com/cooknation/itv/refs/heads/main/itv_datasheet_SUPER_STAR_NG_150_W.pdf;https://raw.githubusercontent.com/cooknation/itv/refs/heads/main/itv_manual_SUPER_STAR_NG_150_W.pdf;https://raw.githubusercontent.com/cooknation/itv/refs/heads/main/itv_technicalmanual_SUPER_STAR_NG_150_W.pdf;https://raw.githubusercontent.com/cooknation/itv/refs/heads/main/itv_drawing_SUPER_STAR_NG_150_W.pdf;https://raw.githubusercontent.com/cooknation/itv/refs/heads/main/itv_catalogue_SUPER_STAR_NG_150_W.pdf;https://raw.githubusercontent.com/cooknation/itv/refs/heads/main/itv_photo_SUPER_STAR_NG_150_W.jpg;https://raw.githubusercontent.com/cooknation/itv/refs/heads/main/itv_card_SUPER_STAR_NG_150_W.pdf;https://raw.githubusercontent.com/cooknation/itv/refs/heads/main/itv_brandcatalogue.pdf;https://raw.githubusercontent.com/cooknation/itv/refs/heads/main/itv_price.pdf
CKNITVSUPER_STAR_NG_45_A;SUPER_STAR_NG_45_A;ITV;Ice maker;Ice maker, spray system, full cube 48 gr., air cooling, ;"THE BIGGEST ICE CUBE ON THE MARKET. The SUPER STAR range responds to the demand of large-sized cubes, especially in the Night Club market. With this objective, the SUPER STAR machines base their productivity on simple and agile maintenance (structure of four autonomous columns), anti-limescale system (elastic shower) and frontal ventilation. To accurately control the production, two separate thermostats help regulate both the production time and the amount of ice stored. A cleaning switch allows water to circulate without the need to connect the cold, which facilitates perfect system cleaning. The SUPER STAR model is low-counter, and does not lose productivity when it’s built-in. The door, made of stainless steel, has a dampening system patented by ITV. Standard equipment includes: ON/OFF switch; connection of water inlet; drainage; shovel to pick up the ice; Shuko cable connection; two mechanical filters. Ideal for the typical tube-glass drinks in massive environments, although not all glass widths support the use of this cube. It is not recommended for Premium drinks.";465;mm;595;mm;789;mm;46;Kg;2507;;EUR;;;cold>ice maker;ITV, icemaker, bar, cube, ice, full cube;;;;simple;;Production (kg/24h);41;Ice type;Full Cube;Storage;20;ice size (gr);48;Condensation;Air;Gas type;R 290;active;https://raw.githubusercontent.com/cooknation/itv/refs/heads/main/itv_video_SUPER_STAR_NG_45_A.mp4;https://raw.githubusercontent.com/cooknation/itv/refs/heads/main/itv_image_SUPER_STAR_NG_45_A.jpg;https://raw.githubusercontent.com/cooknation/itv/refs/heads/main/itv_image_2_SUPER_STAR_NG_45_A.jpg;https://raw.githubusercontent.com/cooknation/itv/refs/heads/main/itv_image_3_SUPER_STAR_NG_45_A.jpg;https://raw.githubusercontent.com/cooknation/itv/refs/heads/main/itv_datasheet_SUPER_STAR_NG_45_A.pdf;https://raw.githubusercontent.com/cooknation/itv/refs/heads/main/itv_manual_SUPER_STAR_NG_45_A.pdf;https://raw.githubusercontent.com/cooknation/itv/refs/heads/main/itv_technicalmanual_SUPER_STAR_NG_45_A.pdf;https://raw.githubusercontent.com/cooknation/itv/refs/heads/main/itv_drawing_SUPER_STAR_NG_45_A.pdf;https://raw.githubusercontent.com/cooknation/itv/refs/heads/main/itv_catalogue_SUPER_STAR_NG_45_A.pdf;https://raw.githubusercontent.com/cooknation/itv/refs/heads/main/itv_photo_SUPER_STAR_NG_45_A.jpg;https://raw.githubusercontent.com/cooknation/itv/refs/heads/main/itv_card_SUPER_STAR_NG_45_A.pdf;https://raw.githubusercontent.com/cooknation/itv/refs/heads/main/itv_brandcatalogue.pdf;https://raw.githubusercontent.com/cooknation/itv/refs/heads/main/itv_price.pdf
CKNITVSUPER_STAR_NG_45_A_DP;SUPER_STAR_NG_45_A_DP;ITV;Ice maker;Ice maker, spray system, full cube 48 gr., air cooling drainage pump, ;"THE BIGGEST ICE CUBE ON THE MARKET. The SUPER STAR range responds to the demand of large-sized cubes, especially in the Night Club market. With this objective, the SUPER STAR machines base their productivity on simple and agile maintenance (structure of four autonomous columns), anti-limescale system (elastic shower) and frontal ventilation. To accurately control the production, two separate thermostats help regulate both the production time and the amount of ice stored. A cleaning switch allows water to circulate without the need to connect the cold, which facilitates perfect system cleaning. The SUPER STAR model is low-counter, and does not lose productivity when it’s built-in. The door, made of stainless steel, has a dampening system patented by ITV. Standard equipment includes: ON/OFF switch; connection of water inlet; drainage; shovel to pick up the ice; Shuko cable connection; two mechanical filters. Ideal for the typical tube-glass drinks in massive environments, although not all glass widths support the use of this cube. It is not recommended for Premium drinks.";465;mm;595;mm;789;mm;46;Kg;2579;;EUR;;;cold>ice maker;ITV, icemaker, bar, cube, ice, full cube;;;;simple;;Production (kg/24h);41;Ice type;Full Cube;Storage;20;ice size (gr);48;Condensation;Air;Gas type;R 290;active;https://raw.githubusercontent.com/cooknation/itv/refs/heads/main/itv_video_SUPER_STAR_NG_45_A_DP.mp4;https://raw.githubusercontent.com/cooknation/itv/refs/heads/main/itv_image_SUPER_STAR_NG_45_A_DP.jpg;https://raw.githubusercontent.com/cooknation/itv/refs/heads/main/itv_image_2_SUPER_STAR_NG_45_A_DP.jpg;https://raw.githubusercontent.com/cooknation/itv/refs/heads/main/itv_image_3_SUPER_STAR_NG_45_A_DP.jpg;https://raw.githubusercontent.com/cooknation/itv/refs/heads/main/itv_datasheet_SUPER_STAR_NG_45_A_DP.pdf;https://raw.githubusercontent.com/cooknation/itv/refs/heads/main/itv_manual_SUPER_STAR_NG_45_A_DP.pdf;https://raw.githubusercontent.com/cooknation/itv/refs/heads/main/itv_technicalmanual_SUPER_STAR_NG_45_A_DP.pdf;https://raw.githubusercontent.com/cooknation/itv/refs/heads/main/itv_drawing_SUPER_STAR_NG_45_A_DP.pdf;https://raw.githubusercontent.com/cooknation/itv/refs/heads/main/itv_catalogue_SUPER_STAR_NG_45_A_DP.pdf;https://raw.githubusercontent.com/cooknation/itv/refs/heads/main/itv_photo_SUPER_STAR_NG_45_A_DP.jpg;https://raw.githubusercontent.com/cooknation/itv/refs/heads/main/itv_card_SUPER_STAR_NG_45_A_DP.pdf;https://raw.githubusercontent.com/cooknation/itv/refs/heads/main/itv_brandcatalogue.pdf;https://raw.githubusercontent.com/cooknation/itv/refs/heads/main/itv_price.pdf
CKNITVSUPER_STAR_NG_45_W;SUPER_STAR_NG_45_W;ITV;Ice maker;Ice maker, spray system, full cube 48 gr., water cooling, ;"THE BIGGEST ICE CUBE ON THE MARKET. The SUPER STAR range responds to the demand of large-sized cubes, especially in the Night Club market. With this objective, the SUPER STAR machines base their productivity on simple and agile maintenance (structure of four autonomous columns), anti-limescale system (elastic shower) and frontal ventilation. To accurately control the production, two separate thermostats help regulate both the production time and the amount of ice stored. A cleaning switch allows water to circulate without the need to connect the cold, which facilitates perfect system cleaning. The SUPER STAR model is low-counter, and does not lose productivity when it’s built-in. The door, made of stainless steel, has a dampening system patented by ITV. Standard equipment includes: ON/OFF switch; connection of water inlet; drainage; shovel to pick up the ice; Shuko cable connection; two mechanical filters. Ideal for the typical tube-glass drinks in massive environments, although not all glass widths support the use of this cube. It is not recommended for Premium drinks.";465;mm;595;mm;789;mm;46;Kg;2513;;EUR;;;cold>ice maker;ITV, icemaker, bar, cube, ice, full cube;;;;simple;;Production (kg/24h);37;Ice type;Full Cube;Storage;20;ice size (gr);48;Condensation;Water;Gas type;R 290;active;https://raw.githubusercontent.com/cooknation/itv/refs/heads/main/itv_video_SUPER_STAR_NG_45_W.mp4;https://raw.githubusercontent.com/cooknation/itv/refs/heads/main/itv_image_SUPER_STAR_NG_45_W.jpg;https://raw.githubusercontent.com/cooknation/itv/refs/heads/main/itv_image_2_SUPER_STAR_NG_45_W.jpg;https://raw.githubusercontent.com/cooknation/itv/refs/heads/main/itv_image_3_SUPER_STAR_NG_45_W.jpg;https://raw.githubusercontent.com/cooknation/itv/refs/heads/main/itv_datasheet_SUPER_STAR_NG_45_W.pdf;https://raw.githubusercontent.com/cooknation/itv/refs/heads/main/itv_manual_SUPER_STAR_NG_45_W.pdf;https://raw.githubusercontent.com/cooknation/itv/refs/heads/main/itv_technicalmanual_SUPER_STAR_NG_45_W.pdf;https://raw.githubusercontent.com/cooknation/itv/refs/heads/main/itv_drawing_SUPER_STAR_NG_45_W.pdf;https://raw.githubusercontent.com/cooknation/itv/refs/heads/main/itv_catalogue_SUPER_STAR_NG_45_W.pdf;https://raw.githubusercontent.com/cooknation/itv/refs/heads/main/itv_photo_SUPER_STAR_NG_45_W.jpg;https://raw.githubusercontent.com/cooknation/itv/refs/heads/main/itv_card_SUPER_STAR_NG_45_W.pdf;https://raw.githubusercontent.com/cooknation/itv/refs/heads/main/itv_brandcatalogue.pdf;https://raw.githubusercontent.com/cooknation/itv/refs/heads/main/itv_price.pdf
CKNITVSUPER_STAR_NG_60_A;SUPER_STAR_NG_60_A;ITV;Ice maker;Ice maker, spray system, full cube 48 gr.,air cooling ;"THE BIGGEST ICE CUBE ON THE MARKET. The SUPER STAR range responds to the demand of large-sized cubes, especially in the Night Club market. With this objective, the SUPER STAR machines base their productivity on simple and agile maintenance (structure of four autonomous columns), anti-limescale system (elastic shower) and frontal ventilation. To accurately control the production, two separate thermostats help regulate both the production time and the amount of ice stored. A cleaning switch allows water to circulate without the need to connect the cold, which facilitates perfect system cleaning. The SUPER STAR model is low-counter, and does not lose productivity when it’s built-in. The door, made of stainless steel, has a dampening system patented by ITV. Standard equipment includes: ON/OFF switch; connection of water inlet; drainage; shovel to pick up the ice; Shuko cable connection; two mechanical filters. Ideal for the typical tube-glass drinks in massive environments, although not all glass widths support the use of this cube. It is not recommended for Premium drinks.";535;mm;595;mm;789;mm;54;Kg;2783;;EUR;;;cold>ice maker;ITV, icemaker, bar, cube, ice, full cube;;;;simple;;Production (kg/24h);53;Ice type;Full Cube;Storage;25;ice size (gr);48;Condensation;Air;Gas type;R 290;active;https://raw.githubusercontent.com/cooknation/itv/refs/heads/main/itv_video_SUPER_STAR_NG_60_A.mp4;https://raw.githubusercontent.com/cooknation/itv/refs/heads/main/itv_image_SUPER_STAR_NG_60_A.jpg;https://raw.githubusercontent.com/cooknation/itv/refs/heads/main/itv_image_2_SUPER_STAR_NG_60_A.jpg;https://raw.githubusercontent.com/cooknation/itv/refs/heads/main/itv_image_3_SUPER_STAR_NG_60_A.jpg;https://raw.githubusercontent.com/cooknation/itv/refs/heads/main/itv_datasheet_SUPER_STAR_NG_60_A.pdf;https://raw.githubusercontent.com/cooknation/itv/refs/heads/main/itv_manual_SUPER_STAR_NG_60_A.pdf;https://raw.githubusercontent.com/cooknation/itv/refs/heads/main/itv_technicalmanual_SUPER_STAR_NG_60_A.pdf;https://raw.githubusercontent.com/cooknation/itv/refs/heads/main/itv_drawing_SUPER_STAR_NG_60_A.pdf;https://raw.githubusercontent.com/cooknation/itv/refs/heads/main/itv_catalogue_SUPER_STAR_NG_60_A.pdf;https://raw.githubusercontent.com/cooknation/itv/refs/heads/main/itv_photo_SUPER_STAR_NG_60_A.jpg;https://raw.githubusercontent.com/cooknation/itv/refs/heads/main/itv_card_SUPER_STAR_NG_60_A.pdf;https://raw.githubusercontent.com/cooknation/itv/refs/heads/main/itv_brandcatalogue.pdf;https://raw.githubusercontent.com/cooknation/itv/refs/heads/main/itv_price.pdf
CKNITVSUPER_STAR_NG_60_A_DP;SUPER_STAR_NG_60_A_DP;ITV;Ice maker;Ice maker, spray system, full cube 48 gr., air cooling, drainage pump;"THE BIGGEST ICE CUBE ON THE MARKET. The SUPER STAR range responds to the demand of large-sized cubes, especially in the Night Club market. With this objective, the SUPER STAR machines base their productivity on simple and agile maintenance (structure of four autonomous columns), anti-limescale system (elastic shower) and frontal ventilation. To accurately control the production, two separate thermostats help regulate both the production time and the amount of ice stored. A cleaning switch allows water to circulate without the need to connect the cold, which facilitates perfect system cleaning. The SUPER STAR model is low-counter, and does not lose productivity when it’s built-in. The door, made of stainless steel, has a dampening system patented by ITV. Standard equipment includes: ON/OFF switch; connection of water inlet; drainage; shovel to pick up the ice; Shuko cable connection; two mechanical filters. Ideal for the typical tube-glass drinks in massive environments, although not all glass widths support the use of this cube. It is not recommended for Premium drinks.";535;mm;595;mm;789;mm;54;Kg;2852;;EUR;;;cold>ice maker;ITV, icemaker, bar, cube, ice, full cube;;;;simple;;Production (kg/24h);53;Ice type;Full Cube;Storage;25;ice size (gr);48;Condensation;Air;Gas type;R 290;active;https://raw.githubusercontent.com/cooknation/itv/refs/heads/main/itv_video_SUPER_STAR_NG_60_A_DP.mp4;https://raw.githubusercontent.com/cooknation/itv/refs/heads/main/itv_image_SUPER_STAR_NG_60_A_DP.jpg;https://raw.githubusercontent.com/cooknation/itv/refs/heads/main/itv_image_2_SUPER_STAR_NG_60_A_DP.jpg;https://raw.githubusercontent.com/cooknation/itv/refs/heads/main/itv_image_3_SUPER_STAR_NG_60_A_DP.jpg;https://raw.githubusercontent.com/cooknation/itv/refs/heads/main/itv_datasheet_SUPER_STAR_NG_60_A_DP.pdf;https://raw.githubusercontent.com/cooknation/itv/refs/heads/main/itv_manual_SUPER_STAR_NG_60_A_DP.pdf;https://raw.githubusercontent.com/cooknation/itv/refs/heads/main/itv_technicalmanual_SUPER_STAR_NG_60_A_DP.pdf;https://raw.githubusercontent.com/cooknation/itv/refs/heads/main/itv_drawing_SUPER_STAR_NG_60_A_DP.pdf;https://raw.githubusercontent.com/cooknation/itv/refs/heads/main/itv_catalogue_SUPER_STAR_NG_60_A_DP.pdf;https://raw.githubusercontent.com/cooknation/itv/refs/heads/main/itv_photo_SUPER_STAR_NG_60_A_DP.jpg;https://raw.githubusercontent.com/cooknation/itv/refs/heads/main/itv_card_SUPER_STAR_NG_60_A_DP.pdf;https://raw.githubusercontent.com/cooknation/itv/refs/heads/main/itv_brandcatalogue.pdf;https://raw.githubusercontent.com/cooknation/itv/refs/heads/main/itv_price.pdf
CKNITVSUPER_STAR_NG_60_W;SUPER_STAR_NG_60_W;ITV;Ice maker;Ice maker, spray system, full cube 48 gr., water cooling, ;"THE BIGGEST ICE CUBE ON THE MARKET. The SUPER STAR range responds to the demand of large-sized cubes, especially in the Night Club market. With this objective, the SUPER STAR machines base their productivity on simple and agile maintenance (structure of four autonomous columns), anti-limescale system (elastic shower) and frontal ventilation. To accurately control the production, two separate thermostats help regulate both the production time and the amount of ice stored. A cleaning switch allows water to circulate without the need to connect the cold, which facilitates perfect system cleaning. The SUPER STAR model is low-counter, and does not lose productivity when it’s built-in. The door, made of stainless steel, has a dampening system patented by ITV. Standard equipment includes: ON/OFF switch; connection of water inlet; drainage; shovel to pick up the ice; Shuko cable connection; two mechanical filters. Ideal for the typical tube-glass drinks in massive environments, although not all glass widths support the use of this cube. It is not recommended for Premium drinks.";535;mm;595;mm;789;mm;54;Kg;2826;;EUR;;;cold>ice maker;ITV, icemaker, bar, cube, ice, full cube;;;;simple;;Production (kg/24h);51;Ice type;Full Cube;Storage;25;ice size (gr);48;Condensation;Water;Gas type;R 290;active;https://raw.githubusercontent.com/cooknation/itv/refs/heads/main/itv_video_SUPER_STAR_NG_60_W.mp4;https://raw.githubusercontent.com/cooknation/itv/refs/heads/main/itv_image_SUPER_STAR_NG_60_W.jpg;https://raw.githubusercontent.com/cooknation/itv/refs/heads/main/itv_image_2_SUPER_STAR_NG_60_W.jpg;https://raw.githubusercontent.com/cooknation/itv/refs/heads/main/itv_image_3_SUPER_STAR_NG_60_W.jpg;https://raw.githubusercontent.com/cooknation/itv/refs/heads/main/itv_datasheet_SUPER_STAR_NG_60_W.pdf;https://raw.githubusercontent.com/cooknation/itv/refs/heads/main/itv_manual_SUPER_STAR_NG_60_W.pdf;https://raw.githubusercontent.com/cooknation/itv/refs/heads/main/itv_technicalmanual_SUPER_STAR_NG_60_W.pdf;https://raw.githubusercontent.com/cooknation/itv/refs/heads/main/itv_drawing_SUPER_STAR_NG_60_W.pdf;https://raw.githubusercontent.com/cooknation/itv/refs/heads/main/itv_catalogue_SUPER_STAR_NG_60_W.pdf;https://raw.githubusercontent.com/cooknation/itv/refs/heads/main/itv_photo_SUPER_STAR_NG_60_W.jpg;https://raw.githubusercontent.com/cooknation/itv/refs/heads/main/itv_card_SUPER_STAR_NG_60_W.pdf;https://raw.githubusercontent.com/cooknation/itv/refs/heads/main/itv_brandcatalogue.pdf;https://raw.githubusercontent.com/cooknation/itv/refs/heads/main/itv_price.pdf
CKNITVSUPER_STAR_NG_80_A;SUPER_STAR_NG_80_A;ITV;Ice maker;Ice maker, spray system, full cube 48 gr., air cooling,;"THE BIGGEST ICE CUBE ON THE MARKET. The SUPER STAR range responds to the demand of large-sized cubes, especially in the Night Club market. With this objective, the SUPER STAR machines base their productivity on simple and agile maintenance (structure of four autonomous columns), anti-limescale system (elastic shower) and frontal ventilation. To accurately control the production, two separate thermostats help regulate both the production time and the amount of ice stored. A cleaning switch allows water to circulate without the need to connect the cold, which facilitates perfect system cleaning. The SUPER STAR model is low-counter, and does not lose productivity when it’s built-in. The door, made of stainless steel, has a dampening system patented by ITV. Standard equipment includes: ON/OFF switch; connection of water inlet; drainage; shovel to pick up the ice; Shuko cable connection; two mechanical filters. Ideal for the typical tube-glass drinks in massive environments, although not all glass widths support the use of this cube. It is not recommended for Premium drinks.";715;mm;595;mm;939;mm;69;Kg;3498;;EUR;;;cold>ice maker;ITV, icemaker, bar, cube, ice, full cube;;;;simple;;Production (kg/24h);75;Ice type;Full Cube;Storage;35;ice size (gr);48;Condensation;Air;Gas type;R 290;active;https://raw.githubusercontent.com/cooknation/itv/refs/heads/main/itv_video_SUPER_STAR_NG_80_A.mp4;https://raw.githubusercontent.com/cooknation/itv/refs/heads/main/itv_image_SUPER_STAR_NG_80_A.jpg;https://raw.githubusercontent.com/cooknation/itv/refs/heads/main/itv_image_2_SUPER_STAR_NG_80_A.jpg;https://raw.githubusercontent.com/cooknation/itv/refs/heads/main/itv_image_3_SUPER_STAR_NG_80_A.jpg;https://raw.githubusercontent.com/cooknation/itv/refs/heads/main/itv_datasheet_SUPER_STAR_NG_80_A.pdf;https://raw.githubusercontent.com/cooknation/itv/refs/heads/main/itv_manual_SUPER_STAR_NG_80_A.pdf;https://raw.githubusercontent.com/cooknation/itv/refs/heads/main/itv_technicalmanual_SUPER_STAR_NG_80_A.pdf;https://raw.githubusercontent.com/cooknation/itv/refs/heads/main/itv_drawing_SUPER_STAR_NG_80_A.pdf;https://raw.githubusercontent.com/cooknation/itv/refs/heads/main/itv_catalogue_SUPER_STAR_NG_80_A.pdf;https://raw.githubusercontent.com/cooknation/itv/refs/heads/main/itv_photo_SUPER_STAR_NG_80_A.jpg;https://raw.githubusercontent.com/cooknation/itv/refs/heads/main/itv_card_SUPER_STAR_NG_80_A.pdf;https://raw.githubusercontent.com/cooknation/itv/refs/heads/main/itv_brandcatalogue.pdf;https://raw.githubusercontent.com/cooknation/itv/refs/heads/main/itv_price.pdf
CKNITVSUPER_STAR_NG_80_A_DP;SUPER_STAR_NG_80_A_DP;ITV;Ice maker;Ice maker, spray system, full cube 48 gr., air cooling, drainage pump;"THE BIGGEST ICE CUBE ON THE MARKET. The SUPER STAR range responds to the demand of large-sized cubes, especially in the Night Club market. With this objective, the SUPER STAR machines base their productivity on simple and agile maintenance (structure of four autonomous columns), anti-limescale system (elastic shower) and frontal ventilation. To accurately control the production, two separate thermostats help regulate both the production time and the amount of ice stored. A cleaning switch allows water to circulate without the need to connect the cold, which facilitates perfect system cleaning. The SUPER STAR model is low-counter, and does not lose productivity when it’s built-in. The door, made of stainless steel, has a dampening system patented by ITV. Standard equipment includes: ON/OFF switch; connection of water inlet; drainage; shovel to pick up the ice; Shuko cable connection; two mechanical filters. Ideal for the typical tube-glass drinks in massive environments, although not all glass widths support the use of this cube. It is not recommended for Premium drinks.";715;mm;595;mm;939;mm;69;Kg;3606;;EUR;;;cold>ice maker;ITV, icemaker, bar, cube, ice, full cube;;;;simple;;Production (kg/24h);75;Ice type;Full Cube;Storage;35;ice size (gr);48;Condensation;Air;Gas type;R 290;active;https://raw.githubusercontent.com/cooknation/itv/refs/heads/main/itv_video_SUPER_STAR_NG_80_A_DP.mp4;https://raw.githubusercontent.com/cooknation/itv/refs/heads/main/itv_image_SUPER_STAR_NG_80_A_DP.jpg;https://raw.githubusercontent.com/cooknation/itv/refs/heads/main/itv_image_2_SUPER_STAR_NG_80_A_DP.jpg;https://raw.githubusercontent.com/cooknation/itv/refs/heads/main/itv_image_3_SUPER_STAR_NG_80_A_DP.jpg;https://raw.githubusercontent.com/cooknation/itv/refs/heads/main/itv_datasheet_SUPER_STAR_NG_80_A_DP.pdf;https://raw.githubusercontent.com/cooknation/itv/refs/heads/main/itv_manual_SUPER_STAR_NG_80_A_DP.pdf;https://raw.githubusercontent.com/cooknation/itv/refs/heads/main/itv_technicalmanual_SUPER_STAR_NG_80_A_DP.pdf;https://raw.githubusercontent.com/cooknation/itv/refs/heads/main/itv_drawing_SUPER_STAR_NG_80_A_DP.pdf;https://raw.githubusercontent.com/cooknation/itv/refs/heads/main/itv_catalogue_SUPER_STAR_NG_80_A_DP.pdf;https://raw.githubusercontent.com/cooknation/itv/refs/heads/main/itv_photo_SUPER_STAR_NG_80_A_DP.jpg;https://raw.githubusercontent.com/cooknation/itv/refs/heads/main/itv_card_SUPER_STAR_NG_80_A_DP.pdf;https://raw.githubusercontent.com/cooknation/itv/refs/heads/main/itv_brandcatalogue.pdf;https://raw.githubusercontent.com/cooknation/itv/refs/heads/main/itv_price.pdf
CKNITVSUPER_STAR_NG_80_W;SUPER_STAR_NG_80_W;ITV;Ice maker;Ice maker, spray system, full cube 48 gr., water cooling, ;"THE BIGGEST ICE CUBE ON THE MARKET. The SUPER STAR range responds to the demand of large-sized cubes, especially in the Night Club market. With this objective, the SUPER STAR machines base their productivity on simple and agile maintenance (structure of four autonomous columns), anti-limescale system (elastic shower) and frontal ventilation. To accurately control the production, two separate thermostats help regulate both the production time and the amount of ice stored. A cleaning switch allows water to circulate without the need to connect the cold, which facilitates perfect system cleaning. The SUPER STAR model is low-counter, and does not lose productivity when it’s built-in. The door, made of stainless steel, has a dampening system patented by ITV. Standard equipment includes: ON/OFF switch; connection of water inlet; drainage; shovel to pick up the ice; Shuko cable connection; two mechanical filters. Ideal for the typical tube-glass drinks in massive environments, although not all glass widths support the use of this cube. It is not recommended for Premium drinks.";715;mm;595;mm;939;mm;69;Kg;3557;;EUR;;;cold>ice maker;ITV, icemaker, bar, cube, ice, full cube;;;;simple;;Production (kg/24h);71;Ice type;Full Cube;Storage;35;ice size (gr);48;Condensation;Water;Gas type;R 290;active;https://raw.githubusercontent.com/cooknation/itv/refs/heads/main/itv_video_SUPER_STAR_NG_80_W.mp4;https://raw.githubusercontent.com/cooknation/itv/refs/heads/main/itv_image_SUPER_STAR_NG_80_W.jpg;https://raw.githubusercontent.com/cooknation/itv/refs/heads/main/itv_image_2_SUPER_STAR_NG_80_W.jpg;https://raw.githubusercontent.com/cooknation/itv/refs/heads/main/itv_image_3_SUPER_STAR_NG_80_W.jpg;https://raw.githubusercontent.com/cooknation/itv/refs/heads/main/itv_datasheet_SUPER_STAR_NG_80_W.pdf;https://raw.githubusercontent.com/cooknation/itv/refs/heads/main/itv_manual_SUPER_STAR_NG_80_W.pdf;https://raw.githubusercontent.com/cooknation/itv/refs/heads/main/itv_technicalmanual_SUPER_STAR_NG_80_W.pdf;https://raw.githubusercontent.com/cooknation/itv/refs/heads/main/itv_drawing_SUPER_STAR_NG_80_W.pdf;https://raw.githubusercontent.com/cooknation/itv/refs/heads/main/itv_catalogue_SUPER_STAR_NG_80_W.pdf;https://raw.githubusercontent.com/cooknation/itv/refs/heads/main/itv_photo_SUPER_STAR_NG_80_W.jpg;https://raw.githubusercontent.com/cooknation/itv/refs/heads/main/itv_card_SUPER_STAR_NG_80_W.pdf;https://raw.githubusercontent.com/cooknation/itv/refs/heads/main/itv_brandcatalogue.pdf;https://raw.githubusercontent.com/cooknation/itv/refs/heads/main/itv_price.pdf